tr|A0A7J6HPW6|A0A7J6HPW6_CANSA	P29704	24.1	203	1373	444	9.62e-08	50.1	13.0	45.0
tr|A0A7J6HPW6|A0A7J6HPW6_CANSA	A0A1D8PI71	24.8	222	1373	448	2.92e-07	48.5	14.6	49.6
tr|A0A7J6HPW6|A0A7J6HPW6_CANSA	P78589	24.8	222	1373	448	3.85e-07	48.1	14.6	49.6
tr|A0A7J6HPW6|A0A7J6HPW6_CANSA	Q54DR1	34.3	105	1373	416	1.45e-06	46.2	7.4	24.3
tr|A0A7J6HPW6|A0A7J6HPW6_CANSA	O74165	24.4	201	1373	443	2.63e-06	45.4	13.1	45.4
tr|A0A7J6HPW6|A0A7J6HPW6_CANSA	Q4WAG4	33.7	83	1373	471	2.73e-06	45.4	6.0	17.6
tr|A0A7J6HPW6|A0A7J6HPW6_CANSA	Q32KR6	25.1	207	1373	417	7.62e-06	43.9	13.5	47.7
tr|A0A7J6HPW6|A0A7J6HPW6_CANSA	Q752X9	23.4	214	1373	441	7.89e-06	43.9	13.1	45.8
tr|A0A7J6DS32|A0A7J6DS32_CANSA	A0A096P8D3	32.8	411	895	470	4.07e-47	169	43.9	83.8
tr|A0A7J6DS32|A0A7J6DS32_CANSA	B7G620	31.1	418	895	548	1.93e-44	163	44.0	73.5
tr|A0A7J6DS32|A0A7J6DS32_CANSA	P40495	30.5	128	895	371	1.60e-08	51.6	14.2	31.5
tr|A0A7J6DUT9|A0A7J6DUT9_CANSA	P37063	25.6	492	576	603	4.31e-32	125	83.3	77.9
tr|A0A7J6DUT9|A0A7J6DUT9_CANSA	Q54970	24.0	567	576	591	3.46e-27	110	95.7	90.2
tr|A0A7J6E3R3|A0A7J6E3R3_CANSA	Q94IN5	29.5	614	710	1803	2.34e-58	209	85.5	30.8
tr|A0A7J6E3R3|A0A7J6E3R3_CANSA	Q968X7	24.8	666	710	1934	2.47e-50	184	85.9	33.6
tr|A0A7J6E7V0|A0A7J6E7V0_CANSA	Q5PPL3	28.3	233	345	362	1.02e-14	68.6	65.5	58.3
tr|A0A7J6E7V0|A0A7J6E7V0_CANSA	Q3ZBE9	28.8	233	345	356	7.80e-14	65.9	65.5	59.3
tr|A0A7J6E7V0|A0A7J6E7V0_CANSA	Q9R1J0	28.3	233	345	362	1.44e-13	65.1	65.5	58.3
tr|A0A7J6E7V0|A0A7J6E7V0_CANSA	Q15738	28.8	233	345	373	2.02e-13	64.7	65.5	56.6
tr|A0A7J6ENW9|A0A7J6ENW9_CANSA	Q94IN5	25.9	607	670	1803	1.11e-47	176	87.9	30.8
tr|A0A7J6ENW9|A0A7J6ENW9_CANSA	Q968X7	25.7	658	670	1934	6.73e-46	170	88.1	33.5
tr|A0A7J6ET36|A0A7J6ET36_CANSA	P37063	27.0	555	666	603	4.13e-46	167	80.9	87.6
tr|A0A7J6ET36|A0A7J6ET36_CANSA	Q54970	26.9	540	666	591	4.18e-45	164	78.5	86.0
tr|A0A7J6EZP0|A0A7J6EZP0_CANSA	Q94IN5	29.1	172	666	1803	5.26e-09	53.5	25.8	9.2
tr|A0A7J6F325|A0A7J6F325_CANSA	Q3ZBE9	33.1	124	333	356	7.78e-11	56.6	34.8	31.7
tr|A0A7J6F325|A0A7J6F325_CANSA	Q15738	31.9	119	333	373	1.46e-10	55.8	33.3	29.5
tr|A0A7J6F325|A0A7J6F325_CANSA	Q5PPL3	32.8	125	333	362	1.07e-09	53.1	34.8	31.2
tr|A0A7J6F325|A0A7J6F325_CANSA	Q9R1J0	31.2	125	333	362	1.07e-09	53.1	34.8	31.2
tr|A0A7J6FRQ4|A0A7J6FRQ4_CANSA	P29704	24.1	203	1185	444	8.11e-08	50.1	15.1	45.0
tr|A0A7J6FRQ4|A0A7J6FRQ4_CANSA	A0A1D8PI71	24.8	222	1185	448	1.87e-07	48.9	16.9	49.6
tr|A0A7J6FRQ4|A0A7J6FRQ4_CANSA	P78589	24.8	222	1185	448	2.46e-07	48.5	16.9	49.6
tr|A0A7J6FRQ4|A0A7J6FRQ4_CANSA	Q54DR1	35.2	105	1185	416	7.05e-07	47.0	8.6	24.3
tr|A0A7J6FRQ4|A0A7J6FRQ4_CANSA	Q4WAG4	33.7	83	1185	471	1.75e-06	45.8	7.0	17.6
tr|A0A7J6FRQ4|A0A7J6FRQ4_CANSA	O74165	24.4	201	1185	443	2.22e-06	45.4	15.2	45.4
tr|A0A7J6FRQ4|A0A7J6FRQ4_CANSA	Q32KR6	25.1	207	1185	417	6.44e-06	43.9	15.7	47.7
tr|A0A7J6FRQ4|A0A7J6FRQ4_CANSA	Q752X9	23.4	214	1185	441	6.67e-06	43.9	15.2	45.8
tr|A0A7J6G496|A0A7J6G496_CANSA	P37063	27.1	549	666	603	1.04e-45	166	80.9	87.6
tr|A0A7J6G496|A0A7J6G496_CANSA	Q54970	26.9	540	666	591	5.68e-45	164	78.5	86.0
tr|A0A7J6GBB2|A0A7J6GBB2_CANSA	P21795	35.0	366	1290	394	5.68e-58	200	27.0	92.1
tr|A0A7J6GM49|A0A7J6GM49_CANSA	Q94IN5	29.4	613	706	1803	1.72e-57	206	85.4	30.8
tr|A0A7J6GM49|A0A7J6GM49_CANSA	Q968X7	24.9	667	706	1934	7.49e-50	183	85.8	33.6
tr|A0A7J6GSX7|A0A7J6GSX7_CANSA	Q3ZBE9	32.7	113	844	356	3.10e-07	47.4	12.7	29.2
tr|A0A7J6GSX7|A0A7J6GSX7_CANSA	Q9R1J0	31.0	116	844	362	2.95e-06	44.3	13.0	29.6
tr|A0A7J6GSX7|A0A7J6GSX7_CANSA	Q15738	28.8	111	844	373	3.02e-06	44.3	12.7	27.9
tr|A0A7J6GSX7|A0A7J6GSX7_CANSA	Q5PPL3	28.9	114	844	362	8.99e-06	42.7	13.0	29.6
tr|A0A7J6HAL3|A0A7J6HAL3_CANSA	Q15738	27.6	134	473	373	2.05e-08	50.1	26.6	33.5
tr|A0A7J6HAL3|A0A7J6HAL3_CANSA	Q3ZBE9	30.3	119	473	356	4.57e-08	48.9	23.5	30.9
tr|A0A7J6HAL3|A0A7J6HAL3_CANSA	Q5PPL3	30.3	119	473	362	6.16e-08	48.5	23.5	30.4
tr|A0A7J6HAL3|A0A7J6HAL3_CANSA	Q9R1J0	28.3	120	473	362	1.91e-07	47.0	23.5	30.4
tr|A0A7J6HBM8|A0A7J6HBM8_CANSA	F7J186	30.1	123	425	470	2.05e-08	50.1	28.7	25.5
tr|A0A7J6HEB7|A0A7J6HEB7_CANSA	Q3ZBE9	28.0	243	962	356	4.55e-12	62.8	23.8	61.5
tr|A0A7J6HEB7|A0A7J6HEB7_CANSA	Q5PPL3	27.4	241	962	362	4.56e-11	59.7	23.8	60.5
tr|A0A7J6HEB7|A0A7J6HEB7_CANSA	Q15738	27.6	228	962	373	1.12e-10	58.5	22.2	55.8
tr|A0A7J6HEB7|A0A7J6HEB7_CANSA	Q9R1J0	26.1	241	962	362	1.42e-10	58.2	23.8	60.5
tr|A0A7J6HNR7|A0A7J6HNR7_CANSA	A0A096P8D3	32.8	411	958	470	4.97e-47	169	41.0	83.8
tr|A0A7J6HNR7|A0A7J6HNR7_CANSA	B7G620	31.1	418	958	548	2.32e-44	163	41.1	73.5
tr|A0A7J6HNR7|A0A7J6HNR7_CANSA	P40495	30.5	128	958	371	1.74e-08	51.6	13.3	31.5
tr|A0A7J6HVX1|A0A7J6HVX1_CANSA	P21795	35.9	359	1364	394	9.82e-59	202	25.0	90.4
tr|A0A7J6DJ62|A0A7J6DJ62_CANSA	Q9DBE0	31.0	239	542	493	1.11e-31	122	43.9	48.1
tr|A0A7J6DJ62|A0A7J6DJ62_CANSA	Q64611	30.5	239	542	493	2.03e-31	121	43.9	48.1
tr|A0A7J6DJ62|A0A7J6DJ62_CANSA	Q9Y600	31.0	239	542	493	2.03e-31	121	43.9	48.1
tr|A0A7J6DJ62|A0A7J6DJ62_CANSA	A6QM00	27.2	246	542	521	9.39e-30	117	45.2	46.8
tr|A0A7J6DJ62|A0A7J6DJ62_CANSA	O58679	25.6	195	542	383	3.60e-09	52.8	35.1	44.4
tr|A0A7J6DM53|A0A7J6DM53_CANSA	O58679	26.7	344	497	383	2.56e-28	110	65.0	85.1
tr|A0A7J6DMT4|A0A7J6DMT4_CANSA	D4N502	29.0	314	340	360	1.30e-26	102	88.5	80.3
tr|A0A7J6DNJ7|A0A7J6DNJ7_CANSA	O58679	24.6	415	503	383	1.08e-28	111	81.5	99.2
tr|A0A7J6DNM1|A0A7J6DNM1_CANSA	P25358	34.3	233	280	347	1.43e-23	92.8	78.2	64.0
tr|A0A7J6DNM1|A0A7J6DNM1_CANSA	P40319	32.3	223	280	345	8.74e-22	87.8	73.6	63.2
tr|A0A7J6DNM1|A0A7J6DNM1_CANSA	Q9UTF7	38.9	157	280	327	3.22e-20	83.2	51.8	46.8
tr|A0A7J6DNM1|A0A7J6DNM1_CANSA	Q9HB03	31.5	178	280	270	7.53e-16	70.1	61.8	63.7
tr|A0A7J6DNM1|A0A7J6DNM1_CANSA	Q6PC64	30.8	185	280	266	1.83e-15	68.9	63.9	67.3
tr|A0A7J6DNM1|A0A7J6DNM1_CANSA	Q920L5	31.6	196	280	267	6.42e-15	67.4	63.9	68.2
tr|A0A7J6DNM1|A0A7J6DNM1_CANSA	Q920L6	31.6	196	280	267	8.75e-15	67.0	63.9	68.2
tr|A0A7J6DNM1|A0A7J6DNM1_CANSA	Q9H5J4	34.9	166	280	265	1.17e-14	66.6	56.4	60.8
tr|A0A7J6DNM1|A0A7J6DNM1_CANSA	Q5ZJR8	33.1	160	280	265	2.17e-14	65.9	55.7	58.5
tr|A0A7J6DNM1|A0A7J6DNM1_CANSA	D4ADY9	33.0	112	280	281	6.31e-14	64.7	37.5	39.1
tr|A0A7J6DNM1|A0A7J6DNM1_CANSA	Q9D2Y9	33.0	112	280	281	8.56e-14	64.3	37.5	39.1
tr|A0A7J6DNM1|A0A7J6DNM1_CANSA	A0JNC4	36.0	100	280	281	1.58e-13	63.5	33.2	34.9
tr|A0A7J6DNM1|A0A7J6DNM1_CANSA	A1L3X0	29.2	154	280	281	2.90e-13	62.8	51.8	52.7
tr|A0A7J6DNM1|A0A7J6DNM1_CANSA	Q9BW60	32.3	158	280	279	9.61e-13	61.2	52.5	53.8
tr|A0A7J6DNM1|A0A7J6DNM1_CANSA	Q9JLJ5	32.9	158	280	279	9.61e-13	61.2	52.5	53.8
tr|A0A7J6DNM1|A0A7J6DNM1_CANSA	O35949	30.8	143	280	271	1.66e-12	60.5	50.4	51.3
tr|A0A7J6DNT7|A0A7J6DNT7_CANSA	Q94IN5	27.1	652	662	1803	3.14e-54	195	97.3	30.7
tr|A0A7J6DNT7|A0A7J6DNT7_CANSA	Q968X7	24.9	707	662	1934	5.69e-48	176	97.4	33.4
tr|A0A7J6DPH0|A0A7J6DPH0_CANSA	P25553	32.0	487	498	479	1.72e-73	235	96.0	99.2
tr|A0A7J6DPH0|A0A7J6DPH0_CANSA	O86447	27.1	435	498	481	1.35e-37	138	84.7	89.4
tr|A0A7J6DPH0|A0A7J6DPH0_CANSA	Q9I6C8	27.8	334	498	476	4.77e-29	114	65.9	67.4
tr|A0A7J6DPH0|A0A7J6DPH0_CANSA	Q9A777	28.0	339	498	485	6.98e-29	113	66.5	68.0
tr|A0A7J6DPZ2|A0A7J6DPZ2_CANSA	D4N502	31.1	286	355	360	3.29e-39	137	71.3	79.4
tr|A0A7J6DQD1|A0A7J6DQD1_CANSA	D4N502	34.8	270	384	360	1.26e-48	163	69.5	74.2
tr|A0A7J6DQR9|A0A7J6DQR9_CANSA	P25553	34.4	471	1475	479	2.03e-87	288	31.8	97.5
tr|A0A7J6DQR9|A0A7J6DQR9_CANSA	O86447	30.1	355	1475	481	3.55e-41	153	23.7	72.6
tr|A0A7J6DQR9|A0A7J6DQR9_CANSA	Q9A777	32.0	350	1475	485	3.81e-41	153	23.0	69.9
tr|A0A7J6DQR9|A0A7J6DQR9_CANSA	Q9I6C8	30.9	353	1475	476	1.56e-39	148	23.3	71.0
tr|A0A7J6DR84|A0A7J6DR84_CANSA	P12013	50.2	470	495	468	3.82e-158	452	94.9	98.7
tr|A0A7J6DR84|A0A7J6DR84_CANSA	G5EBD7	31.9	332	495	332	1.03e-44	154	62.4	97.3
tr|A0A7J6DR84|A0A7J6DR84_CANSA	D4GST8	32.9	295	495	299	2.03e-35	128	59.4	91.6
tr|A0A7J6DSA7|A0A7J6DSA7_CANSA	A0A2I9	32.1	159	429	359	2.49e-19	83.2	36.4	43.7
tr|A0A7J6DT29|A0A7J6DT29_CANSA	P25553	29.5	220	243	479	5.31e-25	97.1	90.5	44.5
tr|A0A7J6DT29|A0A7J6DT29_CANSA	Q9A777	26.2	141	243	485	1.08e-06	43.1	57.2	28.9
tr|A0A7J6DVL8|A0A7J6DVL8_CANSA	P29704	27.9	208	755	444	5.43e-10	56.2	24.2	45.9
tr|A0A7J6DVL8|A0A7J6DVL8_CANSA	O74165	27.6	221	755	443	1.85e-07	48.1	25.6	49.2
tr|A0A7J6DVL8|A0A7J6DVL8_CANSA	P37268	23.0	256	755	417	1.24e-06	45.4	31.7	60.4
tr|A0A7J6DVL8|A0A7J6DVL8_CANSA	Q5R6U3	23.0	256	755	417	1.24e-06	45.4	31.7	60.4
tr|A0A7J6DVL8|A0A7J6DVL8_CANSA	Q54DR1	29.8	168	755	416	2.84e-06	44.3	22.3	39.2
tr|A0A7J6DVL8|A0A7J6DVL8_CANSA	Q4WAG4	30.8	104	755	471	3.06e-06	44.3	13.4	21.4
tr|A0A7J6DVL8|A0A7J6DVL8_CANSA	Q32KR6	24.3	218	755	417	6.54e-06	43.1	26.6	51.8
tr|A0A7J6DVL8|A0A7J6DVL8_CANSA	Q02769	30.2	96	755	416	8.62e-06	42.7	12.7	23.1
tr|A0A7J6DXV7|A0A7J6DXV7_CANSA	Q70FC9	22.6	629	551	605	5.01e-12	62.4	94.2	96.0
tr|A0A7J6DXV7|A0A7J6DXV7_CANSA	A0A1R3RM75	23.4	594	551	605	2.65e-11	60.1	88.9	91.1
tr|A0A7J6DXV7|A0A7J6DXV7_CANSA	P13006	24.6	557	551	605	4.62e-11	59.3	84.8	86.9
tr|A0A7J6DXV7|A0A7J6DXV7_CANSA	P81156	22.2	609	551	605	1.06e-10	58.2	93.3	94.9
tr|A0A7J6DXV7|A0A7J6DXV7_CANSA	K9L4P7	22.0	604	551	604	3.22e-10	56.6	93.1	94.7
tr|A0A7J6DXV7|A0A7J6DXV7_CANSA	Q92452	22.1	610	551	605	7.40e-10	55.5	93.3	94.9
tr|A0A7J6DXV7|A0A7J6DXV7_CANSA	A0A0A2K2F6	22.4	595	551	604	5.13e-09	52.8	89.8	92.7
tr|A0A7J6DXV7|A0A7J6DXV7_CANSA	A0A0A2JC26	28.4	141	551	614	2.48e-07	47.4	23.2	20.4
tr|A0A7J6DY14|A0A7J6DY14_CANSA	A0A096P8D3	32.0	437	489	470	1.52e-43	154	85.9	86.8
tr|A0A7J6DY14|A0A7J6DY14_CANSA	B7G620	29.9	418	489	548	2.36e-42	152	80.4	72.8
tr|A0A7J6DY14|A0A7J6DY14_CANSA	P40495	26.3	262	489	371	1.11e-06	44.7	50.7	64.7
tr|A0A7J6DYX7|A0A7J6DYX7_CANSA	Q945K7	84.9	372	371	374	1.96e-230	627	100	99.5
tr|A0A7J6DYX7|A0A7J6DYX7_CANSA	Q8LG77	79.3	372	371	374	1.92e-214	586	100	99.5
tr|A0A7J6DYX7|A0A7J6DYX7_CANSA	Q9VWH4	61.2	343	371	377	2.91e-148	419	92.5	90.2
tr|A0A7J6DYX7|A0A7J6DYX7_CANSA	Q55BI2	61.4	329	371	354	6.14e-147	414	88.7	91.2
tr|A0A7J6DYX7|A0A7J6DYX7_CANSA	P41563	59.1	330	371	366	6.24e-140	397	88.9	90.2
tr|A0A7J6DYX7|A0A7J6DYX7_CANSA	Q9D6R2	59.1	330	371	366	6.24e-140	397	88.9	90.2
tr|A0A7J6DYX7|A0A7J6DYX7_CANSA	P50213	59.1	330	371	366	1.78e-139	396	88.9	90.2
tr|A0A7J6DYX7|A0A7J6DYX7_CANSA	Q5R678	59.1	330	371	366	1.78e-139	396	88.9	90.2
tr|A0A7J6DYX7|A0A7J6DYX7_CANSA	P56471	58.8	330	371	366	5.07e-139	395	88.9	90.2
tr|A0A7J6DYX7|A0A7J6DYX7_CANSA	Q99NA5	59.1	330	371	366	1.45e-138	394	88.9	90.2
tr|A0A7J6DYX7|A0A7J6DYX7_CANSA	Q93714	57.8	327	371	358	1.94e-134	383	87.9	90.8
tr|A0A7J6DYX7|A0A7J6DYX7_CANSA	Q9USP8	58.0	333	371	379	3.68e-132	378	88.9	87.3
tr|A0A7J6DYX7|A0A7J6DYX7_CANSA	P28241	55.5	337	371	369	3.91e-119	344	88.9	90.0
tr|A0A7J6DYX7|A0A7J6DYX7_CANSA	Q54B68	52.7	332	371	360	9.46e-118	340	88.9	90.3
tr|A0A7J6DYX7|A0A7J6DYX7_CANSA	O94230	53.7	337	371	368	4.96e-117	339	88.9	90.2
tr|A0A7J6DYX7|A0A7J6DYX7_CANSA	O13302	50.9	332	371	388	1.49e-110	323	88.9	85.6
tr|A0A7J6DYX7|A0A7J6DYX7_CANSA	P28834	49.7	332	371	360	1.22e-102	302	88.9	91.1
tr|A0A7J6DYX7|A0A7J6DYX7_CANSA	O13696	49.7	332	371	356	1.72e-101	299	88.9	93.3
tr|A0A7J6DYX7|A0A7J6DYX7_CANSA	O94229	48.9	333	371	361	2.02e-101	299	88.9	90.9
tr|A0A7J6DYX7|A0A7J6DYX7_CANSA	Q93353	44.1	333	371	379	1.54e-91	274	88.1	87.3
tr|A0A7J6DYX7|A0A7J6DYX7_CANSA	Q58130	39.0	333	371	333	1.37e-71	221	88.7	98.2
tr|A0A7J6DYX7|A0A7J6DYX7_CANSA	Q5SIJ1	39.9	331	371	334	7.87e-71	219	88.7	97.9
tr|A0A7J6DYX7|A0A7J6DYX7_CANSA	Q72IW9	39.9	331	371	334	7.87e-71	219	88.7	97.9
tr|A0A7J6DYX7|A0A7J6DYX7_CANSA	Q58991	38.8	343	371	347	2.28e-63	201	88.7	97.1
tr|A0A7J6DYX7|A0A7J6DYX7_CANSA	P40495	36.5	351	371	371	3.08e-63	201	89.2	93.8
tr|A0A7J6DYX7|A0A7J6DYX7_CANSA	O14104	36.5	364	371	362	2.65e-62	198	90.6	99.2
tr|A0A7J6DYX7|A0A7J6DYX7_CANSA	O59394	35.8	330	371	345	1.46e-51	170	88.7	91.6
tr|A0A7J6DYX7|A0A7J6DYX7_CANSA	O34296	30.7	348	371	358	1.70e-48	162	88.7	96.9
tr|A0A7J6DYX7|A0A7J6DYX7_CANSA	O34295	30.7	348	371	358	2.38e-48	162	88.7	96.9
tr|A0A7J6DYX7|A0A7J6DYX7_CANSA	Q44471	30.7	348	371	364	3.83e-48	161	88.7	95.3
tr|A0A7J6DYX7|A0A7J6DYX7_CANSA	P70792	30.2	348	371	358	3.51e-47	159	88.7	96.9
tr|A0A7J6DYX7|A0A7J6DYX7_CANSA	P70787	30.2	348	371	364	5.63e-47	158	88.7	95.3
tr|A0A7J6DYX7|A0A7J6DYX7_CANSA	P42958	31.6	348	371	354	4.91e-45	153	88.7	97.2
tr|A0A7J6DYX7|A0A7J6DYX7_CANSA	P76251	37.1	264	371	361	6.33e-42	145	66.8	72.9
tr|A0A7J6DYX7|A0A7J6DYX7_CANSA	Q51945	37.1	272	371	365	7.15e-40	139	67.7	73.2
tr|A0A7J6DZA0|A0A7J6DZA0_CANSA	Q5PPL3	41.5	354	571	362	1.46e-80	252	61.8	92.0
tr|A0A7J6DZA0|A0A7J6DZA0_CANSA	Q9R1J0	41.2	354	571	362	8.00e-80	250	61.8	92.0
tr|A0A7J6DZA0|A0A7J6DZA0_CANSA	Q15738	39.9	356	571	373	8.52e-79	248	62.2	89.8
tr|A0A7J6DZA0|A0A7J6DZA0_CANSA	Q3ZBE9	40.3	352	571	356	8.45e-77	242	61.5	93.0
tr|A0A7J6DZG5|A0A7J6DZG5_CANSA	D4N502	33.1	290	387	360	1.65e-43	149	73.4	77.5
tr|A0A7J6E1L7|A0A7J6E1L7_CANSA	P12013	50.2	470	536	468	2.26e-157	452	87.7	98.7
tr|A0A7J6E1L7|A0A7J6E1L7_CANSA	G5EBD7	31.9	332	536	332	2.01e-44	154	57.6	97.3
tr|A0A7J6E1L7|A0A7J6E1L7_CANSA	D4GST8	32.9	295	536	299	3.24e-35	128	54.9	91.6
tr|A0A7J6E1P5|A0A7J6E1P5_CANSA	Q9R1J0	26.7	251	356	362	2.88e-12	61.2	68.3	60.8
tr|A0A7J6E1P5|A0A7J6E1P5_CANSA	Q5PPL3	27.8	252	356	362	5.14e-12	60.5	68.3	60.8
tr|A0A7J6E1P5|A0A7J6E1P5_CANSA	Q15738	25.4	307	356	373	2.26e-11	58.5	84.6	68.4
tr|A0A7J6E1P5|A0A7J6E1P5_CANSA	Q3ZBE9	24.9	249	356	356	9.06e-11	56.6	68.3	61.8
tr|A0A7J6E1W5|A0A7J6E1W5_CANSA	P25553	30.3	458	510	479	1.23e-56	191	88.0	93.7
tr|A0A7J6E1W5|A0A7J6E1W5_CANSA	Q9A777	26.3	429	510	485	2.59e-28	112	81.2	87.0
tr|A0A7J6E1W5|A0A7J6E1W5_CANSA	Q9I6C8	29.5	319	510	476	5.13e-26	105	60.8	65.3
tr|A0A7J6E1W5|A0A7J6E1W5_CANSA	O86447	26.5	434	510	481	1.94e-22	94.4	81.6	87.1
tr|A0A7J6E325|A0A7J6E325_CANSA	Q70FC9	24.0	558	500	605	1.65e-15	73.2	93.2	87.6
tr|A0A7J6E325|A0A7J6E325_CANSA	K9L4P7	22.8	557	500	604	5.06e-15	71.6	93.2	87.6
tr|A0A7J6E325|A0A7J6E325_CANSA	P81156	23.6	550	500	605	2.73e-14	69.3	93.2	87.6
tr|A0A7J6E325|A0A7J6E325_CANSA	Q92452	22.7	560	500	605	4.77e-14	68.6	93.2	87.6
tr|A0A7J6E325|A0A7J6E325_CANSA	A0A0A2K2F6	23.8	564	500	604	2.94e-11	59.7	93.2	87.9
tr|A0A7J6E325|A0A7J6E325_CANSA	A0A1R3RM75	22.4	577	500	605	4.76e-10	55.8	93.0	87.6
tr|A0A7J6E410|A0A7J6E410_CANSA	F7J186	23.8	239	564	470	1.83e-12	63.5	38.7	44.9
tr|A0A7J6E410|A0A7J6E410_CANSA	F7J188	24.0	192	564	469	4.22e-12	62.4	33.2	38.4
tr|A0A7J6E410|A0A7J6E410_CANSA	Q1JUZ2	27.2	180	564	453	6.31e-10	55.5	30.1	34.7
tr|A0A7J6E4X8|A0A7J6E4X8_CANSA	I1SB12	21.2	217	356	495	4.67e-08	48.5	57.6	38.6
tr|A0A7J6E585|A0A7J6E585_CANSA	Q1JUZ2	28.0	164	567	453	2.19e-18	82.0	27.7	35.8
tr|A0A7J6E585|A0A7J6E585_CANSA	F7J186	30.8	107	567	470	8.38e-14	67.8	18.3	22.8
tr|A0A7J6E5Z5|A0A7J6E5Z5_CANSA	A0A2I9	32.1	159	429	359	2.49e-19	83.2	36.4	43.7
tr|A0A7J6E646|A0A7J6E646_CANSA	P69935	31.5	184	319	248	8.46e-18	75.9	57.1	72.2
tr|A0A7J6E646|A0A7J6E646_CANSA	P69936	31.5	184	319	248	8.46e-18	75.9	57.1	72.2
tr|A0A7J6E646|A0A7J6E646_CANSA	Q8U8I2	27.4	190	319	249	2.34e-15	68.9	58.3	73.1
tr|A0A7J6E646|A0A7J6E646_CANSA	Q9KWN1	25.7	187	319	249	8.02e-15	67.4	58.3	73.1
tr|A0A7J6E6E4|A0A7J6E6E4_CANSA	O58679	24.3	419	496	383	1.87e-28	110	82.5	99.0
tr|A0A7J6E7R6|A0A7J6E7R6_CANSA	P69935	29.2	202	531	248	2.41e-16	73.2	37.7	71.8
tr|A0A7J6E7R6|A0A7J6E7R6_CANSA	P69936	29.2	202	531	248	2.41e-16	73.2	37.7	71.8
tr|A0A7J6E7R6|A0A7J6E7R6_CANSA	Q8U8I2	28.9	211	531	249	1.21e-14	68.2	38.8	73.5
tr|A0A7J6E7R6|A0A7J6E7R6_CANSA	Q9KWN1	27.0	211	531	249	3.50e-12	60.8	38.8	73.5
tr|A0A7J6E8A8|A0A7J6E8A8_CANSA	I1SB12	29.3	75	547	495	1.68e-07	47.8	13.7	15.2
tr|A0A7J6E938|A0A7J6E938_CANSA	Q70FC9	26.0	557	525	605	1.05e-22	95.9	89.1	87.9
tr|A0A7J6E938|A0A7J6E938_CANSA	P81156	25.9	560	525	605	5.67e-21	90.5	89.1	87.9
tr|A0A7J6E938|A0A7J6E938_CANSA	Q92452	25.7	560	525	605	4.13e-20	87.8	89.1	87.9
tr|A0A7J6E938|A0A7J6E938_CANSA	K9L4P7	25.3	558	525	604	2.99e-19	85.1	89.1	87.9
tr|A0A7J6E938|A0A7J6E938_CANSA	A0A0A2K2F6	23.8	558	525	604	1.73e-14	70.1	88.8	87.9
tr|A0A7J6E938|A0A7J6E938_CANSA	A0A1R3RM75	23.6	551	525	605	3.22e-11	59.7	88.6	87.6
tr|A0A7J6ED80|A0A7J6ED80_CANSA	Q64611	30.2	242	543	493	2.76e-31	121	44.4	48.7
tr|A0A7J6ED80|A0A7J6ED80_CANSA	Q9Y600	30.6	242	543	493	3.74e-31	120	44.4	48.7
tr|A0A7J6ED80|A0A7J6ED80_CANSA	Q9DBE0	30.2	242	543	493	1.68e-30	119	44.4	48.7
tr|A0A7J6ED80|A0A7J6ED80_CANSA	A6QM00	27.3	249	543	521	5.23e-30	117	45.7	47.4
tr|A0A7J6ED80|A0A7J6ED80_CANSA	O58679	25.6	195	543	383	6.35e-09	52.0	35.0	44.4
tr|A0A7J6EDB9|A0A7J6EDB9_CANSA	I1SB12	29.3	75	544	495	3.84e-07	46.6	13.8	15.2
tr|A0A7J6EG98|A0A7J6EG98_CANSA	G3Y419	30.6	235	586	1779	1.96e-24	102	38.9	12.4
tr|A0A7J6EG98|A0A7J6EG98_CANSA	A0A2P1DP91	30.6	235	586	1783	7.97e-24	100	38.9	12.3
tr|A0A7J6EG98|A0A7J6EG98_CANSA	Q0CJ59	26.2	404	586	1803	1.31e-22	97.1	66.4	20.1
tr|A0A7J6EG98|A0A7J6EG98_CANSA	A0A075TRC0	25.6	406	586	1776	1.72e-22	96.7	65.2	21.5
tr|A0A7J6EG98|A0A7J6EG98_CANSA	G1XU04	27.9	269	586	1761	3.67e-21	92.4	43.9	14.4
tr|A0A7J6EG98|A0A7J6EG98_CANSA	P22367	25.1	359	586	1774	1.95e-20	90.1	60.2	18.0
tr|A0A7J6EG98|A0A7J6EG98_CANSA	A0A1L9WN37	27.0	289	586	1749	3.38e-20	89.4	47.1	15.6
tr|A0A7J6EG98|A0A7J6EG98_CANSA	A1CFL8	25.8	291	586	1720	1.02e-19	87.8	46.9	15.8
tr|A0A7J6EG98|A0A7J6EG98_CANSA	A0A3G9K3K9	22.6	239	586	1678	3.27e-09	53.9	39.9	13.3
tr|A0A7J6EGF6|A0A7J6EGF6_CANSA	F7J186	21.4	373	535	470	1.70e-08	50.8	63.7	67.4
tr|A0A7J6EGF6|A0A7J6EGF6_CANSA	F7J188	25.3	178	535	469	1.58e-07	47.8	32.3	35.6
tr|A0A7J6EK26|A0A7J6EK26_CANSA	P25553	34.6	471	506	479	1.91e-95	292	92.7	97.5
tr|A0A7J6EK26|A0A7J6EK26_CANSA	O86447	28.7	422	506	481	3.38e-43	154	80.4	85.0
tr|A0A7J6EK26|A0A7J6EK26_CANSA	Q9I6C8	30.4	349	506	476	1.12e-42	152	67.6	70.8
tr|A0A7J6EK26|A0A7J6EK26_CANSA	Q9A777	31.5	346	506	485	8.79e-42	150	66.2	69.1
tr|A0A7J6EK34|A0A7J6EK34_CANSA	P25553	34.9	459	1611	479	9.46e-87	286	28.2	94.4
tr|A0A7J6EK34|A0A7J6EK34_CANSA	O86447	30.3	346	1611	481	1.11e-42	158	20.9	69.9
tr|A0A7J6EK34|A0A7J6EK34_CANSA	Q9A777	31.1	350	1611	485	2.05e-39	148	21.0	69.9
tr|A0A7J6EK34|A0A7J6EK34_CANSA	Q9I6C8	32.1	336	1611	476	7.78e-39	146	20.3	67.4
tr|A0A7J6EMK3|A0A7J6EMK3_CANSA	Q968X7	28.4	204	353	1934	1.56e-08	50.4	49.6	10.3
tr|A0A7J6EMQ7|A0A7J6EMQ7_CANSA	Q70FC9	22.8	571	573	605	2.84e-11	60.1	86.2	90.7
tr|A0A7J6EMQ7|A0A7J6EMQ7_CANSA	P81156	23.2	578	573	605	1.97e-10	57.4	86.2	90.7
tr|A0A7J6EMQ7|A0A7J6EMQ7_CANSA	Q92452	23.0	578	573	605	2.38e-09	53.9	86.2	90.7
tr|A0A7J6EMQ7|A0A7J6EMQ7_CANSA	K9L4P7	22.3	587	573	604	7.19e-09	52.4	86.2	90.7
tr|A0A7J6EMQ7|A0A7J6EMQ7_CANSA	P13006	27.0	319	573	605	2.17e-08	50.8	47.3	50.9
tr|A0A7J6ERV5|A0A7J6ERV5_CANSA	Q9KWN1	30.6	186	597	249	2.89e-16	73.2	30.7	73.1
tr|A0A7J6ERV5|A0A7J6ERV5_CANSA	Q8U8I2	30.6	186	597	249	4.31e-15	69.7	30.7	73.1
tr|A0A7J6ERV5|A0A7J6ERV5_CANSA	Q83RE8	26.1	199	597	248	3.76e-13	63.9	32.5	78.6
tr|A0A7J6ERV5|A0A7J6ERV5_CANSA	Q8FHD2	26.6	199	597	248	6.82e-13	63.2	32.5	78.6
tr|A0A7J6ERV5|A0A7J6ERV5_CANSA	Q8X505	26.6	199	597	248	6.82e-13	63.2	32.5	78.6
tr|A0A7J6ERV5|A0A7J6ERV5_CANSA	P39831	26.1	199	597	248	9.19e-13	62.8	32.5	78.6
tr|A0A7J6ERV5|A0A7J6ERV5_CANSA	P69935	26.2	183	597	248	5.47e-12	60.5	30.0	72.2
tr|A0A7J6ERV5|A0A7J6ERV5_CANSA	P69936	26.2	183	597	248	5.47e-12	60.5	30.0	72.2
tr|A0A7J6ES40|A0A7J6ES40_CANSA	Q64611	29.8	245	536	493	1.92e-31	121	45.5	49.3
tr|A0A7J6ES40|A0A7J6ES40_CANSA	Q9Y600	30.2	245	536	493	2.59e-31	121	45.5	49.3
tr|A0A7J6ES40|A0A7J6ES40_CANSA	Q9DBE0	29.8	245	536	493	1.17e-30	119	45.5	49.3
tr|A0A7J6ES40|A0A7J6ES40_CANSA	A6QM00	26.9	249	536	521	8.93e-30	117	46.3	47.4
tr|A0A7J6ES40|A0A7J6ES40_CANSA	O58679	25.6	195	536	383	4.70e-09	52.4	35.4	44.4
tr|A0A7J6ESI9|A0A7J6ESI9_CANSA	D4N502	28.5	312	340	360	9.47e-27	103	88.5	80.3
tr|A0A7J6EU81|A0A7J6EU81_CANSA	Q9DBE0	25.2	377	517	493	1.87e-26	106	72.1	74.4
tr|A0A7J6EU81|A0A7J6EU81_CANSA	Q9Y600	28.1	242	517	493	3.38e-26	105	46.6	48.7
tr|A0A7J6EU81|A0A7J6EU81_CANSA	Q64611	24.7	381	517	493	6.09e-26	105	72.1	74.4
tr|A0A7J6EWK0|A0A7J6EWK0_CANSA	P13006	23.8	609	594	605	5.49e-15	72.0	87.7	91.1
tr|A0A7J6EWK0|A0A7J6EWK0_CANSA	A0A0A2K2F6	23.7	607	594	604	2.20e-14	70.1	87.9	91.4
tr|A0A7J6EWK0|A0A7J6EWK0_CANSA	A0A1R3RM75	22.5	608	594	605	2.48e-12	63.5	87.7	91.1
tr|A0A7J6EWK0|A0A7J6EWK0_CANSA	K9L4P7	24.9	325	594	604	7.52e-12	62.0	46.8	52.0
tr|A0A7J6EWK0|A0A7J6EWK0_CANSA	A0A0A2JC26	23.5	601	594	614	7.60e-12	62.0	87.7	90.6
tr|A0A7J6EWK0|A0A7J6EWK0_CANSA	Q70FC9	24.1	328	594	605	9.94e-12	61.6	46.8	51.9
tr|A0A7J6EWK0|A0A7J6EWK0_CANSA	P81156	25.5	337	594	605	2.09e-10	57.4	48.8	53.2
tr|A0A7J6EWK0|A0A7J6EWK0_CANSA	Q92452	25.5	337	594	605	2.76e-10	57.0	48.8	53.2
tr|A0A7J6EXM6|A0A7J6EXM6_CANSA	P25553	33.8	470	543	479	4.76e-85	266	86.0	97.1
tr|A0A7J6EXM6|A0A7J6EXM6_CANSA	O86447	31.0	345	543	481	1.06e-41	150	61.9	69.9
tr|A0A7J6EXM6|A0A7J6EXM6_CANSA	Q9I6C8	31.6	348	543	476	1.23e-40	147	62.4	70.0
tr|A0A7J6EXM6|A0A7J6EXM6_CANSA	Q9A777	29.2	432	543	485	1.57e-38	142	77.0	87.8
tr|A0A7J6EZ64|A0A7J6EZ64_CANSA	P25553	33.6	470	543	479	4.76e-85	266	86.0	97.1
tr|A0A7J6EZ64|A0A7J6EZ64_CANSA	O86447	28.7	421	543	481	5.62e-42	151	75.1	85.2
tr|A0A7J6EZ64|A0A7J6EZ64_CANSA	Q9I6C8	29.9	442	543	476	6.54e-41	148	78.1	88.4
tr|A0A7J6EZ64|A0A7J6EZ64_CANSA	Q9A777	28.9	432	543	485	1.57e-38	142	77.0	87.8
tr|A0A7J6EZJ2|A0A7J6EZJ2_CANSA	Q9Y600	29.4	252	534	493	4.66e-31	120	47.0	50.7
tr|A0A7J6EZJ2|A0A7J6EZJ2_CANSA	Q9DBE0	29.0	252	534	493	8.51e-31	119	47.0	50.7
tr|A0A7J6EZJ2|A0A7J6EZJ2_CANSA	Q64611	29.0	252	534	493	1.15e-30	119	47.0	50.7
tr|A0A7J6EZJ2|A0A7J6EZJ2_CANSA	Q80WP8	27.8	281	534	550	2.43e-30	119	51.9	50.7
tr|A0A7J6EZJ2|A0A7J6EZJ2_CANSA	A6QM00	26.9	249	534	521	3.88e-29	115	46.4	47.4
tr|A0A7J6EZJ2|A0A7J6EZJ2_CANSA	O58679	24.6	195	534	383	1.44e-08	50.8	35.6	44.4
tr|A0A7J6EZS0|A0A7J6EZS0_CANSA	Q968X7	29.9	204	355	1934	1.84e-11	59.7	49.9	10.3
tr|A0A7J6F0C5|A0A7J6F0C5_CANSA	I1SB12	25.6	90	553	495	2.74e-06	43.9	16.3	16.8
tr|A0A7J6F1W1|A0A7J6F1W1_CANSA	Q6F6Y2	27.1	380	1664	385	1.09e-26	108	22.7	88.3
tr|A0A7J6F1W1|A0A7J6F1W1_CANSA	A1TFU9	27.2	334	1664	395	1.15e-22	96.7	19.8	78.0
tr|A0A7J6F1W1|A0A7J6F1W1_CANSA	A6T923	23.6	386	1664	384	1.52e-18	84.0	22.6	87.8
tr|A0A7J6F1W1|A0A7J6F1W1_CANSA	B6D1N4	24.3	338	1664	384	2.71e-18	83.2	19.7	79.4
tr|A0A7J6F1W1|A0A7J6F1W1_CANSA	Q88FY2	25.9	359	1664	382	6.34e-18	82.0	20.3	83.5
tr|A0A7J6F1W1|A0A7J6F1W1_CANSA	P86491	24.7	360	1664	385	2.76e-17	80.1	20.4	83.6
tr|A0A7J6F1W1|A0A7J6F1W1_CANSA	B5B0J6	25.1	331	1664	384	3.65e-17	79.7	19.7	79.4
tr|A0A7J6F1W1|A0A7J6F1W1_CANSA	A0A0H3LKL4	23.6	356	1664	383	4.67e-14	70.1	20.4	83.8
tr|A0A7J6F7N3|A0A7J6F7N3_CANSA	Q3ZBE9	24.2	277	436	356	4.02e-08	48.9	62.6	68.8
tr|A0A7J6F7N3|A0A7J6F7N3_CANSA	Q5PPL3	26.1	276	436	362	3.92e-07	45.8	62.6	67.7
tr|A0A7J6F7U4|A0A7J6F7U4_CANSA	Q3ZBE9	27.1	236	427	356	7.31e-14	66.6	52.2	61.5
tr|A0A7J6F7U4|A0A7J6F7U4_CANSA	Q5PPL3	27.1	236	427	362	1.80e-13	65.5	52.2	60.5
tr|A0A7J6F7U4|A0A7J6F7U4_CANSA	Q9R1J0	25.8	236	427	362	1.01e-12	63.2	52.2	60.5
tr|A0A7J6F7U4|A0A7J6F7U4_CANSA	Q15738	26.3	228	427	373	1.89e-12	62.4	50.8	56.6
tr|A0A7J6FB59|A0A7J6FB59_CANSA	D4GXZ3	28.4	264	428	324	1.92e-18	80.1	61.4	73.5
tr|A0A7J6FBM4|A0A7J6FBM4_CANSA	Q70FC9	22.8	587	1104	605	2.78e-15	74.3	45.9	91.1
tr|A0A7J6FBM4|A0A7J6FBM4_CANSA	P13006	26.3	320	1104	605	3.31e-14	70.9	25.5	49.8
tr|A0A7J6FBM4|A0A7J6FBM4_CANSA	P81156	24.8	319	1104	605	7.56e-14	69.7	24.9	48.6
tr|A0A7J6FBM4|A0A7J6FBM4_CANSA	K9L4P7	21.0	586	1104	604	1.31e-13	68.9	46.6	92.2
tr|A0A7J6FBM4|A0A7J6FBM4_CANSA	Q92452	24.8	319	1104	605	2.27e-13	68.2	24.9	48.6
tr|A0A7J6FBM4|A0A7J6FBM4_CANSA	A0A0A2JC26	23.5	595	1104	614	5.24e-13	67.0	45.8	90.6
tr|A0A7J6FBM4|A0A7J6FBM4_CANSA	A0A0A2K2F6	25.8	345	1104	604	6.81e-13	66.6	27.1	53.3
tr|A0A7J6FBM4|A0A7J6FBM4_CANSA	A0A1R3RM75	23.9	586	1104	605	8.97e-13	66.2	45.8	91.1
tr|A0A7J6FBM6|A0A7J6FBM6_CANSA	Q70FC9	25.2	314	640	605	8.99e-16	74.7	42.8	48.6
tr|A0A7J6FBM6|A0A7J6FBM6_CANSA	P13006	26.0	319	640	605	4.77e-15	72.4	43.8	49.8
tr|A0A7J6FBM6|A0A7J6FBM6_CANSA	P81156	24.5	318	640	605	1.91e-14	70.5	42.8	48.6
tr|A0A7J6FBM6|A0A7J6FBM6_CANSA	Q92452	24.5	318	640	605	5.81e-14	68.9	42.8	48.6
tr|A0A7J6FBM6|A0A7J6FBM6_CANSA	K9L4P7	23.6	318	640	604	2.32e-13	67.0	43.6	49.5
tr|A0A7J6FBM6|A0A7J6FBM6_CANSA	A0A0A2K2F6	25.3	344	640	604	7.03e-13	65.5	46.6	53.3
tr|A0A7J6FBM6|A0A7J6FBM6_CANSA	A0A1R3RM75	23.1	585	640	605	8.51e-12	62.0	78.9	91.1
tr|A0A7J6FBM6|A0A7J6FBM6_CANSA	A0A0A2JC26	23.1	594	640	614	8.59e-12	62.0	78.9	90.6
tr|A0A7J6FBQ5|A0A7J6FBQ5_CANSA	Q70FC9	26.2	324	1431	605	1.37e-08	53.1	17.3	51.2
tr|A0A7J6FBQ5|A0A7J6FBQ5_CANSA	P81156	23.7	325	1431	605	5.37e-08	51.2	17.3	51.2
tr|A0A7J6FBQ5|A0A7J6FBQ5_CANSA	Q92452	23.5	323	1431	605	5.37e-08	51.2	17.3	51.2
tr|A0A7J6FBQ5|A0A7J6FBQ5_CANSA	A0A0A2K2F6	23.8	558	1431	604	6.26e-07	47.8	30.7	87.9
tr|A0A7J6FBQ5|A0A7J6FBQ5_CANSA	K9L4P7	22.5	324	1431	604	8.23e-07	47.4	17.3	51.3
tr|A0A7J6FBQ5|A0A7J6FBQ5_CANSA	A0A1R3RM75	24.9	341	1431	605	8.23e-07	47.4	20.3	52.6
tr|A0A7J6FBT1|A0A7J6FBT1_CANSA	Q70FC9	24.1	577	525	605	9.88e-15	70.9	93.7	91.1
tr|A0A7J6FBT1|A0A7J6FBT1_CANSA	K9L4P7	22.9	546	525	604	2.82e-13	66.2	89.0	87.6
tr|A0A7J6FBT1|A0A7J6FBT1_CANSA	P81156	22.8	575	525	605	4.59e-12	62.4	93.7	91.1
tr|A0A7J6FBT1|A0A7J6FBT1_CANSA	Q92452	22.5	570	525	605	4.25e-11	59.3	93.7	91.1
tr|A0A7J6FBT1|A0A7J6FBT1_CANSA	A0A0A2K2F6	23.6	559	525	604	1.19e-09	54.7	89.0	87.9
tr|A0A7J6FBT1|A0A7J6FBT1_CANSA	A0A1R3RM75	22.1	580	525	605	1.32e-07	48.1	93.5	91.1
tr|A0A7J6FBY0|A0A7J6FBY0_CANSA	A0A0A2K2F6	33.7	98	1005	604	2.81e-06	45.1	9.2	15.6
tr|A0A7J6FBY0|A0A7J6FBY0_CANSA	K9L4P7	26.5	132	1005	604	4.85e-06	44.3	11.8	21.7
tr|A0A7J6FCF7|A0A7J6FCF7_CANSA	P25553	32.8	488	505	479	2.49e-80	253	96.0	99.2
tr|A0A7J6FCF7|A0A7J6FCF7_CANSA	O86447	28.8	437	505	481	8.68e-43	153	85.0	89.4
tr|A0A7J6FCF7|A0A7J6FCF7_CANSA	Q9I6C8	29.4	347	505	476	3.57e-37	137	67.5	70.2
tr|A0A7J6FCF7|A0A7J6FCF7_CANSA	Q9A777	29.4	357	505	485	1.92e-36	135	69.1	71.8
tr|A0A7J6FDH1|A0A7J6FDH1_CANSA	Q15738	24.4	270	350	373	3.76e-13	63.9	76.0	61.7
tr|A0A7J6FDH1|A0A7J6FDH1_CANSA	Q3ZBE9	23.8	269	350	356	4.70e-13	63.5	76.0	64.6
tr|A0A7J6FDH1|A0A7J6FDH1_CANSA	Q9R1J0	23.8	273	350	362	1.15e-12	62.4	76.9	64.4
tr|A0A7J6FDH1|A0A7J6FDH1_CANSA	Q5PPL3	23.4	273	350	362	1.57e-11	58.9	76.9	64.4
tr|A0A7J6FEA3|A0A7J6FEA3_CANSA	Q70FC9	30.6	98	517	605	8.93e-07	45.4	18.6	15.9
tr|A0A7J6FEA3|A0A7J6FEA3_CANSA	A0A0A2K2F6	31.1	132	517	604	2.70e-06	43.9	24.0	20.5
tr|A0A7J6FEA3|A0A7J6FEA3_CANSA	K9L4P7	30.1	103	517	604	3.56e-06	43.5	19.5	16.7
tr|A0A7J6FEA3|A0A7J6FEA3_CANSA	P81156	30.3	99	517	605	4.69e-06	43.1	18.6	15.9
tr|A0A7J6FEA3|A0A7J6FEA3_CANSA	Q92452	30.3	99	517	605	4.69e-06	43.1	18.6	15.9
tr|A0A7J6FEC2|A0A7J6FEC2_CANSA	Q70FC9	24.6	570	503	605	1.83e-12	63.5	96.6	89.8
tr|A0A7J6FEC2|A0A7J6FEC2_CANSA	A0A0A2K2F6	27.8	334	503	604	2.97e-11	59.7	56.7	53.3
tr|A0A7J6FEC2|A0A7J6FEC2_CANSA	K9L4P7	23.8	592	503	604	1.20e-10	57.8	96.6	89.7
tr|A0A7J6FEC2|A0A7J6FEC2_CANSA	P81156	27.4	328	503	605	2.09e-10	57.0	54.9	50.9
tr|A0A7J6FEC2|A0A7J6FEC2_CANSA	Q92452	27.4	328	503	605	3.64e-10	56.2	54.9	50.9
tr|A0A7J6FEC2|A0A7J6FEC2_CANSA	P13006	26.4	295	503	605	2.34e-08	50.4	50.7	47.8
tr|A0A7J6FEC2|A0A7J6FEC2_CANSA	A0A1R3RM75	24.0	321	503	605	7.83e-06	42.4	53.1	49.8
tr|A0A7J6FH81|A0A7J6FH81_CANSA	D4N502	30.4	306	358	360	4.54e-31	115	83.5	77.8
tr|A0A7J6FIF5|A0A7J6FIF5_CANSA	D4N502	34.8	342	354	360	2.00e-59	190	95.8	91.9
tr|A0A7J6FNF1|A0A7J6FNF1_CANSA	O58679	26.7	344	497	383	4.74e-28	109	65.0	85.1
tr|A0A7J6FNM8|A0A7J6FNM8_CANSA	Q968X7	27.7	177	373	1934	1.76e-08	50.4	42.1	8.9
tr|A0A7J6FNS6|A0A7J6FNS6_CANSA	Q9DBE0	26.3	391	502	493	5.77e-40	145	77.1	75.7
tr|A0A7J6FNS6|A0A7J6FNS6_CANSA	Q64611	26.3	391	502	493	1.49e-39	144	77.1	75.7
tr|A0A7J6FNS6|A0A7J6FNS6_CANSA	Q9Y600	26.6	398	502	493	2.04e-39	144	78.7	77.3
tr|A0A7J6FNS6|A0A7J6FNS6_CANSA	A6QM00	25.6	360	502	521	2.95e-39	144	70.9	65.8
tr|A0A7J6FNS6|A0A7J6FNS6_CANSA	Q80WP8	26.3	399	502	550	7.72e-39	143	78.7	69.3
tr|A0A7J6FNS6|A0A7J6FNS6_CANSA	Q6ZQY3	25.8	360	502	521	1.41e-38	142	70.9	65.8
tr|A0A7J6FNS6|A0A7J6FNS6_CANSA	O58679	20.6	321	502	383	2.30e-08	50.1	61.8	71.5
tr|A0A7J6FQC2|A0A7J6FQC2_CANSA	Q5PPL3	41.5	354	571	362	1.46e-80	252	61.8	92.0
tr|A0A7J6FQC2|A0A7J6FQC2_CANSA	Q9R1J0	41.2	354	571	362	8.00e-80	250	61.8	92.0
tr|A0A7J6FQC2|A0A7J6FQC2_CANSA	Q15738	39.9	356	571	373	8.52e-79	248	62.2	89.8
tr|A0A7J6FQC2|A0A7J6FQC2_CANSA	Q3ZBE9	40.3	352	571	356	8.45e-77	242	61.5	93.0
tr|A0A7J6FQN9|A0A7J6FQN9_CANSA	D4N502	34.0	203	267	360	7.49e-37	128	72.7	52.2
tr|A0A7J6FQW0|A0A7J6FQW0_CANSA	A6QM00	25.9	359	501	521	8.26e-40	145	70.9	65.8
tr|A0A7J6FQW0|A0A7J6FQW0_CANSA	Q6ZQY3	25.9	359	501	521	5.44e-39	143	70.9	65.8
tr|A0A7J6FQW0|A0A7J6FQW0_CANSA	Q9Y600	27.2	397	501	493	9.75e-39	142	78.4	77.1
tr|A0A7J6FQW0|A0A7J6FQW0_CANSA	Q80WP8	26.7	359	501	550	1.04e-38	142	70.9	62.4
tr|A0A7J6FQW0|A0A7J6FQW0_CANSA	Q9DBE0	26.7	389	501	493	1.83e-38	141	76.8	75.5
tr|A0A7J6FQW0|A0A7J6FQW0_CANSA	Q64611	26.5	389	501	493	3.43e-38	140	76.8	75.5
tr|A0A7J6FQW0|A0A7J6FQW0_CANSA	O58679	21.1	317	501	383	7.77e-10	54.7	61.7	71.5
tr|A0A7J6FRH6|A0A7J6FRH6_CANSA	O52791	26.1	352	831	357	8.66e-24	98.2	42.0	86.0
tr|A0A7J6FRH6|A0A7J6FRH6_CANSA	Q5XIH9	25.9	313	831	371	2.38e-17	79.0	34.9	75.5
tr|A0A7J6FRH6|A0A7J6FRH6_CANSA	Q8K248	26.9	364	831	371	7.62e-15	71.2	41.2	85.4
tr|A0A7J6FRH6|A0A7J6FRH6_CANSA	Q96IR7	28.1	249	831	371	2.40e-14	69.7	28.0	59.8
tr|A0A7J6FRI4|A0A7J6FRI4_CANSA	O52791	26.7	360	438	357	4.76e-22	91.3	81.1	88.2
tr|A0A7J6FRI4|A0A7J6FRI4_CANSA	Q5XIH9	26.6	305	438	371	2.18e-19	83.6	65.5	75.5
tr|A0A7J6FRI4|A0A7J6FRI4_CANSA	Q8K248	26.7	360	438	371	1.41e-16	75.1	77.4	85.4
tr|A0A7J6FRI4|A0A7J6FRI4_CANSA	Q96IR7	30.8	146	438	371	1.97e-14	68.6	33.3	34.0
tr|A0A7J6FYG8|A0A7J6FYG8_CANSA	A0A0A2K2F6	24.1	553	530	604	6.48e-17	77.8	83.0	87.9
tr|A0A7J6FYG8|A0A7J6FYG8_CANSA	Q70FC9	27.7	300	530	605	2.00e-16	76.3	48.5	47.4
tr|A0A7J6FYG8|A0A7J6FYG8_CANSA	K9L4P7	26.3	300	530	604	3.29e-15	72.4	48.5	47.5
tr|A0A7J6FYG8|A0A7J6FYG8_CANSA	P81156	27.0	300	530	605	3.08e-14	69.3	48.5	47.4
tr|A0A7J6FYG8|A0A7J6FYG8_CANSA	Q92452	27.3	300	530	605	7.13e-14	68.2	48.5	47.4
tr|A0A7J6FYG8|A0A7J6FYG8_CANSA	P13006	25.1	295	530	605	1.16e-12	64.3	48.3	47.4
tr|A0A7J6FYG8|A0A7J6FYG8_CANSA	A0A1R3RM75	21.7	575	530	605	9.94e-11	58.2	87.5	91.1
tr|A0A7J6G205|A0A7J6G205_CANSA	Q64611	30.2	245	537	493	3.54e-31	120	45.4	49.3
tr|A0A7J6G205|A0A7J6G205_CANSA	Q9Y600	30.6	245	537	493	4.79e-31	120	45.4	49.3
tr|A0A7J6G205|A0A7J6G205_CANSA	Q9DBE0	30.2	245	537	493	2.16e-30	118	45.4	49.3
tr|A0A7J6G205|A0A7J6G205_CANSA	A6QM00	27.3	249	537	521	2.20e-29	115	46.2	47.4
tr|A0A7J6G205|A0A7J6G205_CANSA	O58679	25.6	195	537	383	1.92e-08	50.4	35.4	44.4
tr|A0A7J6G206|A0A7J6G206_CANSA	Q64611	29.8	242	497	493	5.86e-31	119	48.5	48.7
tr|A0A7J6G206|A0A7J6G206_CANSA	Q9Y600	30.2	242	497	493	7.95e-31	119	48.5	48.7
tr|A0A7J6G206|A0A7J6G206_CANSA	Q9DBE0	29.8	242	497	493	3.62e-30	117	48.5	48.7
tr|A0A7J6G206|A0A7J6G206_CANSA	A6QM00	26.9	249	497	521	2.04e-29	115	49.9	47.4
tr|A0A7J6G206|A0A7J6G206_CANSA	O58679	25.6	195	497	383	5.54e-09	52.0	38.2	44.4
tr|A0A7J6G2J7|A0A7J6G2J7_CANSA	I1SB12	24.8	472	543	495	6.18e-29	114	82.0	86.1
tr|A0A7J6G2J7|A0A7J6G2J7_CANSA	P93762	23.8	487	543	546	9.72e-22	92.8	78.6	85.0
tr|A0A7J6G2Q4|A0A7J6G2Q4_CANSA	P25553	30.3	439	532	479	2.72e-53	182	81.0	90.8
tr|A0A7J6G2Q4|A0A7J6G2Q4_CANSA	Q9I6C8	27.1	310	532	476	1.09e-15	73.6	55.6	61.3
tr|A0A7J6G2Q4|A0A7J6G2Q4_CANSA	O86447	26.5	302	532	481	1.34e-13	67.0	55.3	61.5
tr|A0A7J6G2Q4|A0A7J6G2Q4_CANSA	Q9A777	25.1	350	532	485	5.53e-13	65.1	63.7	70.1
tr|A0A7J6G338|A0A7J6G338_CANSA	I1SB12	24.5	473	546	495	3.20e-30	118	82.2	86.1
tr|A0A7J6G338|A0A7J6G338_CANSA	P93762	24.2	495	546	546	3.00e-20	88.2	79.5	85.5
tr|A0A7J6G3P4|A0A7J6G3P4_CANSA	D4N502	25.8	322	361	360	4.08e-28	107	88.9	75.6
tr|A0A7J6G430|A0A7J6G430_CANSA	D4N502	26.3	319	360	360	8.57e-30	112	86.7	78.9
tr|A0A7J6G4P9|A0A7J6G4P9_CANSA	Q9DBE0	31.0	239	542	493	1.11e-31	122	43.9	48.1
tr|A0A7J6G4P9|A0A7J6G4P9_CANSA	Q64611	30.5	239	542	493	2.03e-31	121	43.9	48.1
tr|A0A7J6G4P9|A0A7J6G4P9_CANSA	Q9Y600	31.0	239	542	493	2.03e-31	121	43.9	48.1
tr|A0A7J6G4P9|A0A7J6G4P9_CANSA	A6QM00	27.2	246	542	521	9.39e-30	117	45.2	46.8
tr|A0A7J6G4P9|A0A7J6G4P9_CANSA	O58679	25.6	195	542	383	3.60e-09	52.8	35.1	44.4
tr|A0A7J6G4Q6|A0A7J6G4Q6_CANSA	Q9DBE0	26.3	391	502	493	5.77e-40	145	77.1	75.7
tr|A0A7J6G4Q6|A0A7J6G4Q6_CANSA	Q64611	26.3	391	502	493	1.49e-39	144	77.1	75.7
tr|A0A7J6G4Q6|A0A7J6G4Q6_CANSA	Q9Y600	26.6	398	502	493	2.04e-39	144	78.7	77.3
tr|A0A7J6G4Q6|A0A7J6G4Q6_CANSA	A6QM00	25.8	360	502	521	2.95e-39	144	70.9	65.8
tr|A0A7J6G4Q6|A0A7J6G4Q6_CANSA	Q80WP8	26.6	399	502	550	7.72e-39	143	78.7	69.3
tr|A0A7J6G4Q6|A0A7J6G4Q6_CANSA	Q6ZQY3	26.1	360	502	521	1.41e-38	142	70.9	65.8
tr|A0A7J6G4Q6|A0A7J6G4Q6_CANSA	O58679	21.5	321	502	383	9.89e-09	51.2	61.8	71.5
tr|A0A7J6G555|A0A7J6G555_CANSA	Q968X7	27.7	177	373	1934	1.76e-08	50.4	42.1	8.9
tr|A0A7J6G5A8|A0A7J6G5A8_CANSA	A6QM00	25.9	359	501	521	3.21e-40	146	70.9	65.8
tr|A0A7J6G5A8|A0A7J6G5A8_CANSA	Q9Y600	27.7	397	501	493	1.47e-39	144	78.4	77.1
tr|A0A7J6G5A8|A0A7J6G5A8_CANSA	Q6ZQY3	25.9	359	501	521	2.12e-39	144	70.9	65.8
tr|A0A7J6G5A8|A0A7J6G5A8_CANSA	Q9DBE0	27.2	389	501	493	2.76e-39	143	76.8	75.5
tr|A0A7J6G5A8|A0A7J6G5A8_CANSA	Q80WP8	27.0	359	501	550	4.07e-39	144	70.9	62.4
tr|A0A7J6G5A8|A0A7J6G5A8_CANSA	Q64611	27.0	389	501	493	5.19e-39	142	76.8	75.5
tr|A0A7J6G5A8|A0A7J6G5A8_CANSA	O58679	20.5	317	501	383	1.81e-09	53.5	61.7	71.5
tr|A0A7J6G637|A0A7J6G637_CANSA	P93762	23.7	472	621	546	3.70e-18	82.0	67.3	83.2
tr|A0A7J6G6U3|A0A7J6G6U3_CANSA	Q9KWN1	30.6	186	635	249	3.84e-17	75.9	29.1	73.1
tr|A0A7J6G6U3|A0A7J6G6U3_CANSA	Q8U8I2	30.6	186	635	249	5.74e-16	72.4	29.1	73.1
tr|A0A7J6G6U3|A0A7J6G6U3_CANSA	Q83RE8	26.1	199	635	248	1.53e-14	68.2	30.9	78.6
tr|A0A7J6G6U3|A0A7J6G6U3_CANSA	Q8FHD2	26.6	199	635	248	2.78e-14	67.4	30.9	78.6
tr|A0A7J6G6U3|A0A7J6G6U3_CANSA	Q8X505	26.6	199	635	248	6.82e-14	66.2	30.9	78.6
tr|A0A7J6G6U3|A0A7J6G6U3_CANSA	P39831	26.1	199	635	248	9.20e-14	65.9	30.9	78.6
tr|A0A7J6G6U3|A0A7J6G6U3_CANSA	P69935	26.0	219	635	248	5.51e-13	63.5	34.0	79.8
tr|A0A7J6G6U3|A0A7J6G6U3_CANSA	P69936	26.0	219	635	248	5.51e-13	63.5	34.0	79.8
tr|A0A7J6G7U2|A0A7J6G7U2_CANSA	Q64611	31.5	248	446	493	1.17e-33	126	51.1	49.9
tr|A0A7J6G7U2|A0A7J6G7U2_CANSA	Q9Y600	30.6	265	446	493	1.60e-33	126	54.9	53.3
tr|A0A7J6G7U2|A0A7J6G7U2_CANSA	Q80WP8	28.7	251	446	550	3.10e-32	123	51.8	45.3
tr|A0A7J6G7U2|A0A7J6G7U2_CANSA	Q9DBE0	30.2	248	446	493	6.62e-32	121	51.1	49.9
tr|A0A7J6G7U2|A0A7J6G7U2_CANSA	A6QM00	24.5	343	446	521	2.44e-30	117	71.1	64.3
tr|A0A7J6G7U2|A0A7J6G7U2_CANSA	Q6ZQY3	25.1	346	446	521	4.49e-30	116	71.7	64.9
tr|A0A7J6G7U2|A0A7J6G7U2_CANSA	O58679	20.5	302	446	383	1.73e-06	43.9	63.5	73.1
tr|A0A7J6G8H0|A0A7J6G8H0_CANSA	P93762	24.3	486	550	546	3.26e-23	97.4	77.5	85.0
tr|A0A7J6G8P9|A0A7J6G8P9_CANSA	D4N502	30.5	367	449	360	4.88e-52	174	77.1	99.4
tr|A0A7J6G8S3|A0A7J6G8S3_CANSA	P93762	22.7	502	557	546	1.43e-15	73.6	76.8	85.0
tr|A0A7J6G8Y2|A0A7J6G8Y2_CANSA	A0A075TRC0	24.8	400	526	1776	4.94e-23	97.8	69.8	21.2
tr|A0A7J6G8Y2|A0A7J6G8Y2_CANSA	G3Y419	25.8	337	526	1779	4.95e-23	97.8	59.9	17.4
tr|A0A7J6G8Y2|A0A7J6G8Y2_CANSA	A0A2P1DP91	25.5	341	526	1783	2.69e-22	95.5	60.6	17.6
tr|A0A7J6G8Y2|A0A7J6G8Y2_CANSA	Q0CJ59	27.1	336	526	1803	3.58e-22	95.1	60.6	17.3
tr|A0A7J6G8Y2|A0A7J6G8Y2_CANSA	P22367	25.2	401	526	1774	4.72e-22	94.7	69.8	21.3
tr|A0A7J6G8Y2|A0A7J6G8Y2_CANSA	A1CFL8	25.7	339	526	1720	1.81e-20	89.7	60.6	18.1
tr|A0A7J6G8Y2|A0A7J6G8Y2_CANSA	A0A1L9WN37	24.8	387	526	1749	2.26e-19	86.3	68.4	20.6
tr|A0A7J6G8Y2|A0A7J6G8Y2_CANSA	G1XU04	26.9	242	526	1761	1.49e-17	80.5	42.0	12.8
tr|A0A7J6G8Y2|A0A7J6G8Y2_CANSA	A0A3G9K3K9	27.1	221	526	1678	2.38e-13	67.0	39.0	12.5
tr|A0A7J6G992|A0A7J6G992_CANSA	I1SB12	23.7	485	543	495	1.02e-24	101	84.3	89.1
tr|A0A7J6G992|A0A7J6G992_CANSA	P93762	25.4	492	543	546	9.50e-21	89.7	78.3	85.0
tr|A0A7J6G9G2|A0A7J6G9G2_CANSA	Q0CJ59	28.5	242	477	1803	5.41e-21	90.9	48.6	13.0
tr|A0A7J6G9G2|A0A7J6G9G2_CANSA	G3Y419	26.8	291	477	1779	3.93e-20	88.2	56.0	15.4
tr|A0A7J6G9G2|A0A7J6G9G2_CANSA	A0A075TRC0	29.1	230	477	1776	5.21e-20	87.8	46.3	12.6
tr|A0A7J6G9G2|A0A7J6G9G2_CANSA	A1CFL8	27.6	283	477	1720	9.11e-20	87.0	56.6	15.8
tr|A0A7J6G9G2|A0A7J6G9G2_CANSA	P22367	28.9	228	477	1774	1.62e-19	86.3	45.9	12.5
tr|A0A7J6G9G2|A0A7J6G9G2_CANSA	A0A1L9WN37	26.9	279	477	1749	2.14e-19	85.9	56.6	15.6
tr|A0A7J6G9G2|A0A7J6G9G2_CANSA	G1XU04	25.5	333	477	1761	2.14e-19	85.9	65.0	17.7
tr|A0A7J6G9G2|A0A7J6G9G2_CANSA	A0A2P1DP91	28.9	225	477	1783	2.84e-19	85.5	44.2	12.1
tr|A0A7J6G9G2|A0A7J6G9G2_CANSA	A0A3G9K3K9	25.8	279	477	1678	2.23e-15	73.2	54.3	15.9
tr|A0A7J6GAK1|A0A7J6GAK1_CANSA	Q64611	29.8	242	1155	493	3.10e-30	120	20.9	48.7
tr|A0A7J6GAK1|A0A7J6GAK1_CANSA	Q9Y600	30.2	242	1155	493	4.15e-30	120	20.9	48.7
tr|A0A7J6GAK1|A0A7J6GAK1_CANSA	Q9DBE0	29.8	242	1155	493	1.78e-29	118	20.9	48.7
tr|A0A7J6GAK1|A0A7J6GAK1_CANSA	A6QM00	26.9	249	1155	521	5.62e-29	117	21.5	47.4
tr|A0A7J6GAK1|A0A7J6GAK1_CANSA	O58679	25.6	195	1155	383	1.29e-08	52.4	16.5	44.4
tr|A0A7J6GAK4|A0A7J6GAK4_CANSA	Q9DBE0	31.0	239	542	493	1.11e-31	122	43.9	48.1
tr|A0A7J6GAK4|A0A7J6GAK4_CANSA	Q64611	30.5	239	542	493	2.03e-31	121	43.9	48.1
tr|A0A7J6GAK4|A0A7J6GAK4_CANSA	Q9Y600	31.0	239	542	493	2.03e-31	121	43.9	48.1
tr|A0A7J6GAK4|A0A7J6GAK4_CANSA	A6QM00	27.2	246	542	521	9.39e-30	117	45.2	46.8
tr|A0A7J6GAK4|A0A7J6GAK4_CANSA	O58679	25.6	195	542	383	3.60e-09	52.8	35.1	44.4
tr|A0A7J6GAK5|A0A7J6GAK5_CANSA	Q9Y600	29.3	249	516	493	1.08e-29	116	48.1	50.1
tr|A0A7J6GAK5|A0A7J6GAK5_CANSA	Q64611	29.3	242	516	493	1.46e-29	115	46.7	48.7
tr|A0A7J6GAK5|A0A7J6GAK5_CANSA	Q9DBE0	30.5	243	516	493	8.82e-29	113	46.7	48.7
tr|A0A7J6GAK5|A0A7J6GAK5_CANSA	A6QM00	26.9	249	516	521	1.46e-28	113	48.1	47.4
tr|A0A7J6GAK5|A0A7J6GAK5_CANSA	O58679	24.0	288	516	383	1.43e-09	53.9	54.3	65.0
tr|A0A7J6GAM5|A0A7J6GAM5_CANSA	Q64611	30.2	245	539	493	2.67e-31	121	45.3	49.3
tr|A0A7J6GAM5|A0A7J6GAM5_CANSA	Q9Y600	30.6	245	539	493	2.67e-31	121	45.3	49.3
tr|A0A7J6GAM5|A0A7J6GAM5_CANSA	Q9DBE0	30.2	245	539	493	1.62e-30	119	45.3	49.3
tr|A0A7J6GAM5|A0A7J6GAM5_CANSA	A6QM00	26.9	249	539	521	2.23e-29	115	46.0	47.4
tr|A0A7J6GAM5|A0A7J6GAM5_CANSA	O58679	25.4	197	539	383	1.94e-08	50.4	35.3	44.4
tr|A0A7J6GAR2|A0A7J6GAR2_CANSA	Q64611	30.1	239	539	493	3.61e-31	120	44.2	48.1
tr|A0A7J6GAR2|A0A7J6GAR2_CANSA	Q9Y600	30.5	239	539	493	4.87e-31	120	44.2	48.1
tr|A0A7J6GAR2|A0A7J6GAR2_CANSA	Q9DBE0	30.1	239	539	493	2.19e-30	118	44.2	48.1
tr|A0A7J6GAR2|A0A7J6GAR2_CANSA	A6QM00	27.2	246	539	521	9.16e-30	117	45.5	46.8
tr|A0A7J6GAR2|A0A7J6GAR2_CANSA	O58679	25.6	195	539	383	4.74e-09	52.4	35.3	44.4
tr|A0A7J6GAS6|A0A7J6GAS6_CANSA	Q64611	30.5	239	564	493	8.12e-31	120	42.2	48.1
tr|A0A7J6GAS6|A0A7J6GAS6_CANSA	Q9Y600	31.0	239	564	493	1.10e-30	119	42.2	48.1
tr|A0A7J6GAS6|A0A7J6GAS6_CANSA	Q9DBE0	30.5	239	564	493	4.88e-30	117	42.2	48.1
tr|A0A7J6GAS6|A0A7J6GAS6_CANSA	A6QM00	27.6	246	564	521	2.71e-29	115	43.4	46.8
tr|A0A7J6GAS6|A0A7J6GAS6_CANSA	O58679	25.6	195	564	383	8.90e-09	51.6	33.7	44.4
tr|A0A7J6GAZ6|A0A7J6GAZ6_CANSA	Q64611	30.2	245	536	493	1.42e-31	122	45.5	49.3
tr|A0A7J6GAZ6|A0A7J6GAZ6_CANSA	Q9Y600	30.6	245	536	493	1.92e-31	121	45.5	49.3
tr|A0A7J6GAZ6|A0A7J6GAZ6_CANSA	Q9DBE0	30.2	245	536	493	8.67e-31	119	45.5	49.3
tr|A0A7J6GAZ6|A0A7J6GAZ6_CANSA	A6QM00	27.3	249	536	521	4.92e-30	117	46.3	47.4
tr|A0A7J6GAZ6|A0A7J6GAZ6_CANSA	O58679	25.6	195	536	383	6.22e-09	52.0	35.4	44.4
tr|A0A7J6GB11|A0A7J6GB11_CANSA	Q9I5I6	41.8	299	352	298	1.90e-72	222	84.9	96.3
tr|A0A7J6GB11|A0A7J6GB11_CANSA	A3MU08	33.2	289	352	286	2.31e-45	151	81.8	94.1
tr|A0A7J6GC68|A0A7J6GC68_CANSA	A0A0A2K2F6	22.6	541	522	604	5.12e-10	55.8	82.4	85.9
tr|A0A7J6GC68|A0A7J6GC68_CANSA	P13006	22.5	284	522	605	2.27e-07	47.4	47.3	45.6
tr|A0A7J6GC68|A0A7J6GC68_CANSA	A0A1R3RM75	21.9	361	522	605	4.75e-06	43.1	55.7	56.0
tr|A0A7J6GES2|A0A7J6GES2_CANSA	P25553	30.5	439	532	479	5.27e-54	184	81.0	90.8
tr|A0A7J6GES2|A0A7J6GES2_CANSA	Q9I6C8	27.1	310	532	476	1.93e-15	72.8	55.6	61.3
tr|A0A7J6GES2|A0A7J6GES2_CANSA	O86447	25.4	303	532	481	1.01e-13	67.4	55.3	61.5
tr|A0A7J6GES2|A0A7J6GES2_CANSA	Q9A777	25.1	350	532	485	9.71e-13	64.3	63.7	70.1
tr|A0A7J6GG17|A0A7J6GG17_CANSA	P21795	34.3	359	369	394	1.43e-58	189	93.0	90.9
tr|A0A7J6GGF7|A0A7J6GGF7_CANSA	D4N502	34.6	269	335	360	1.36e-48	161	77.9	74.2
tr|A0A7J6GGR0|A0A7J6GGR0_CANSA	P86491	24.6	175	530	385	4.16e-07	46.2	32.5	43.6
tr|A0A7J6GH20|A0A7J6GH20_CANSA	I1SB12	25.5	161	515	495	2.68e-07	47.0	29.3	30.7
tr|A0A7J6GHQ8|A0A7J6GHQ8_CANSA	Q6F6Y2	27.1	380	1732	385	1.14e-26	108	21.8	88.3
tr|A0A7J6GHQ8|A0A7J6GHQ8_CANSA	A1TFU9	27.2	334	1732	395	1.21e-22	96.7	19.0	78.0
tr|A0A7J6GHQ8|A0A7J6GHQ8_CANSA	A6T923	23.6	386	1732	384	1.59e-18	84.0	21.7	87.8
tr|A0A7J6GHQ8|A0A7J6GHQ8_CANSA	B6D1N4	24.3	338	1732	384	2.84e-18	83.2	18.9	79.4
tr|A0A7J6GHQ8|A0A7J6GHQ8_CANSA	Q88FY2	25.9	359	1732	382	6.65e-18	82.0	19.5	83.5
tr|A0A7J6GHQ8|A0A7J6GHQ8_CANSA	P86491	24.7	360	1732	385	2.89e-17	80.1	19.6	83.6
tr|A0A7J6GHQ8|A0A7J6GHQ8_CANSA	B5B0J6	25.1	331	1732	384	3.83e-17	79.7	18.9	79.4
tr|A0A7J6GHQ8|A0A7J6GHQ8_CANSA	A0A0H3LKL4	23.6	356	1732	383	4.89e-14	70.1	19.6	83.8
tr|A0A7J6GJW3|A0A7J6GJW3_CANSA	D4N502	35.1	271	374	360	8.77e-51	168	70.9	74.2
tr|A0A7J6GLQ5|A0A7J6GLQ5_CANSA	Q70FC9	33.7	101	464	605	2.50e-07	47.0	20.3	16.0
tr|A0A7J6GLQ5|A0A7J6GLQ5_CANSA	K9L4P7	26.3	152	464	604	1.74e-06	44.3	30.6	23.0
tr|A0A7J6GLQ5|A0A7J6GLQ5_CANSA	P81156	30.7	101	464	605	2.30e-06	43.9	20.3	16.0
tr|A0A7J6GLQ5|A0A7J6GLQ5_CANSA	Q92452	30.7	101	464	605	2.30e-06	43.9	20.3	16.0
tr|A0A7J6GLR3|A0A7J6GLR3_CANSA	Q70FC9	24.0	579	2220	605	4.69e-17	81.3	22.3	91.1
tr|A0A7J6GLR3|A0A7J6GLR3_CANSA	P81156	23.7	578	2220	605	7.33e-16	77.4	22.3	91.1
tr|A0A7J6GLR3|A0A7J6GLR3_CANSA	A0A1R3RM75	25.1	586	2220	605	9.65e-16	77.0	22.3	91.1
tr|A0A7J6GLR3|A0A7J6GLR3_CANSA	Q92452	23.7	578	2220	605	9.65e-16	77.0	22.3	91.1
tr|A0A7J6GLR3|A0A7J6GLR3_CANSA	K9L4P7	23.2	573	2220	604	2.89e-15	75.5	22.3	91.1
tr|A0A7J6GLR3|A0A7J6GLR3_CANSA	P13006	23.9	577	2220	605	1.14e-14	73.6	22.3	91.1
tr|A0A7J6GLR3|A0A7J6GLR3_CANSA	A0A0A2K2F6	24.2	557	2220	604	1.50e-14	73.2	21.2	87.9
tr|A0A7J6GLR3|A0A7J6GLR3_CANSA	A0A0A2JC26	27.1	325	2220	614	3.79e-10	58.9	12.4	51.0
tr|A0A7J6GLT4|A0A7J6GLT4_CANSA	Q70FC9	23.9	564	500	605	9.39e-16	73.9	93.2	87.6
tr|A0A7J6GLT4|A0A7J6GLT4_CANSA	P81156	24.2	558	500	605	1.24e-15	73.6	93.2	87.6
tr|A0A7J6GLT4|A0A7J6GLT4_CANSA	K9L4P7	22.7	565	500	604	2.18e-15	72.8	93.2	87.6
tr|A0A7J6GLT4|A0A7J6GLT4_CANSA	Q92452	23.0	556	500	605	8.88e-15	70.9	93.2	87.6
tr|A0A7J6GLT4|A0A7J6GLT4_CANSA	A0A0A2K2F6	22.8	565	500	604	9.65e-12	61.2	93.2	87.9
tr|A0A7J6GLT4|A0A7J6GLT4_CANSA	A0A1R3RM75	22.5	573	500	605	1.56e-10	57.4	93.0	87.6
tr|A0A7J6GP35|A0A7J6GP35_CANSA	Q70FC9	22.8	587	1175	605	3.98e-15	73.9	43.1	91.1
tr|A0A7J6GP35|A0A7J6GP35_CANSA	P13006	25.7	323	1175	605	3.60e-14	70.9	23.9	49.8
tr|A0A7J6GP35|A0A7J6GP35_CANSA	P81156	25.4	323	1175	605	6.23e-14	70.1	23.4	48.6
tr|A0A7J6GP35|A0A7J6GP35_CANSA	Q92452	25.4	323	1175	605	1.87e-13	68.6	23.4	48.6
tr|A0A7J6GP35|A0A7J6GP35_CANSA	K9L4P7	21.0	586	1175	604	2.46e-13	68.2	43.7	92.2
tr|A0A7J6GP35|A0A7J6GP35_CANSA	A0A0A2JC26	23.5	595	1175	614	2.49e-13	68.2	43.1	90.6
tr|A0A7J6GP35|A0A7J6GP35_CANSA	A0A1R3RM75	23.9	585	1175	605	5.62e-13	67.0	43.1	91.1
tr|A0A7J6GP35|A0A7J6GP35_CANSA	A0A0A2K2F6	25.8	345	1175	604	9.71e-13	66.2	25.4	53.3
tr|A0A7J6GP99|A0A7J6GP99_CANSA	P69935	30.5	223	352	248	2.46e-21	86.3	62.2	85.5
tr|A0A7J6GP99|A0A7J6GP99_CANSA	P69936	30.5	223	352	248	2.46e-21	86.3	62.2	85.5
tr|A0A7J6GP99|A0A7J6GP99_CANSA	Q8U8I2	27.7	195	352	249	5.69e-15	68.2	55.4	73.5
tr|A0A7J6GP99|A0A7J6GP99_CANSA	Q9KWN1	28.2	195	352	249	7.71e-15	67.8	55.4	73.5
tr|A0A7J6GSZ3|A0A7J6GSZ3_CANSA	D4N502	30.6	235	283	360	1.68e-29	109	78.4	63.1
tr|A0A7J6GTH1|A0A7J6GTH1_CANSA	Q9I6C8	39.2	403	537	476	4.09e-88	274	74.5	81.1
tr|A0A7J6GTH1|A0A7J6GTH1_CANSA	O86447	38.9	388	537	481	5.79e-81	256	70.4	79.4
tr|A0A7J6GTH1|A0A7J6GTH1_CANSA	Q9A777	36.7	371	537	485	1.77e-75	241	67.4	76.1
tr|A0A7J6GTH1|A0A7J6GTH1_CANSA	P25553	28.8	340	537	479	4.14e-37	137	62.0	70.4
tr|A0A7J6GTK4|A0A7J6GTK4_CANSA	Q1JUZ2	26.9	167	538	453	7.54e-15	70.9	29.7	34.7
tr|A0A7J6GTK4|A0A7J6GTK4_CANSA	F7J186	27.2	162	538	470	3.11e-13	65.9	29.7	33.8
tr|A0A7J6GUJ6|A0A7J6GUJ6_CANSA	Q3ZBE9	23.5	264	434	356	9.64e-09	50.8	60.4	65.4
tr|A0A7J6GUJ6|A0A7J6GUJ6_CANSA	Q5PPL3	21.6	356	434	362	3.05e-08	49.3	74.2	89.2
tr|A0A7J6GV56|A0A7J6GV56_CANSA	D4N502	30.3	304	331	360	4.74e-41	141	87.6	82.2
tr|A0A7J6GVG1|A0A7J6GVG1_CANSA	D4N502	31.0	310	390	360	6.50e-44	150	77.7	82.8
tr|A0A7J6GVV7|A0A7J6GVV7_CANSA	A6QM00	28.9	249	1009	521	1.89e-30	121	24.3	46.8
tr|A0A7J6GVV7|A0A7J6GVV7_CANSA	Q80WP8	28.2	277	1009	550	2.47e-30	121	27.1	50.0
tr|A0A7J6GVV7|A0A7J6GVV7_CANSA	Q9Y600	31.0	248	1009	493	2.52e-30	120	24.5	49.9
tr|A0A7J6GVV7|A0A7J6GVV7_CANSA	Q64611	28.4	324	1009	493	3.38e-30	120	31.7	63.9
tr|A0A7J6GVV7|A0A7J6GVV7_CANSA	Q6ZQY3	26.8	381	1009	521	4.51e-30	120	35.8	71.0
tr|A0A7J6GVV7|A0A7J6GVV7_CANSA	Q9DBE0	27.8	324	1009	493	1.94e-29	117	31.7	63.9
tr|A0A7J6GVV7|A0A7J6GVV7_CANSA	O58679	19.7	356	1009	383	4.13e-07	47.4	34.1	80.9
tr|A0A7J6GXA4|A0A7J6GXA4_CANSA	Q15738	24.7	279	687	373	3.51e-08	50.1	39.6	65.4
tr|A0A7J6GXA4|A0A7J6GXA4_CANSA	Q9R1J0	28.7	143	687	362	1.05e-07	48.5	20.4	35.6
tr|A0A7J6GY26|A0A7J6GY26_CANSA	Q64611	31.5	248	441	493	1.08e-33	126	51.7	49.9
tr|A0A7J6GY26|A0A7J6GY26_CANSA	Q9Y600	30.6	265	441	493	1.48e-33	126	55.6	53.3
tr|A0A7J6GY26|A0A7J6GY26_CANSA	Q80WP8	28.7	251	441	550	2.87e-32	123	52.4	45.3
tr|A0A7J6GY26|A0A7J6GY26_CANSA	Q9DBE0	30.2	248	441	493	6.16e-32	121	51.7	49.9
tr|A0A7J6GY26|A0A7J6GY26_CANSA	A6QM00	23.8	341	441	521	1.68e-30	117	70.7	64.3
tr|A0A7J6GY26|A0A7J6GY26_CANSA	Q6ZQY3	24.4	344	441	521	3.09e-30	117	71.4	64.9
tr|A0A7J6GY26|A0A7J6GY26_CANSA	O58679	20.6	287	441	383	2.99e-06	43.1	60.8	69.5
tr|A0A7J6H0U4|A0A7J6H0U4_CANSA	D4N502	36.8	155	1037	360	1.64e-27	109	14.8	42.5
tr|A0A7J6H0Z2|A0A7J6H0Z2_CANSA	Q70FC9	23.4	565	553	605	4.32e-18	81.6	83.5	89.6
tr|A0A7J6H0Z2|A0A7J6H0Z2_CANSA	A0A0A2K2F6	23.1	597	553	604	3.84e-16	75.5	89.7	95.5
tr|A0A7J6H0Z2|A0A7J6H0Z2_CANSA	K9L4P7	21.5	608	553	604	6.72e-16	74.7	89.7	95.2
tr|A0A7J6H0Z2|A0A7J6H0Z2_CANSA	A0A0A2JC26	24.4	565	553	614	4.82e-15	72.0	83.5	89.3
tr|A0A7J6H0Z2|A0A7J6H0Z2_CANSA	A0A1R3RM75	24.2	590	553	605	1.92e-14	70.1	88.1	93.9
tr|A0A7J6H0Z2|A0A7J6H0Z2_CANSA	P13006	23.1	602	553	605	2.54e-14	69.7	86.8	94.4
tr|A0A7J6H0Z2|A0A7J6H0Z2_CANSA	P81156	22.8	567	553	605	1.79e-13	67.0	83.5	89.6
tr|A0A7J6H0Z2|A0A7J6H0Z2_CANSA	Q92452	22.4	568	553	605	3.82e-12	62.8	83.5	89.6
tr|A0A7J6H2M2|A0A7J6H2M2_CANSA	G3Y419	25.6	406	476	1779	5.49e-22	94.0	76.9	20.6
tr|A0A7J6H2M2|A0A7J6H2M2_CANSA	A0A2P1DP91	24.6	406	476	1783	1.72e-21	92.4	76.9	20.5
tr|A0A7J6H2M2|A0A7J6H2M2_CANSA	A0A075TRC0	28.5	274	476	1776	4.96e-19	84.7	51.9	15.1
tr|A0A7J6H2M2|A0A7J6H2M2_CANSA	P22367	27.7	274	476	1774	1.16e-18	83.6	51.9	15.1
tr|A0A7J6H2M2|A0A7J6H2M2_CANSA	Q0CJ59	25.3	388	476	1803	1.93e-17	79.7	73.7	20.2
tr|A0A7J6H2M2|A0A7J6H2M2_CANSA	A1CFL8	27.4	274	476	1720	1.36e-16	77.0	51.9	15.6
tr|A0A7J6H2M2|A0A7J6H2M2_CANSA	A0A1L9WN37	27.5	273	476	1749	3.17e-16	75.9	51.7	15.3
tr|A0A7J6H2M2|A0A7J6H2M2_CANSA	A0A3G9K3K9	23.7	451	476	1678	7.27e-16	74.7	83.2	25.4
tr|A0A7J6H2M2|A0A7J6H2M2_CANSA	G1XU04	27.5	222	476	1761	3.91e-15	72.4	42.2	12.3
tr|A0A7J6H2R7|A0A7J6H2R7_CANSA	Q9R1J0	25.7	272	349	362	6.59e-09	50.8	75.6	63.5
tr|A0A7J6H2R7|A0A7J6H2R7_CANSA	Q15738	25.0	272	349	373	1.20e-08	50.1	75.6	61.7
tr|A0A7J6H2R7|A0A7J6H2R7_CANSA	Q3ZBE9	25.0	272	349	356	1.53e-08	49.7	75.6	64.6
tr|A0A7J6H2R7|A0A7J6H2R7_CANSA	Q5PPL3	25.4	272	349	362	8.64e-08	47.4	75.6	63.5
tr|A0A7J6H3P5|A0A7J6H3P5_CANSA	P25553	25.8	423	550	479	5.77e-36	134	70.7	87.3
tr|A0A7J6H3P5|A0A7J6H3P5_CANSA	O86447	23.0	283	550	481	2.91e-07	47.0	45.5	57.2
tr|A0A7J6H3P5|A0A7J6H3P5_CANSA	Q9A777	21.9	347	550	485	8.87e-07	45.4	56.2	68.7
tr|A0A7J6H3P5|A0A7J6H3P5_CANSA	Q9I6C8	24.6	187	550	476	3.52e-06	43.5	33.6	37.6
tr|A0A7J6H4F0|A0A7J6H4F0_CANSA	P12013	47.6	471	458	468	2.11e-137	398	95.2	99.1
tr|A0A7J6H4F0|A0A7J6H4F0_CANSA	G5EBD7	29.2	315	458	332	1.11e-32	121	54.8	92.2
tr|A0A7J6H4F0|A0A7J6H4F0_CANSA	D4GST8	36.3	204	458	299	5.52e-28	107	44.1	63.5
tr|A0A7J6H4N6|A0A7J6H4N6_CANSA	Q70FC9	24.0	572	497	605	3.34e-13	65.9	88.9	90.1
tr|A0A7J6H4N6|A0A7J6H4N6_CANSA	P81156	23.2	574	497	605	3.13e-12	62.8	88.9	90.1
tr|A0A7J6H4N6|A0A7J6H4N6_CANSA	Q92452	23.2	574	497	605	5.46e-12	62.0	88.9	90.1
tr|A0A7J6H4N6|A0A7J6H4N6_CANSA	K9L4P7	22.8	567	497	604	2.91e-11	59.7	88.9	90.1
tr|A0A7J6H4N6|A0A7J6H4N6_CANSA	A0A1R3RM75	24.5	326	497	605	5.28e-08	49.3	56.5	49.9
tr|A0A7J6H4N6|A0A7J6H4N6_CANSA	A0A0A2K2F6	21.8	551	497	604	9.19e-08	48.5	85.1	87.9
tr|A0A7J6H6A2|A0A7J6H6A2_CANSA	F7J186	23.8	239	545	470	1.72e-12	63.5	40.0	44.9
tr|A0A7J6H6A2|A0A7J6H6A2_CANSA	F7J188	24.0	192	545	469	3.98e-12	62.4	34.3	38.4
tr|A0A7J6H6A2|A0A7J6H6A2_CANSA	Q1JUZ2	27.2	180	545	453	5.98e-10	55.5	31.2	34.7
tr|A0A7J6HB88|A0A7J6HB88_CANSA	I1SB12	26.0	73	369	495	7.90e-06	41.6	19.8	14.7
tr|A0A7J6HFK8|A0A7J6HFK8_CANSA	P40319	23.9	184	324	345	1.26e-06	43.5	51.5	51.0
tr|A0A7J6HH48|A0A7J6HH48_CANSA	O58679	24.5	416	499	383	1.13e-31	120	82.4	99.5
tr|A0A7J6HID5|A0A7J6HID5_CANSA	A0A2I9	32.1	159	869	359	9.20e-19	83.2	18.0	43.7
tr|A0A7J6HIE4|A0A7J6HIE4_CANSA	A6QM00	28.2	312	502	521	1.15e-39	145	61.6	59.5
tr|A0A7J6HIE4|A0A7J6HIE4_CANSA	Q6ZQY3	29.0	314	502	521	2.15e-39	144	62.0	59.9
tr|A0A7J6HIE4|A0A7J6HIE4_CANSA	Q9DBE0	26.7	401	502	493	4.77e-38	140	78.5	78.9
tr|A0A7J6HIE4|A0A7J6HIE4_CANSA	Q80WP8	30.2	262	502	550	2.35e-37	139	52.0	47.3
tr|A0A7J6HIE4|A0A7J6HIE4_CANSA	Q9Y600	26.7	409	502	493	3.13e-37	137	80.1	80.5
tr|A0A7J6HIE4|A0A7J6HIE4_CANSA	Q64611	26.2	401	502	493	2.04e-36	135	78.5	78.9
tr|A0A7J6HIE4|A0A7J6HIE4_CANSA	O58679	22.8	311	502	383	6.09e-11	58.2	58.0	70.0
tr|A0A7J6HIG0|A0A7J6HIG0_CANSA	P69935	29.5	183	319	248	1.59e-17	75.1	57.1	72.2
tr|A0A7J6HIG0|A0A7J6HIG0_CANSA	P69936	29.5	183	319	248	1.59e-17	75.1	57.1	72.2
tr|A0A7J6HMD5|A0A7J6HMD5_CANSA	A0A2P1DP91	27.9	402	474	1783	1.74e-26	107	78.5	21.2
tr|A0A7J6HMD5|A0A7J6HMD5_CANSA	G3Y419	27.8	356	474	1779	4.14e-26	106	71.1	18.8
tr|A0A7J6HMD5|A0A7J6HMD5_CANSA	P22367	30.7	270	474	1774	5.38e-22	94.0	55.1	14.8
tr|A0A7J6HMD5|A0A7J6HMD5_CANSA	G1XU04	30.2	281	474	1761	1.68e-21	92.4	57.2	15.5
tr|A0A7J6HMD5|A0A7J6HMD5_CANSA	A0A075TRC0	30.4	273	474	1776	3.95e-21	91.3	55.1	14.8
tr|A0A7J6HMD5|A0A7J6HMD5_CANSA	A1CFL8	30.1	269	474	1720	9.20e-21	90.1	55.1	15.3
tr|A0A7J6HMD5|A0A7J6HMD5_CANSA	Q0CJ59	31.3	230	474	1803	2.89e-20	88.6	48.1	12.4
tr|A0A7J6HMD5|A0A7J6HMD5_CANSA	A0A1L9WN37	30.3	271	474	1749	5.07e-20	87.8	55.1	15.0
tr|A0A7J6HMD5|A0A7J6HMD5_CANSA	A0A3G9K3K9	27.5	357	474	1678	3.10e-16	75.9	71.3	20.1
tr|A0A7J6HN73|A0A7J6HN73_CANSA	Q70FC9	23.5	566	551	605	5.37e-17	78.2	83.8	89.6
tr|A0A7J6HN73|A0A7J6HN73_CANSA	P13006	23.1	572	551	605	7.10e-17	77.8	85.8	91.6
tr|A0A7J6HN73|A0A7J6HN73_CANSA	A0A0A2K2F6	23.0	600	551	604	2.18e-16	76.3	90.0	95.5
tr|A0A7J6HN73|A0A7J6HN73_CANSA	K9L4P7	23.0	569	551	604	1.54e-15	73.6	84.0	89.7
tr|A0A7J6HN73|A0A7J6HN73_CANSA	Q92452	23.0	566	551	605	3.57e-15	72.4	83.8	89.6
tr|A0A7J6HN73|A0A7J6HN73_CANSA	P81156	22.8	565	551	605	6.25e-15	71.6	83.8	89.6
tr|A0A7J6HN73|A0A7J6HN73_CANSA	A0A0A2JC26	23.0	561	551	614	1.36e-13	67.4	83.8	89.3
tr|A0A7J6HN73|A0A7J6HN73_CANSA	A0A1R3RM75	24.3	559	551	605	3.10e-13	66.2	83.8	89.8
tr|A0A7J6HNT9|A0A7J6HNT9_CANSA	P25553	37.3	466	505	479	8.44e-97	296	88.7	95.6
tr|A0A7J6HNT9|A0A7J6HNT9_CANSA	Q9A777	30.7	414	505	485	3.94e-45	159	78.8	83.9
tr|A0A7J6HNT9|A0A7J6HNT9_CANSA	Q9I6C8	31.7	375	505	476	8.89e-45	158	73.3	75.8
tr|A0A7J6HNT9|A0A7J6HNT9_CANSA	O86447	32.2	342	505	481	1.84e-44	157	66.5	70.1
tr|A0A7J6HP57|A0A7J6HP57_CANSA	Q58130	38.5	361	410	333	9.20e-63	200	86.6	98.8
tr|A0A7J6HP57|A0A7J6HP57_CANSA	Q5SIJ1	39.2	342	410	334	5.66e-61	195	82.7	94.9
tr|A0A7J6HP57|A0A7J6HP57_CANSA	Q72IW9	39.2	342	410	334	5.66e-61	195	82.7	94.9
tr|A0A7J6HP57|A0A7J6HP57_CANSA	Q58991	35.9	368	410	347	1.24e-54	179	87.1	98.3
tr|A0A7J6HP57|A0A7J6HP57_CANSA	P76251	35.8	349	410	361	2.64e-53	176	82.2	94.5
tr|A0A7J6HP57|A0A7J6HP57_CANSA	P42958	32.8	345	410	354	4.61e-52	172	83.2	94.9
tr|A0A7J6HP57|A0A7J6HP57_CANSA	P40495	32.9	386	410	371	2.00e-50	169	91.2	98.4
tr|A0A7J6HP57|A0A7J6HP57_CANSA	Q55BI2	33.4	365	410	354	1.96e-49	166	88.3	93.8
tr|A0A7J6HP57|A0A7J6HP57_CANSA	P70792	34.4	343	410	358	3.01e-49	165	82.0	93.3
tr|A0A7J6HP57|A0A7J6HP57_CANSA	P70787	34.4	343	410	364	3.47e-49	165	82.0	91.8
tr|A0A7J6HP57|A0A7J6HP57_CANSA	Q51945	32.3	359	410	365	1.89e-48	163	85.6	96.4
tr|A0A7J6HP57|A0A7J6HP57_CANSA	O34296	33.8	343	410	358	4.39e-48	162	82.0	93.3
tr|A0A7J6HP57|A0A7J6HP57_CANSA	Q44471	33.8	343	410	364	5.05e-48	162	82.0	91.8
tr|A0A7J6HP57|A0A7J6HP57_CANSA	O34295	33.8	343	410	358	6.14e-48	162	82.0	93.3
tr|A0A7J6HP57|A0A7J6HP57_CANSA	Q945K7	32.3	350	410	374	6.75e-46	157	84.6	87.4
tr|A0A7J6HP57|A0A7J6HP57_CANSA	O59394	36.1	341	410	345	5.06e-45	154	83.2	89.3
tr|A0A7J6HP57|A0A7J6HP57_CANSA	P50213	33.0	358	410	366	5.95e-44	151	86.6	90.4
tr|A0A7J6HP57|A0A7J6HP57_CANSA	Q5R678	33.0	358	410	366	5.95e-44	151	86.6	90.4
tr|A0A7J6HP57|A0A7J6HP57_CANSA	P41563	32.4	358	410	366	8.29e-44	151	86.6	90.4
tr|A0A7J6HP57|A0A7J6HP57_CANSA	Q9D6R2	32.7	358	410	366	3.12e-43	149	86.6	90.4
tr|A0A7J6HP57|A0A7J6HP57_CANSA	P56471	32.4	358	410	366	8.43e-43	148	86.6	90.4
tr|A0A7J6HP57|A0A7J6HP57_CANSA	Q93714	33.7	350	410	358	2.67e-42	147	84.4	90.2
tr|A0A7J6HP57|A0A7J6HP57_CANSA	Q8LG77	32.1	355	410	374	2.69e-42	147	85.9	88.8
tr|A0A7J6HP57|A0A7J6HP57_CANSA	Q99NA5	32.4	358	410	366	4.41e-42	146	86.6	90.4
tr|A0A7J6HP57|A0A7J6HP57_CANSA	Q9VWH4	31.9	376	410	377	1.07e-41	145	90.0	91.8
tr|A0A7J6HP57|A0A7J6HP57_CANSA	O14104	28.8	378	410	362	5.69e-41	143	87.6	98.9
tr|A0A7J6HP57|A0A7J6HP57_CANSA	O94230	31.7	369	410	368	3.34e-40	141	88.0	90.2
tr|A0A7J6HP57|A0A7J6HP57_CANSA	Q54B68	30.2	361	410	360	7.61e-39	137	84.9	92.5
tr|A0A7J6HP57|A0A7J6HP57_CANSA	P28241	31.2	369	410	369	2.39e-37	134	88.0	90.0
tr|A0A7J6HP57|A0A7J6HP57_CANSA	O13302	29.8	363	410	388	3.38e-37	134	87.3	86.6
tr|A0A7J6HP57|A0A7J6HP57_CANSA	Q9USP8	29.5	329	410	379	5.52e-37	133	79.3	80.2
tr|A0A7J6HP57|A0A7J6HP57_CANSA	O94229	31.6	339	410	361	7.57e-37	132	81.0	85.6
tr|A0A7J6HP57|A0A7J6HP57_CANSA	Q93353	28.6	350	410	379	6.10e-32	119	84.1	86.8
tr|A0A7J6HP57|A0A7J6HP57_CANSA	P28834	30.8	341	410	360	1.17e-31	118	81.0	85.8
tr|A0A7J6HP57|A0A7J6HP57_CANSA	O13696	30.2	334	410	356	2.69e-30	114	80.2	87.1
tr|A0A7J6HPR6|A0A7J6HPR6_CANSA	O58679	24.3	419	496	383	1.87e-28	110	82.5	99.0
tr|A0A7J6HR31|A0A7J6HR31_CANSA	O52791	26.4	352	853	357	8.99e-24	98.2	40.9	86.0
tr|A0A7J6HR31|A0A7J6HR31_CANSA	Q5XIH9	25.9	313	853	371	1.85e-17	79.3	34.0	75.5
tr|A0A7J6HR31|A0A7J6HR31_CANSA	Q8K248	25.6	313	853	371	5.93e-15	71.6	34.0	75.5
tr|A0A7J6HR31|A0A7J6HR31_CANSA	Q96IR7	26.5	313	853	371	1.87e-14	70.1	34.0	75.5
tr|A0A7J6HSL7|A0A7J6HSL7_CANSA	O52791	26.4	360	438	357	2.91e-21	89.0	81.1	88.2
tr|A0A7J6HSL7|A0A7J6HSL7_CANSA	Q5XIH9	26.6	305	438	371	2.18e-19	83.6	65.5	75.5
tr|A0A7J6HSL7|A0A7J6HSL7_CANSA	Q8K248	26.7	360	438	371	1.41e-16	75.1	77.4	85.4
tr|A0A7J6HSL7|A0A7J6HSL7_CANSA	Q96IR7	30.8	146	438	371	1.97e-14	68.6	33.3	34.0
tr|A0A7J6HSQ5|A0A7J6HSQ5_CANSA	I1SB12	23.9	498	536	495	3.92e-26	105	88.2	92.5
tr|A0A7J6HSQ5|A0A7J6HSQ5_CANSA	P93762	24.4	491	536	546	1.57e-19	85.9	79.7	85.0
tr|A0A7J6HSS9|A0A7J6HSS9_CANSA	P93762	24.7	497	544	546	7.49e-25	102	79.0	85.5
tr|A0A7J6HT69|A0A7J6HT69_CANSA	A6QM00	28.4	250	518	521	6.18e-32	123	48.1	47.6
tr|A0A7J6HT69|A0A7J6HT69_CANSA	Q80WP8	28.5	277	518	550	1.05e-31	122	52.7	50.0
tr|A0A7J6HT69|A0A7J6HT69_CANSA	Q6ZQY3	28.8	250	518	521	2.07e-31	121	48.1	47.6
tr|A0A7J6HT69|A0A7J6HT69_CANSA	Q9Y600	30.1	246	518	493	5.40e-31	120	47.3	49.5
tr|A0A7J6HT69|A0A7J6HT69_CANSA	Q64611	27.8	291	518	493	2.45e-30	118	55.4	58.6
tr|A0A7J6HT69|A0A7J6HT69_CANSA	Q9DBE0	29.3	246	518	493	6.04e-30	117	47.3	49.5
tr|A0A7J6HTI1|A0A7J6HTI1_CANSA	D4N502	31.4	299	327	360	1.73e-38	134	86.9	79.4
tr|A0A7J6HTK0|A0A7J6HTK0_CANSA	I1SB12	24.2	459	513	495	3.78e-22	93.6	82.1	85.9
tr|A0A7J6HTK0|A0A7J6HTK0_CANSA	P93762	23.9	410	513	546	4.69e-10	55.8	65.9	72.0
tr|A0A7J6HU05|A0A7J6HU05_CANSA	A3MU08	32.8	265	741	286	1.51e-41	147	35.8	92.7
tr|A0A7J6HU05|A0A7J6HU05_CANSA	Q9I5I6	28.6	287	741	298	4.13e-31	118	37.7	96.0
tr|A0A7J6HU05|A0A7J6HU05_CANSA	P12013	28.1	199	741	468	5.17e-06	43.5	25.0	41.5
tr|A0A7J6HU49|A0A7J6HU49_CANSA	P93762	25.8	503	531	546	2.79e-20	88.2	81.0	85.5
tr|A0A7J6HUE9|A0A7J6HUE9_CANSA	I1SB12	25.2	468	666	495	3.01e-27	110	66.4	85.5
tr|A0A7J6HUE9|A0A7J6HUE9_CANSA	P93762	23.0	482	666	546	8.70e-21	90.5	64.0	84.8
tr|A0A7J6HUI4|A0A7J6HUI4_CANSA	I1SB12	24.8	467	535	495	1.96e-37	139	85.0	88.1
tr|A0A7J6HUI4|A0A7J6HUI4_CANSA	P93762	25.4	489	535	546	2.00e-18	82.4	79.8	85.0
tr|A0A7J6HUM6|A0A7J6HUM6_CANSA	Q9R1J0	30.6	124	667	362	1.15e-10	57.8	18.6	31.8
tr|A0A7J6HUM6|A0A7J6HUM6_CANSA	Q15738	31.5	127	667	373	1.60e-10	57.4	18.9	31.6
tr|A0A7J6HUM6|A0A7J6HUM6_CANSA	Q5PPL3	29.0	124	667	362	6.31e-10	55.5	18.6	31.8
tr|A0A7J6HWY6|A0A7J6HWY6_CANSA	A3MU08	32.8	265	725	286	1.39e-41	147	36.6	92.7
tr|A0A7J6HWY6|A0A7J6HWY6_CANSA	Q9I5I6	28.3	286	725	298	1.59e-31	119	38.3	95.6
tr|A0A7J6HWY6|A0A7J6HWY6_CANSA	P12013	28.1	199	725	468	5.03e-06	43.5	25.5	41.5
tr|A0A7J6HX81|A0A7J6HX81_CANSA	A0A096P8D3	33.4	380	431	470	3.55e-44	155	84.5	77.9
tr|A0A7J6HX81|A0A7J6HX81_CANSA	B7G620	30.4	388	431	548	1.07e-42	152	84.5	68.2
tr|A0A7J6HX81|A0A7J6HX81_CANSA	P40495	32.4	105	431	371	3.75e-06	42.7	24.1	27.0
tr|A0A7J6HXE2|A0A7J6HXE2_CANSA	G3Y419	25.8	337	949	1779	2.41e-22	97.8	33.2	17.4
tr|A0A7J6HXE2|A0A7J6HXE2_CANSA	A0A2P1DP91	25.5	341	949	1783	1.23e-21	95.5	33.6	17.6
tr|A0A7J6HXE2|A0A7J6HXE2_CANSA	Q0CJ59	27.1	336	949	1803	1.62e-21	95.1	33.6	17.3
tr|A0A7J6HXE2|A0A7J6HXE2_CANSA	A1CFL8	25.7	339	949	1720	7.18e-20	89.7	33.6	18.1
tr|A0A7J6HXE2|A0A7J6HXE2_CANSA	A0A075TRC0	29.1	230	949	1776	2.82e-19	87.8	23.3	12.6
tr|A0A7J6HXE2|A0A7J6HXE2_CANSA	A0A1L9WN37	24.8	387	949	1749	8.32e-19	86.3	37.9	20.6
tr|A0A7J6HXE2|A0A7J6HXE2_CANSA	P22367	28.9	228	949	1774	8.35e-19	86.3	23.1	12.5
tr|A0A7J6HXE2|A0A7J6HXE2_CANSA	G1XU04	25.7	296	949	1761	1.88e-18	85.1	28.8	15.7
tr|A0A7J6HXE2|A0A7J6HXE2_CANSA	A0A3G9K3K9	25.8	279	949	1678	8.39e-15	73.2	27.3	15.9
tr|A0A7J6HZC8|A0A7J6HZC8_CANSA	D4N502	30.6	320	367	360	5.65e-42	145	82.6	86.1
tr|A0A7J6HZM3|A0A7J6HZM3_CANSA	P13006	24.3	613	568	605	1.08e-13	67.8	91.4	91.6
tr|A0A7J6HZM3|A0A7J6HZM3_CANSA	A0A1R3RM75	24.1	610	568	605	2.12e-11	60.5	91.4	91.6
tr|A0A7J6HZM3|A0A7J6HZM3_CANSA	A0A0A2K2F6	23.3	589	568	604	8.46e-11	58.5	91.5	91.9
tr|A0A7J6HZM3|A0A7J6HZM3_CANSA	K9L4P7	23.9	322	568	604	2.56e-10	57.0	48.4	51.3
tr|A0A7J6HZT1|A0A7J6HZT1_CANSA	A0A1R3RM75	24.6	333	483	605	6.12e-07	45.8	55.5	52.4
tr|A0A7J6HZT1|A0A7J6HZT1_CANSA	K9L4P7	23.0	326	483	604	5.60e-06	42.7	55.1	52.0
tr|A0A7J6I0E5|A0A7J6I0E5_CANSA	Q8U8I2	27.5	153	1427	249	6.05e-07	46.6	10.7	58.2
tr|A0A7J6I0E5|A0A7J6I0E5_CANSA	Q9KWN1	28.7	129	1427	249	8.11e-06	43.1	8.5	49.0
tr|A0A7J6I191|A0A7J6I191_CANSA	D4N502	36.3	289	376	360	2.13e-47	159	75.8	77.5
tr|A0A7J6I1N3|A0A7J6I1N3_CANSA	D4N502	38.0	313	385	360	2.62e-73	227	81.0	85.8
tr|A0A7J6I3E8|A0A7J6I3E8_CANSA	Q6F6Y2	29.9	358	658	385	8.27e-36	133	53.2	86.5
tr|A0A7J6I3E8|A0A7J6I3E8_CANSA	A6T923	28.8	354	658	384	1.69e-32	124	53.3	86.7
tr|A0A7J6I3E8|A0A7J6I3E8_CANSA	B5B0J6	29.4	357	658	384	3.10e-32	123	53.3	86.7
tr|A0A7J6I3E8|A0A7J6I3E8_CANSA	B6D1N4	29.2	319	658	384	1.41e-31	121	48.0	80.2
tr|A0A7J6I3E8|A0A7J6I3E8_CANSA	A1TFU9	28.5	355	658	395	1.87e-30	118	53.5	85.3
tr|A0A7J6I3E8|A0A7J6I3E8_CANSA	Q88FY2	27.9	330	658	382	2.98e-26	105	47.9	81.7
tr|A0A7J6I3E8|A0A7J6I3E8_CANSA	P86491	27.4	336	658	385	6.01e-25	101	48.0	81.3
tr|A0A7J6I3E8|A0A7J6I3E8_CANSA	A0A0H3LKL4	25.5	333	658	383	3.46e-24	99.4	48.5	82.2
tr|A0A7J6I3K6|A0A7J6I3K6_CANSA	P25553	28.7	484	1430	479	7.36e-54	191	32.9	99.2
tr|A0A7J6I3K6|A0A7J6I3K6_CANSA	Q9I6C8	25.4	272	1430	476	1.97e-14	71.6	18.6	54.6
tr|A0A7J6I3K6|A0A7J6I3K6_CANSA	Q9A777	23.9	343	1430	485	3.27e-13	67.8	23.4	70.1
tr|A0A7J6I3K6|A0A7J6I3K6_CANSA	O86447	23.6	343	1430	481	1.30e-12	65.9	23.3	70.3
tr|A0A7J6I680|A0A7J6I680_CANSA	P12013	41.6	469	428	468	7.01e-111	329	96.5	98.7
tr|A0A7J6I680|A0A7J6I680_CANSA	G5EBD7	24.8	407	428	332	2.81e-23	94.4	94.2	99.7
tr|A0A7J6I680|A0A7J6I680_CANSA	D4GST8	26.3	285	428	299	4.30e-16	72.8	59.3	89.6
tr|A0A7J6I7D2|A0A7J6I7D2_CANSA	P69935	30.5	197	659	248	2.67e-15	70.5	29.6	71.8
tr|A0A7J6I7D2|A0A7J6I7D2_CANSA	P69936	30.5	197	659	248	2.67e-15	70.5	29.6	71.8
tr|A0A7J6I7V5|A0A7J6I7V5_CANSA	D4N502	32.7	300	394	360	6.68e-46	156	75.1	80.0
tr|A0A7J6I8F8|A0A7J6I8F8_CANSA	Q945K7	74.6	409	450	374	5.00e-214	588	90.9	92.0
tr|A0A7J6I8F8|A0A7J6I8F8_CANSA	Q8LG77	69.3	411	450	374	8.06e-199	550	91.3	92.5
tr|A0A7J6I8F8|A0A7J6I8F8_CANSA	Q9VWH4	51.5	408	450	377	1.78e-137	394	90.7	90.2
tr|A0A7J6I8F8|A0A7J6I8F8_CANSA	Q55BI2	51.6	399	450	354	3.48e-134	385	88.4	92.7
tr|A0A7J6I8F8|A0A7J6I8F8_CANSA	P41563	49.5	392	450	366	9.47e-127	367	87.1	89.3
tr|A0A7J6I8F8|A0A7J6I8F8_CANSA	Q9D6R2	49.5	392	450	366	9.47e-127	367	87.1	89.3
tr|A0A7J6I8F8|A0A7J6I8F8_CANSA	P50213	49.5	392	450	366	2.69e-126	365	87.1	89.3
tr|A0A7J6I8F8|A0A7J6I8F8_CANSA	Q5R678	49.5	392	450	366	2.69e-126	365	87.1	89.3
tr|A0A7J6I8F8|A0A7J6I8F8_CANSA	P56471	49.2	392	450	366	7.64e-126	364	87.1	89.3
tr|A0A7J6I8F8|A0A7J6I8F8_CANSA	Q99NA5	49.5	392	450	366	2.17e-125	363	87.1	89.3
tr|A0A7J6I8F8|A0A7J6I8F8_CANSA	Q93714	48.2	392	450	358	3.50e-122	355	86.9	90.8
tr|A0A7J6I8F8|A0A7J6I8F8_CANSA	Q9USP8	48.0	406	450	379	1.13e-120	352	89.6	89.4
tr|A0A7J6I8F8|A0A7J6I8F8_CANSA	Q54B68	45.6	397	450	360	7.04e-109	321	87.8	90.3
tr|A0A7J6I8F8|A0A7J6I8F8_CANSA	P28241	46.2	407	450	369	3.02e-107	317	88.9	91.3
tr|A0A7J6I8F8|A0A7J6I8F8_CANSA	O94230	44.8	406	450	368	1.87e-105	312	88.7	91.3
tr|A0A7J6I8F8|A0A7J6I8F8_CANSA	O13302	43.1	397	450	388	3.22e-100	300	87.8	85.6
tr|A0A7J6I8F8|A0A7J6I8F8_CANSA	O13696	41.6	397	450	356	3.77e-90	273	87.8	93.3
tr|A0A7J6I8F8|A0A7J6I8F8_CANSA	P28834	41.3	397	450	360	4.27e-90	273	87.8	91.1
tr|A0A7J6I8F8|A0A7J6I8F8_CANSA	O94229	41.0	398	450	361	6.22e-90	272	87.8	90.9
tr|A0A7J6I8F8|A0A7J6I8F8_CANSA	Q93353	37.0	400	450	379	2.77e-80	248	87.6	87.9
tr|A0A7J6I8F8|A0A7J6I8F8_CANSA	Q5SIJ1	34.3	396	450	334	1.06e-61	198	87.6	97.9
tr|A0A7J6I8F8|A0A7J6I8F8_CANSA	Q72IW9	34.3	396	450	334	1.06e-61	198	87.6	97.9
tr|A0A7J6I8F8|A0A7J6I8F8_CANSA	Q58130	32.7	398	450	333	3.28e-59	192	87.6	98.2
tr|A0A7J6I8F8|A0A7J6I8F8_CANSA	P40495	32.4	429	450	371	2.76e-56	185	91.8	98.7
tr|A0A7J6I8F8|A0A7J6I8F8_CANSA	O14104	32.0	425	450	362	4.55e-55	182	89.1	99.2
tr|A0A7J6I8F8|A0A7J6I8F8_CANSA	Q58991	33.1	408	450	347	6.76e-53	176	87.6	97.1
tr|A0A7J6I8F8|A0A7J6I8F8_CANSA	O59394	30.4	395	450	345	6.18e-43	149	87.6	91.6
tr|A0A7J6I8F8|A0A7J6I8F8_CANSA	O34296	27.1	409	450	358	7.73e-38	135	87.6	96.9
tr|A0A7J6I8F8|A0A7J6I8F8_CANSA	O34295	27.1	409	450	358	1.07e-37	135	87.6	96.9
tr|A0A7J6I8F8|A0A7J6I8F8_CANSA	P70792	25.9	409	450	358	1.07e-37	135	87.6	96.9
tr|A0A7J6I8F8|A0A7J6I8F8_CANSA	P70787	25.9	409	450	364	1.66e-37	135	87.6	95.3
tr|A0A7J6I8F8|A0A7J6I8F8_CANSA	Q44471	27.1	409	450	364	1.66e-37	135	87.6	95.3
tr|A0A7J6I8F8|A0A7J6I8F8_CANSA	P42958	28.3	410	450	354	9.58e-37	132	87.6	97.2
tr|A0A7J6I8F8|A0A7J6I8F8_CANSA	Q51945	31.6	329	450	365	5.01e-33	122	70.2	73.2
tr|A0A7J6I8F8|A0A7J6I8F8_CANSA	P76251	30.8	325	450	361	3.17e-32	120	69.6	72.9
tr|A0A7J6I8N7|A0A7J6I8N7_CANSA	Q9I6C8	35.5	445	564	476	1.30e-86	271	78.7	91.2
tr|A0A7J6I8N7|A0A7J6I8N7_CANSA	O86447	33.3	457	564	481	3.31e-74	239	79.4	92.1
tr|A0A7J6I8N7|A0A7J6I8N7_CANSA	Q9A777	32.6	432	564	485	2.75e-73	236	74.8	86.8
tr|A0A7J6I8N7|A0A7J6I8N7_CANSA	P25553	28.7	349	564	479	1.89e-32	124	60.6	70.4
tr|A0A7J6I9W1|A0A7J6I9W1_CANSA	P13006	22.3	345	543	605	9.60e-07	45.4	57.6	50.1
tr|A0A7J6I9W1|A0A7J6I9W1_CANSA	A0A0A2JC26	21.8	325	543	614	1.68e-06	44.7	55.4	48.0
tr|A0A7J6I9W1|A0A7J6I9W1_CANSA	A0A1R3RM75	22.9	345	543	605	6.62e-06	42.7	58.0	51.2
tr|A0A7J6IA99|A0A7J6IA99_CANSA	O58679	27.3	172	322	383	1.84e-10	55.5	50.9	39.7
tr|A0A7J6IB50|A0A7J6IB50_CANSA	A3MU08	33.1	266	1431	286	7.01e-38	138	18.6	92.0
tr|A0A7J6IB50|A0A7J6IB50_CANSA	Q9I5I6	28.0	300	1431	298	1.32e-30	117	20.5	99.7
tr|A0A7J6IB73|A0A7J6IB73_CANSA	P69935	28.3	226	304	248	6.84e-15	67.4	68.1	89.9
tr|A0A7J6IB73|A0A7J6IB73_CANSA	P69936	28.3	226	304	248	6.84e-15	67.4	68.1	89.9
tr|A0A7J6IB73|A0A7J6IB73_CANSA	Q8U8I2	27.6	185	304	249	1.50e-13	63.5	55.3	73.1
tr|A0A7J6IB73|A0A7J6IB73_CANSA	Q9KWN1	26.2	183	304	249	1.71e-12	60.5	55.3	73.1
tr|A0A7J6IBT9|A0A7J6IBT9_CANSA	O58679	22.8	416	496	383	1.60e-27	108	82.9	99.5
tr|A0A7J6ICA6|A0A7J6ICA6_CANSA	O58679	34.3	388	539	383	2.13e-61	201	71.6	96.1
tr|A0A7J6DJ30|A0A7J6DJ30_CANSA	D4N502	30.4	280	524	360	5.33e-32	120	40.1	77.8
tr|A0A7J6DJG4|A0A7J6DJG4_CANSA	Q8U8I2	27.0	241	301	249	5.58e-16	70.5	79.7	90.8
tr|A0A7J6DJG4|A0A7J6DJG4_CANSA	Q9KWN1	28.7	188	301	249	2.65e-15	68.6	62.1	73.9
tr|A0A7J6DJS8|A0A7J6DJS8_CANSA	I1SB12	33.0	185	368	495	5.19e-28	108	49.7	37.0
tr|A0A7J6DJS8|A0A7J6DJS8_CANSA	P93762	39.2	97	368	546	1.07e-11	60.1	23.9	17.8
tr|A0A7J6DK01|A0A7J6DK01_CANSA	D4N502	35.3	346	591	360	1.43e-53	181	56.9	94.7
tr|A0A7J6DKX9|A0A7J6DKX9_CANSA	I1SB12	23.5	497	649	495	2.19e-24	101	72.9	92.5
tr|A0A7J6DKX9|A0A7J6DKX9_CANSA	P93762	25.0	504	649	546	5.65e-19	84.7	65.8	85.0
tr|A0A7J6DLP8|A0A7J6DLP8_CANSA	D4N502	52.5	358	1018	360	6.14e-118	361	35.0	98.3
tr|A0A7J6DLS9|A0A7J6DLS9_CANSA	Q9I6C8	35.2	364	435	476	1.19e-67	218	78.9	75.4
tr|A0A7J6DLS9|A0A7J6DLS9_CANSA	Q9A777	31.4	427	435	485	1.12e-66	215	86.2	87.0
tr|A0A7J6DLS9|A0A7J6DLS9_CANSA	O86447	32.3	421	435	481	7.70e-66	213	86.0	86.5
tr|A0A7J6DLS9|A0A7J6DLS9_CANSA	P25553	24.0	342	435	479	1.14e-21	91.3	72.6	70.6
tr|A0A7J6DMD9|A0A7J6DMD9_CANSA	Q15738	23.5	353	336	373	1.73e-18	79.7	99.4	89.8
tr|A0A7J6DMD9|A0A7J6DMD9_CANSA	Q9R1J0	25.6	328	336	362	2.18e-18	79.3	93.2	86.5
tr|A0A7J6DMD9|A0A7J6DMD9_CANSA	Q3ZBE9	24.7	328	336	356	4.28e-17	75.5	93.2	87.9
tr|A0A7J6DMD9|A0A7J6DMD9_CANSA	Q5PPL3	25.9	332	336	362	7.03e-15	68.9	93.2	86.5
tr|A0A7J6DN34|A0A7J6DN34_CANSA	Q88FY2	23.5	362	414	382	4.19e-16	73.6	86.2	88.2
tr|A0A7J6DN34|A0A7J6DN34_CANSA	Q6F6Y2	27.6	232	414	385	1.38e-11	59.7	54.6	53.8
tr|A0A7J6DN34|A0A7J6DN34_CANSA	A1TFU9	24.3	222	414	395	5.57e-09	51.6	51.9	49.6
tr|A0A7J6DNC3|A0A7J6DNC3_CANSA	Q6F6Y2	57.1	35	434	385	3.88e-06	42.7	8.1	9.1
tr|A0A7J6DP08|A0A7J6DP08_CANSA	D4N502	39.4	353	368	360	7.02e-90	269	93.5	97.5
tr|A0A7J6DPX9|A0A7J6DPX9_CANSA	Q6F6Y2	57.1	35	434	385	3.88e-06	42.7	8.1	9.1
tr|A0A7J6DPZ0|A0A7J6DPZ0_CANSA	D4N502	39.1	353	368	360	4.97e-90	270	93.5	97.5
tr|A0A7J6DRV0|A0A7J6DRV0_CANSA	Q9R1J0	27.0	248	323	362	1.12e-14	68.2	74.9	61.0
tr|A0A7J6DRV0|A0A7J6DRV0_CANSA	Q5PPL3	27.0	248	323	362	2.72e-14	67.0	74.9	61.0
tr|A0A7J6DRV0|A0A7J6DRV0_CANSA	Q15738	28.6	248	323	373	5.13e-14	66.2	74.9	59.2
tr|A0A7J6DRV0|A0A7J6DRV0_CANSA	Q3ZBE9	27.9	247	323	356	8.63e-14	65.5	74.6	61.8
tr|A0A7J6DS67|A0A7J6DS67_CANSA	P25553	36.0	414	466	479	3.23e-84	262	87.1	85.4
tr|A0A7J6DS67|A0A7J6DS67_CANSA	O86447	29.7	343	466	481	3.48e-46	161	71.5	69.9
tr|A0A7J6DS67|A0A7J6DS67_CANSA	Q9I6C8	29.5	356	466	476	1.62e-45	159	74.5	72.5
tr|A0A7J6DS67|A0A7J6DS67_CANSA	Q9A777	31.4	347	466	485	6.37e-43	152	72.1	69.9
tr|A0A7J6DT38|A0A7J6DT38_CANSA	Q5PPL3	36.2	356	591	362	1.38e-59	197	59.6	93.1
tr|A0A7J6DT38|A0A7J6DT38_CANSA	Q9R1J0	36.2	356	591	362	1.42e-58	194	59.6	93.1
tr|A0A7J6DT38|A0A7J6DT38_CANSA	Q15738	33.7	353	591	373	1.97e-52	178	59.1	89.5
tr|A0A7J6DT38|A0A7J6DT38_CANSA	Q3ZBE9	34.0	359	591	356	3.47e-52	177	60.1	95.5
tr|A0A7J6DT95|A0A7J6DT95_CANSA	Q8U8I2	26.7	240	298	249	7.66e-14	64.3	80.2	90.8
tr|A0A7J6DT95|A0A7J6DT95_CANSA	Q9KWN1	26.7	240	298	249	1.04e-13	63.9	80.2	90.8
tr|A0A7J6DT95|A0A7J6DT95_CANSA	P69935	24.3	235	298	248	2.46e-11	57.0	77.2	88.7
tr|A0A7J6DT95|A0A7J6DT95_CANSA	P69936	24.3	235	298	248	2.46e-11	57.0	77.2	88.7
tr|A0A7J6DT95|A0A7J6DT95_CANSA	Q8FHD2	25.8	233	298	248	2.71e-10	53.9	76.5	87.9
tr|A0A7J6DT95|A0A7J6DT95_CANSA	Q83RE8	25.3	233	298	248	4.93e-10	53.1	76.5	87.9
tr|A0A7J6DT95|A0A7J6DT95_CANSA	Q8X505	25.8	233	298	248	8.94e-10	52.4	76.5	87.9
tr|A0A7J6DT95|A0A7J6DT95_CANSA	P39831	25.3	233	298	248	1.20e-09	52.0	76.5	87.9
tr|A0A7J6DUN1|A0A7J6DUN1_CANSA	D4N502	39.6	280	618	360	5.59e-61	201	43.0	77.8
tr|A0A7J6DUN4|A0A7J6DUN4_CANSA	D4N502	41.4	280	352	360	6.52e-71	220	77.8	77.8
tr|A0A7J6DWB9|A0A7J6DWB9_CANSA	D4N502	34.3	329	340	360	1.00e-62	198	93.8	90.8
tr|A0A7J6DWI5|A0A7J6DWI5_CANSA	A0A2P1DP91	22.9	327	403	1783	9.82e-07	45.1	78.7	17.0
tr|A0A7J6DWK6|A0A7J6DWK6_CANSA	Q8S8F9	65.1	235	250	244	1.11e-118	333	93.6	96.3
tr|A0A7J6DWK6|A0A7J6DWK6_CANSA	Q6F6U3	25.8	151	250	214	2.57e-07	44.3	54.4	69.6
tr|A0A7J6DY30|A0A7J6DY30_CANSA	Q9I6C8	32.5	437	565	476	3.45e-61	204	69.6	89.5
tr|A0A7J6DY30|A0A7J6DY30_CANSA	O86447	30.6	451	565	481	1.43e-53	184	70.4	91.3
tr|A0A7J6DY30|A0A7J6DY30_CANSA	Q9A777	31.3	434	565	485	2.98e-53	183	67.3	87.0
tr|A0A7J6DY30|A0A7J6DY30_CANSA	P25553	28.9	218	565	479	3.14e-17	78.6	38.1	41.5
tr|A0A7J6DZE6|A0A7J6DZE6_CANSA	D4N502	40.0	95	207	360	1.56e-16	71.2	45.4	25.6
tr|A0A7J6DZV0|A0A7J6DZV0_CANSA	D4N502	31.3	134	209	360	1.43e-13	62.8	60.8	36.9
tr|A0A7J6E0I6|A0A7J6E0I6_CANSA	Q8FHD2	30.9	181	278	248	1.59e-24	93.6	64.0	72.6
tr|A0A7J6E0I6|A0A7J6E0I6_CANSA	Q8X505	30.9	181	278	248	4.28e-24	92.4	64.0	72.6
tr|A0A7J6E0I6|A0A7J6E0I6_CANSA	P39831	30.9	181	278	248	5.94e-24	92.0	64.0	72.6
tr|A0A7J6E0I6|A0A7J6E0I6_CANSA	Q83RE8	31.5	181	278	248	5.94e-24	92.0	64.0	72.6
tr|A0A7J6E0I6|A0A7J6E0I6_CANSA	P69935	32.0	181	278	248	2.21e-23	90.5	64.0	72.6
tr|A0A7J6E0I6|A0A7J6E0I6_CANSA	P69936	32.0	181	278	248	2.21e-23	90.5	64.0	72.6
tr|A0A7J6E175|A0A7J6E175_CANSA	P86491	39.2	51	81	385	7.69e-10	47.8	63.0	13.2
tr|A0A7J6E175|A0A7J6E175_CANSA	Q88FY2	35.3	51	81	382	2.16e-07	40.8	63.0	13.4
tr|A0A7J6E175|A0A7J6E175_CANSA	A0A0H3LKL4	37.5	40	81	383	6.82e-06	36.6	49.4	10.4
tr|A0A7J6E367|A0A7J6E367_CANSA	D4N502	20.9	301	244	360	1.42e-10	54.7	75.4	80.0
tr|A0A7J6E3N8|A0A7J6E3N8_CANSA	Q9KWN1	25.3	265	286	249	5.54e-11	55.8	92.7	96.0
tr|A0A7J6E3N8|A0A7J6E3N8_CANSA	Q8U8I2	24.9	265	286	249	1.37e-10	54.7	92.7	96.0
tr|A0A7J6E6Q5|A0A7J6E6Q5_CANSA	Q8S8F9	39.7	214	222	244	3.05e-45	145	64.9	87.7
tr|A0A7J6E971|A0A7J6E971_CANSA	Q6F6Y2	27.6	232	332	385	8.28e-12	59.7	68.1	53.8
tr|A0A7J6E971|A0A7J6E971_CANSA	Q88FY2	24.3	214	332	382	1.96e-11	58.5	64.2	52.1
tr|A0A7J6E971|A0A7J6E971_CANSA	A1TFU9	24.3	222	332	395	3.60e-09	51.6	64.8	49.6
tr|A0A7J6E9A4|A0A7J6E9A4_CANSA	Q8U8I2	30.5	190	864	249	2.32e-17	77.0	21.9	74.7
tr|A0A7J6E9A4|A0A7J6E9A4_CANSA	Q9KWN1	30.0	190	864	249	7.72e-17	75.5	21.9	74.7
tr|A0A7J6E9A4|A0A7J6E9A4_CANSA	P69935	30.8	182	864	248	1.14e-15	72.0	20.8	71.8
tr|A0A7J6E9A4|A0A7J6E9A4_CANSA	P69936	30.8	182	864	248	1.14e-15	72.0	20.8	71.8
tr|A0A7J6E9A4|A0A7J6E9A4_CANSA	Q8FHD2	29.4	201	864	248	5.57e-14	67.0	22.9	79.4
tr|A0A7J6E9A4|A0A7J6E9A4_CANSA	P39831	29.4	201	864	248	1.84e-13	65.5	22.9	79.4
tr|A0A7J6EAU2|A0A7J6EAU2_CANSA	D4N502	24.6	187	213	360	8.91e-11	54.7	82.2	50.3
tr|A0A7J6EDT2|A0A7J6EDT2_CANSA	D4N502	31.3	134	209	360	1.43e-13	62.8	60.8	36.9
tr|A0A7J6EGW6|A0A7J6EGW6_CANSA	P69935	24.7	219	294	248	2.11e-12	60.1	71.4	87.1
tr|A0A7J6EGW6|A0A7J6EGW6_CANSA	P69936	24.7	219	294	248	2.11e-12	60.1	71.4	87.1
tr|A0A7J6EHC7|A0A7J6EHC7_CANSA	D4N502	36.3	80	208	360	6.71e-10	52.0	38.5	18.3
tr|A0A7J6EI59|A0A7J6EI59_CANSA	D4N502	29.9	107	282	360	1.74e-08	48.9	37.9	29.7
tr|A0A7J6EIJ1|A0A7J6EIJ1_CANSA	F7J186	24.4	168	401	470	5.37e-07	45.4	38.4	34.3
tr|A0A7J6EJK9|A0A7J6EJK9_CANSA	Q5PPL3	27.7	119	286	362	5.73e-08	47.4	40.2	31.2
tr|A0A7J6EJK9|A0A7J6EJK9_CANSA	Q3ZBE9	28.7	122	286	356	1.01e-07	46.6	41.3	32.6
tr|A0A7J6EJK9|A0A7J6EJK9_CANSA	Q15738	27.7	119	286	373	1.39e-07	46.2	40.2	30.3
tr|A0A7J6EJK9|A0A7J6EJK9_CANSA	Q9R1J0	26.9	119	286	362	7.68e-07	43.9	40.2	31.2
tr|A0A7J6EKV3|A0A7J6EKV3_CANSA	Q9I6C8	31.6	421	606	476	2.09e-61	206	69.1	85.7
tr|A0A7J6EKV3|A0A7J6EKV3_CANSA	P25553	30.0	476	606	479	8.03e-56	191	77.2	95.6
tr|A0A7J6EKV3|A0A7J6EKV3_CANSA	Q9A777	29.0	427	606	485	1.65e-53	184	69.6	86.6
tr|A0A7J6EKV3|A0A7J6EKV3_CANSA	O86447	29.0	451	606	481	1.07e-52	182	73.6	88.1
tr|A0A7J6EN30|A0A7J6EN30_CANSA	D4N502	36.3	80	212	360	2.34e-12	59.3	37.7	22.2
tr|A0A7J6ENL0|A0A7J6ENL0_CANSA	Q9I6C8	31.6	421	606	476	2.09e-61	206	69.1	85.7
tr|A0A7J6ENL0|A0A7J6ENL0_CANSA	P25553	30.0	476	606	479	8.03e-56	191	77.2	95.6
tr|A0A7J6ENL0|A0A7J6ENL0_CANSA	Q9A777	29.0	427	606	485	1.65e-53	184	69.6	86.6
tr|A0A7J6ENL0|A0A7J6ENL0_CANSA	O86447	29.0	451	606	481	1.07e-52	182	73.6	88.1
tr|A0A7J6ENU9|A0A7J6ENU9_CANSA	Q8U8I2	30.5	190	352	249	3.48e-18	77.4	53.7	74.7
tr|A0A7J6ENU9|A0A7J6ENU9_CANSA	Q9KWN1	30.0	190	352	249	1.21e-17	75.9	53.7	74.7
tr|A0A7J6ENU9|A0A7J6ENU9_CANSA	P69935	30.8	182	352	248	1.93e-16	72.4	51.1	71.8
tr|A0A7J6ENU9|A0A7J6ENU9_CANSA	P69936	30.8	182	352	248	1.93e-16	72.4	51.1	71.8
tr|A0A7J6ENU9|A0A7J6ENU9_CANSA	Q8FHD2	30.2	182	352	248	1.40e-14	67.0	51.1	71.8
tr|A0A7J6ENU9|A0A7J6ENU9_CANSA	P39831	30.2	182	352	248	4.72e-14	65.5	51.1	71.8
tr|A0A7J6EQV4|A0A7J6EQV4_CANSA	Q6F6Y2	27.6	355	443	385	1.37e-30	116	76.7	88.3
tr|A0A7J6EQV4|A0A7J6EQV4_CANSA	A6T923	26.0	350	443	384	5.82e-29	111	76.3	87.8
tr|A0A7J6EQV4|A0A7J6EQV4_CANSA	B6D1N4	26.0	350	443	384	5.82e-29	111	76.3	87.8
tr|A0A7J6EQV4|A0A7J6EQV4_CANSA	B5B0J6	24.8	351	443	384	2.83e-24	98.2	76.3	87.8
tr|A0A7J6EQV4|A0A7J6EQV4_CANSA	A1TFU9	24.9	362	443	395	3.56e-23	95.1	76.5	86.3
tr|A0A7J6EQV4|A0A7J6EQV4_CANSA	A0A0H3LKL4	25.8	325	443	383	3.88e-21	89.0	69.1	82.2
tr|A0A7J6EQV4|A0A7J6EQV4_CANSA	Q88FY2	27.9	340	443	382	1.36e-19	84.3	69.5	83.2
tr|A0A7J6EQV4|A0A7J6EQV4_CANSA	P86491	26.6	335	443	385	2.51e-19	83.6	70.0	83.1
tr|A0A7J6ER08|A0A7J6ER08_CANSA	Q15738	26.8	291	320	373	5.41e-12	60.1	85.6	70.5
tr|A0A7J6ERW4|A0A7J6ERW4_CANSA	P69935	29.0	186	489	248	2.83e-13	63.9	34.2	72.6
tr|A0A7J6ERW4|A0A7J6ERW4_CANSA	Q8U8I2	30.0	110	489	249	6.02e-11	57.0	22.3	44.2
tr|A0A7J6ET00|A0A7J6ET00_CANSA	D4N502	33.9	333	332	360	7.40e-60	191	96.7	90.8
tr|A0A7J6EWB7|A0A7J6EWB7_CANSA	Q9KWN1	26.1	272	324	249	2.86e-07	45.1	79.0	94.8
tr|A0A7J6EWB7|A0A7J6EWB7_CANSA	Q8U8I2	24.7	267	324	249	1.65e-06	42.7	79.0	94.8
tr|A0A7J6EWC7|A0A7J6EWC7_CANSA	D4N502	26.6	94	253	360	7.81e-07	43.5	35.6	26.1
tr|A0A7J6EYJ9|A0A7J6EYJ9_CANSA	Q9KWN1	23.4	269	336	249	7.29e-07	43.9	78.0	94.8
tr|A0A7J6EYJ9|A0A7J6EYJ9_CANSA	Q8U8I2	22.7	269	336	249	7.46e-06	40.8	78.0	94.8
tr|A0A7J6F048|A0A7J6F048_CANSA	P69935	26.1	249	328	248	7.58e-19	79.0	75.0	94.4
tr|A0A7J6F048|A0A7J6F048_CANSA	P69936	26.1	249	328	248	7.58e-19	79.0	75.0	94.4
tr|A0A7J6F048|A0A7J6F048_CANSA	Q8FHD2	24.2	248	328	248	2.67e-18	77.4	75.0	94.4
tr|A0A7J6F048|A0A7J6F048_CANSA	P39831	24.2	248	328	248	3.66e-18	77.0	75.0	94.4
tr|A0A7J6F048|A0A7J6F048_CANSA	Q8X505	24.2	248	328	248	5.01e-18	76.6	75.0	94.4
tr|A0A7J6F048|A0A7J6F048_CANSA	Q83RE8	23.8	248	328	248	2.39e-17	74.7	75.0	94.4
tr|A0A7J6F048|A0A7J6F048_CANSA	Q8U8I2	30.9	188	328	249	2.43e-17	74.7	57.3	71.9
tr|A0A7J6F048|A0A7J6F048_CANSA	Q9KWN1	30.9	188	328	249	8.45e-17	73.2	57.3	71.9
tr|A0A7J6F1Q6|A0A7J6F1Q6_CANSA	D4N502	24.4	316	325	360	4.03e-21	87.0	87.7	75.6
tr|A0A7J6F1R7|A0A7J6F1R7_CANSA	D4N502	48.4	353	352	360	1.76e-110	321	97.4	96.1
tr|A0A7J6F212|A0A7J6F212_CANSA	D4N502	28.5	165	290	360	5.15e-20	83.2	56.2	43.9
tr|A0A7J6F2X3|A0A7J6F2X3_CANSA	P39831	24.5	204	315	248	4.11e-10	53.5	63.8	71.4
tr|A0A7J6F2X3|A0A7J6F2X3_CANSA	Q8X505	24.5	204	315	248	5.53e-10	53.1	63.8	71.4
tr|A0A7J6F2X3|A0A7J6F2X3_CANSA	Q8FHD2	24.5	204	315	248	7.44e-10	52.8	63.8	71.4
tr|A0A7J6F2X3|A0A7J6F2X3_CANSA	Q83RE8	24.0	204	315	248	2.44e-09	51.2	63.8	71.4
tr|A0A7J6F2X3|A0A7J6F2X3_CANSA	Q8U8I2	26.3	205	315	249	1.13e-07	46.2	63.8	70.7
tr|A0A7J6F2X3|A0A7J6F2X3_CANSA	Q9KWN1	26.1	207	315	249	2.03e-07	45.4	63.8	70.7
tr|A0A7J6F511|A0A7J6F511_CANSA	D4N502	35.0	197	258	360	4.32e-36	126	76.0	51.7
tr|A0A7J6F636|A0A7J6F636_CANSA	P29704	35.6	87	719	444	3.29e-08	50.4	11.7	18.9
tr|A0A7J6F636|A0A7J6F636_CANSA	O74165	39.2	79	719	443	1.21e-06	45.4	10.3	17.2
tr|A0A7J6F636|A0A7J6F636_CANSA	Q4WAG4	30.8	104	719	471	2.87e-06	44.3	14.0	21.4
tr|A0A7J6F636|A0A7J6F636_CANSA	Q54DR1	29.7	111	719	416	4.66e-06	43.5	15.4	26.7
tr|A0A7J6F654|A0A7J6F654_CANSA	D4N502	41.3	63	222	360	5.11e-12	58.5	28.4	17.5
tr|A0A7J6F7U3|A0A7J6F7U3_CANSA	Q9KWN1	25.8	244	322	249	1.22e-06	43.1	71.4	88.0
tr|A0A7J6F7U3|A0A7J6F7U3_CANSA	Q8U8I2	25.8	244	322	249	3.90e-06	41.6	71.4	88.0
tr|A0A7J6F9B1|A0A7J6F9B1_CANSA	D4N502	49.1	163	216	360	1.49e-44	147	75.0	44.4
tr|A0A7J6FCF9|A0A7J6FCF9_CANSA	Q945K7	46.1	332	335	374	1.41e-100	296	86.9	88.8
tr|A0A7J6FCF9|A0A7J6FCF9_CANSA	Q54B68	49.5	323	335	360	2.06e-99	292	85.1	89.2
tr|A0A7J6FCF9|A0A7J6FCF9_CANSA	Q55BI2	46.6	324	335	354	2.22e-97	287	86.0	91.2
tr|A0A7J6FCF9|A0A7J6FCF9_CANSA	O13696	47.0	332	335	356	9.48e-97	285	86.3	93.3
tr|A0A7J6FCF9|A0A7J6FCF9_CANSA	Q8LG77	44.6	332	335	374	1.33e-95	283	86.9	88.8
tr|A0A7J6FCF9|A0A7J6FCF9_CANSA	O13302	46.7	332	335	388	2.05e-95	283	86.3	85.6
tr|A0A7J6FCF9|A0A7J6FCF9_CANSA	O94229	46.8	327	335	361	3.70e-92	274	86.0	90.6
tr|A0A7J6FCF9|A0A7J6FCF9_CANSA	Q93353	45.8	343	335	379	2.57e-91	272	86.3	90.5
tr|A0A7J6FCF9|A0A7J6FCF9_CANSA	Q93714	43.6	330	335	358	3.83e-91	271	86.6	92.2
tr|A0A7J6FCF9|A0A7J6FCF9_CANSA	Q9VWH4	42.4	328	335	377	2.74e-90	270	86.0	87.0
tr|A0A7J6FCF9|A0A7J6FCF9_CANSA	P41563	43.6	330	335	366	6.27e-89	266	86.3	90.2
tr|A0A7J6FCF9|A0A7J6FCF9_CANSA	P56471	43.3	330	335	366	2.51e-88	264	86.3	90.2
tr|A0A7J6FCF9|A0A7J6FCF9_CANSA	P50213	43.3	330	335	366	5.02e-88	263	86.3	90.2
tr|A0A7J6FCF9|A0A7J6FCF9_CANSA	Q5R678	43.3	330	335	366	5.02e-88	263	86.3	90.2
tr|A0A7J6FCF9|A0A7J6FCF9_CANSA	Q9USP8	41.5	330	335	379	2.10e-87	262	86.0	87.1
tr|A0A7J6FCF9|A0A7J6FCF9_CANSA	Q9D6R2	42.7	330	335	366	5.67e-87	261	86.3	90.2
tr|A0A7J6FCF9|A0A7J6FCF9_CANSA	Q99NA5	42.7	330	335	366	1.13e-86	260	86.3	90.2
tr|A0A7J6FCF9|A0A7J6FCF9_CANSA	P28834	45.0	327	335	360	2.14e-85	256	86.0	90.8
tr|A0A7J6FCF9|A0A7J6FCF9_CANSA	O94230	37.9	356	335	368	2.72e-73	226	93.4	96.5
tr|A0A7J6FCF9|A0A7J6FCF9_CANSA	P28241	34.8	365	335	369	8.53e-69	214	96.1	95.7
tr|A0A7J6FCF9|A0A7J6FCF9_CANSA	Q5SIJ1	37.5	333	335	334	1.94e-53	173	86.0	97.9
tr|A0A7J6FCF9|A0A7J6FCF9_CANSA	Q72IW9	37.5	333	335	334	1.94e-53	173	86.0	97.9
tr|A0A7J6FCF9|A0A7J6FCF9_CANSA	Q58130	32.3	328	335	333	3.36e-45	152	84.8	97.0
tr|A0A7J6FCF9|A0A7J6FCF9_CANSA	O14104	32.4	352	335	362	1.85e-43	148	85.4	96.7
tr|A0A7J6FCF9|A0A7J6FCF9_CANSA	P40495	31.4	350	335	371	2.41e-41	142	86.0	93.3
tr|A0A7J6FCF9|A0A7J6FCF9_CANSA	Q58991	30.9	340	335	347	4.00e-41	141	85.1	96.3
tr|A0A7J6FCF9|A0A7J6FCF9_CANSA	Q44471	28.6	346	335	364	2.22e-31	115	84.8	94.2
tr|A0A7J6FCF9|A0A7J6FCF9_CANSA	O34296	28.6	346	335	358	2.79e-31	115	84.8	95.8
tr|A0A7J6FCF9|A0A7J6FCF9_CANSA	O34295	28.6	346	335	358	7.40e-31	114	84.8	95.8
tr|A0A7J6FCF9|A0A7J6FCF9_CANSA	O59394	35.1	245	335	345	3.05e-30	112	70.4	67.2
tr|A0A7J6FCF9|A0A7J6FCF9_CANSA	P76251	31.4	277	335	361	5.42e-30	112	74.0	75.1
tr|A0A7J6FCF9|A0A7J6FCF9_CANSA	P42958	27.9	348	335	354	6.47e-29	108	86.0	97.2
tr|A0A7J6FCF9|A0A7J6FCF9_CANSA	P70792	28.5	270	335	358	8.98e-28	105	74.0	75.4
tr|A0A7J6FCF9|A0A7J6FCF9_CANSA	P70787	28.5	270	335	364	9.75e-28	105	74.0	74.2
tr|A0A7J6FCF9|A0A7J6FCF9_CANSA	Q51945	30.9	278	335	365	1.36e-27	105	74.0	74.5
tr|A0A7J6FDJ7|A0A7J6FDJ7_CANSA	D4N502	35.9	309	561	360	2.33e-51	174	53.5	84.4
tr|A0A7J6FER3|A0A7J6FER3_CANSA	D4N502	32.3	279	321	360	4.90e-53	172	79.4	77.5
tr|A0A7J6FFX1|A0A7J6FFX1_CANSA	C9E894	73.4	414	378	415	1.44e-223	611	100	99.8
tr|A0A7J6FFX1|A0A7J6FFX1_CANSA	D2K762	72.5	414	378	415	4.56e-220	602	100	99.8
tr|A0A7J6FFX1|A0A7J6FFX1_CANSA	A0A1P7Y0D4	72.0	414	378	415	2.63e-219	600	100	99.8
tr|A0A7J6FFX1|A0A7J6FFX1_CANSA	A0A1P7Y0A2	71.7	414	378	415	3.74e-219	600	100	99.8
tr|A0A7J6FFX1|A0A7J6FFX1_CANSA	O48666	71.2	410	378	415	1.60e-213	586	98.9	98.6
tr|A0A7J6FFX1|A0A7J6FFX1_CANSA	A0A1P7Y0A8	70.3	414	378	415	1.52e-211	581	100	99.5
tr|A0A7J6FFX1|A0A7J6FFX1_CANSA	A0A1P7Y0D0	70.7	410	378	415	2.16e-211	580	98.9	98.6
tr|A0A7J6FFX1|A0A7J6FFX1_CANSA	D0VFU8	71.8	412	378	411	4.37e-210	577	99.5	100
tr|A0A7J6FFX1|A0A7J6FFX1_CANSA	P53800	71.1	412	378	411	3.57e-209	575	99.5	100
tr|A0A7J6FFX1|A0A7J6FFX1_CANSA	A0A1P7Y0C9	73.5	374	378	391	1.05e-203	560	89.7	95.7
tr|A0A7J6FFX1|A0A7J6FFX1_CANSA	P53799	67.9	411	378	410	8.45e-203	558	98.9	100
tr|A0A7J6FFX1|A0A7J6FFX1_CANSA	A0A144YEA5	49.2	374	378	462	8.98e-116	339	88.1	80.7
tr|A0A7J6FFX1|A0A7J6FFX1_CANSA	A0A142ZC57	43.1	406	378	444	7.43e-99	295	96.3	90.3
tr|A0A7J6FFX1|A0A7J6FFX1_CANSA	Q9SDW9	45.4	372	378	461	6.89e-98	293	86.2	80.5
tr|A0A7J6FFX1|A0A7J6FFX1_CANSA	P53798	41.1	401	378	416	3.26e-96	288	95.2	93.8
tr|A0A7J6FFX1|A0A7J6FFX1_CANSA	Q54DR1	43.3	367	378	416	9.21e-96	286	86.0	88.0
tr|A0A7J6FFX1|A0A7J6FFX1_CANSA	Q02769	40.4	401	378	416	1.30e-95	286	95.2	93.8
tr|A0A7J6FFX1|A0A7J6FFX1_CANSA	Q32KR6	40.4	401	378	417	2.40e-93	280	95.2	93.5
tr|A0A7J6FFX1|A0A7J6FFX1_CANSA	P37268	39.7	401	378	417	3.39e-93	280	95.2	93.5
tr|A0A7J6FFX1|A0A7J6FFX1_CANSA	Q5R6U3	39.7	401	378	417	3.39e-93	280	95.2	93.5
tr|A0A7J6FFX1|A0A7J6FFX1_CANSA	P78589	38.0	382	378	448	9.69e-75	233	87.8	85.0
tr|A0A7J6FFX1|A0A7J6FFX1_CANSA	P36596	42.2	325	378	460	1.86e-74	233	74.3	70.7
tr|A0A7J6FFX1|A0A7J6FFX1_CANSA	Q9Y753	38.6	368	378	445	2.50e-74	232	83.9	81.3
tr|A0A7J6FFX1|A0A7J6FFX1_CANSA	A0A1D8PI71	40.8	341	378	448	2.96e-73	229	77.5	75.9
tr|A0A7J6FFX1|A0A7J6FFX1_CANSA	P29704	38.1	375	378	444	7.45e-73	228	87.0	84.2
tr|A0A7J6FFX1|A0A7J6FFX1_CANSA	Q752X9	37.9	369	378	441	3.82e-68	216	84.7	83.0
tr|A0A7J6FFX1|A0A7J6FFX1_CANSA	Q4WAG4	41.0	322	378	471	4.03e-68	217	73.5	68.4
tr|A0A7J6FFX1|A0A7J6FFX1_CANSA	A0A3G1DJL2	37.0	359	378	419	3.35e-67	213	82.3	85.2
tr|A0A7J6FFX1|A0A7J6FFX1_CANSA	O74165	35.4	362	378	443	5.09e-65	208	83.9	81.7
tr|A0A7J6FFX1|A0A7J6FFX1_CANSA	V6RPN0	35.5	355	378	462	2.37e-63	204	82.3	76.8
tr|A0A7J6FFX1|A0A7J6FFX1_CANSA	Q9HGZ6	34.0	373	378	443	7.22e-60	194	84.7	83.1
tr|A0A7J6FFX1|A0A7J6FFX1_CANSA	Q92459	36.3	369	378	572	1.35e-59	197	80.4	64.5
tr|A0A7J6FFX1|A0A7J6FFX1_CANSA	Q7S4Z6	35.0	357	378	481	6.45e-59	193	82.3	74.2
tr|A0A7J6FFX1|A0A7J6FFX1_CANSA	A0SJQ5	32.4	395	378	467	2.71e-57	188	87.0	84.2
tr|A0A7J6FGX5|A0A7J6FGX5_CANSA	D4N502	30.7	277	958	360	1.86e-24	100	27.2	73.3
tr|A0A7J6FH43|A0A7J6FH43_CANSA	Q15738	29.3	123	324	373	1.80e-07	46.2	37.7	29.0
tr|A0A7J6FH43|A0A7J6FH43_CANSA	Q3ZBE9	32.8	125	324	356	2.32e-07	45.8	37.7	30.3
tr|A0A7J6FJ94|A0A7J6FJ94_CANSA	Q9R1J0	27.0	248	330	362	1.20e-14	68.2	73.3	61.0
tr|A0A7J6FJ94|A0A7J6FJ94_CANSA	Q5PPL3	27.0	248	330	362	2.91e-14	67.0	73.3	61.0
tr|A0A7J6FJ94|A0A7J6FJ94_CANSA	Q15738	28.6	248	330	373	5.48e-14	66.2	73.3	59.2
tr|A0A7J6FJ94|A0A7J6FJ94_CANSA	Q3ZBE9	27.9	247	330	356	9.21e-14	65.5	73.0	61.8
tr|A0A7J6FJB1|A0A7J6FJB1_CANSA	A0A2P1DP91	22.9	327	403	1783	9.82e-07	45.1	78.7	17.0
tr|A0A7J6FLR7|A0A7J6FLR7_CANSA	D4N502	49.1	163	216	360	2.09e-44	146	75.0	44.4
tr|A0A7J6FMD0|A0A7J6FMD0_CANSA	Q5PPL3	35.7	356	591	362	1.98e-58	194	59.6	93.1
tr|A0A7J6FMD0|A0A7J6FMD0_CANSA	Q9R1J0	36.2	356	591	362	2.01e-57	191	59.6	93.1
tr|A0A7J6FMD0|A0A7J6FMD0_CANSA	Q3ZBE9	34.3	359	591	356	6.69e-52	176	60.1	95.5
tr|A0A7J6FMD0|A0A7J6FMD0_CANSA	Q15738	33.1	353	591	373	1.96e-51	176	59.1	89.5
tr|A0A7J6FN14|A0A7J6FN14_CANSA	D4N502	35.9	304	346	360	1.97e-52	172	85.0	79.4
tr|A0A7J6FNI2|A0A7J6FNI2_CANSA	Q9R1J0	25.3	245	323	362	1.33e-08	49.7	73.7	59.9
tr|A0A7J6FNI4|A0A7J6FNI4_CANSA	D4N502	38.8	345	434	360	1.01e-73	230	64.7	95.6
tr|A0A7J6FNJ5|A0A7J6FNJ5_CANSA	D4N502	44.9	350	706	360	3.97e-95	293	49.3	96.1
tr|A0A7J6FPT6|A0A7J6FPT6_CANSA	Q8U8I2	31.8	179	276	249	7.59e-10	52.4	63.0	69.5
tr|A0A7J6FPT6|A0A7J6FPT6_CANSA	Q9KWN1	30.2	179	276	249	1.49e-08	48.5	63.0	69.5
tr|A0A7J6FQ30|A0A7J6FQ30_CANSA	Q9I6C8	33.1	362	413	476	3.42e-54	181	77.7	75.0
tr|A0A7J6FQ30|A0A7J6FQ30_CANSA	O86447	32.5	348	413	481	7.35e-54	181	72.9	71.3
tr|A0A7J6FQ30|A0A7J6FQ30_CANSA	Q9A777	28.6	427	413	485	4.19e-53	179	85.5	87.0
tr|A0A7J6FQ30|A0A7J6FQ30_CANSA	P25553	28.1	199	413	479	1.88e-15	72.0	47.0	40.7
tr|A0A7J6FQ83|A0A7J6FQ83_CANSA	I1SB12	21.1	318	292	495	4.00e-10	54.3	97.3	58.8
tr|A0A7J6FQ83|A0A7J6FQ83_CANSA	P93762	24.0	367	292	546	2.36e-08	48.9	99.0	63.6
tr|A0A7J6FQ86|A0A7J6FQ86_CANSA	I1SB12	25.1	475	485	495	2.40e-34	129	94.8	88.1
tr|A0A7J6FQ86|A0A7J6FQ86_CANSA	P93762	23.6	500	485	546	2.06e-18	82.0	90.5	86.3
tr|A0A7J6FQ99|A0A7J6FQ99_CANSA	I1SB12	24.8	475	485	495	4.45e-34	128	94.8	88.1
tr|A0A7J6FQ99|A0A7J6FQ99_CANSA	P93762	24.0	500	485	546	2.06e-18	82.0	90.5	86.3
tr|A0A7J6FQV8|A0A7J6FQV8_CANSA	D4N502	38.3	379	388	360	4.75e-78	239	95.4	95.3
tr|A0A7J6FSJ2|A0A7J6FSJ2_CANSA	D4N502	39.0	77	298	360	8.29e-09	50.1	25.8	21.1
tr|A0A7J6FSX2|A0A7J6FSX2_CANSA	D4N502	32.0	337	345	360	3.08e-50	166	92.8	86.4
tr|A0A7J6FXU1|A0A7J6FXU1_CANSA	C9E894	73.4	414	378	415	3.54e-224	613	100	99.8
tr|A0A7J6FXU1|A0A7J6FXU1_CANSA	D2K762	72.5	414	378	415	1.12e-220	604	100	99.8
tr|A0A7J6FXU1|A0A7J6FXU1_CANSA	A0A1P7Y0D4	72.0	414	378	415	6.48e-220	602	100	99.8
tr|A0A7J6FXU1|A0A7J6FXU1_CANSA	A0A1P7Y0A2	71.7	414	378	415	9.20e-220	602	100	99.8
tr|A0A7J6FXU1|A0A7J6FXU1_CANSA	O48666	71.7	410	378	415	3.38e-215	590	98.9	98.6
tr|A0A7J6FXU1|A0A7J6FXU1_CANSA	A0A1P7Y0A8	70.8	414	378	415	3.22e-213	585	100	99.5
tr|A0A7J6FXU1|A0A7J6FXU1_CANSA	A0A1P7Y0D0	71.2	410	378	415	4.57e-213	585	98.9	98.6
tr|A0A7J6FXU1|A0A7J6FXU1_CANSA	D0VFU8	72.1	412	378	411	1.86e-211	580	99.5	100
tr|A0A7J6FXU1|A0A7J6FXU1_CANSA	P53800	71.4	412	378	411	1.53e-210	578	99.5	100
tr|A0A7J6FXU1|A0A7J6FXU1_CANSA	A0A1P7Y0C9	73.8	374	378	391	4.48e-205	563	89.7	95.7
tr|A0A7J6FXU1|A0A7J6FXU1_CANSA	P53799	67.9	411	378	410	1.20e-202	558	98.9	100
tr|A0A7J6FXU1|A0A7J6FXU1_CANSA	A0A144YEA5	49.2	374	378	462	2.24e-116	341	88.1	80.7
tr|A0A7J6FXU1|A0A7J6FXU1_CANSA	Q9SDW9	45.2	372	378	461	3.45e-98	294	86.2	80.5
tr|A0A7J6FXU1|A0A7J6FXU1_CANSA	A0A142ZC57	42.9	406	378	444	4.19e-98	293	96.3	90.3
tr|A0A7J6FXU1|A0A7J6FXU1_CANSA	P53798	41.1	401	378	416	3.26e-96	288	95.2	93.8
tr|A0A7J6FXU1|A0A7J6FXU1_CANSA	Q54DR1	43.6	367	378	416	4.61e-96	287	86.0	88.0
tr|A0A7J6FXU1|A0A7J6FXU1_CANSA	Q02769	40.4	401	378	416	1.30e-95	286	95.2	93.8
tr|A0A7J6FXU1|A0A7J6FXU1_CANSA	Q32KR6	40.4	401	378	417	2.40e-93	280	95.2	93.5
tr|A0A7J6FXU1|A0A7J6FXU1_CANSA	P37268	39.7	401	378	417	3.39e-93	280	95.2	93.5
tr|A0A7J6FXU1|A0A7J6FXU1_CANSA	Q5R6U3	39.7	401	378	417	3.39e-93	280	95.2	93.5
tr|A0A7J6FXU1|A0A7J6FXU1_CANSA	P78589	38.6	381	378	448	1.24e-75	236	87.8	85.0
tr|A0A7J6FXU1|A0A7J6FXU1_CANSA	P36596	42.2	325	378	460	1.86e-74	233	74.3	70.7
tr|A0A7J6FXU1|A0A7J6FXU1_CANSA	Q9Y753	38.6	368	378	445	2.50e-74	232	83.9	81.3
tr|A0A7J6FXU1|A0A7J6FXU1_CANSA	A0A1D8PI71	38.5	382	378	448	7.55e-74	231	87.8	85.0
tr|A0A7J6FXU1|A0A7J6FXU1_CANSA	P29704	38.1	375	378	444	7.45e-73	228	87.0	84.2
tr|A0A7J6FXU1|A0A7J6FXU1_CANSA	Q4WAG4	38.4	357	378	471	1.03e-68	218	82.3	75.8
tr|A0A7J6FXU1|A0A7J6FXU1_CANSA	Q752X9	37.9	369	378	441	2.72e-68	216	84.7	83.0
tr|A0A7J6FXU1|A0A7J6FXU1_CANSA	A0A3G1DJL2	36.7	357	378	419	8.56e-68	214	82.3	85.2
tr|A0A7J6FXU1|A0A7J6FXU1_CANSA	O74165	35.4	362	378	443	2.58e-65	209	83.9	81.7
tr|A0A7J6FXU1|A0A7J6FXU1_CANSA	V6RPN0	35.5	355	378	462	2.37e-63	204	82.3	76.8
tr|A0A7J6FXU1|A0A7J6FXU1_CANSA	Q9HGZ6	34.0	373	378	443	5.15e-60	195	84.7	83.1
tr|A0A7J6FXU1|A0A7J6FXU1_CANSA	Q92459	36.3	369	378	572	1.35e-59	197	80.4	64.5
tr|A0A7J6FXU1|A0A7J6FXU1_CANSA	Q7S4Z6	35.0	357	378	481	6.45e-59	193	82.3	74.2
tr|A0A7J6FXU1|A0A7J6FXU1_CANSA	A0SJQ5	32.4	395	378	467	2.71e-57	188	87.0	84.2
tr|A0A7J6FYI4|A0A7J6FYI4_CANSA	D4N502	39.8	93	275	360	2.07e-14	66.6	33.5	25.6
tr|A0A7J6FZ62|A0A7J6FZ62_CANSA	D4N502	27.3	315	605	360	1.21e-24	100	48.9	84.7
tr|A0A7J6G0E5|A0A7J6G0E5_CANSA	Q8S8F9	59.2	147	254	244	6.07e-57	177	52.0	60.2
tr|A0A7J6G0Q5|A0A7J6G0Q5_CANSA	D4N502	29.5	292	473	360	6.65e-41	144	56.4	78.6
tr|A0A7J6G1N9|A0A7J6G1N9_CANSA	I1SB12	24.9	473	473	495	1.07e-28	112	96.4	87.5
tr|A0A7J6G1N9|A0A7J6G1N9_CANSA	P93762	25.7	420	473	546	4.23e-16	74.7	78.0	74.2
tr|A0A7J6G2V5|A0A7J6G2V5_CANSA	Q8S8F9	59.0	239	248	244	9.69e-110	311	96.0	97.5
tr|A0A7J6G2V5|A0A7J6G2V5_CANSA	Q6F6U3	31.6	152	248	214	2.01e-09	50.4	54.8	69.6
tr|A0A7J6G3P8|A0A7J6G3P8_CANSA	D4N502	48.4	353	352	360	8.76e-111	322	97.4	96.1
tr|A0A7J6G3R3|A0A7J6G3R3_CANSA	D4N502	26.7	348	223	360	6.38e-34	119	96.0	96.1
tr|A0A7J6G3R9|A0A7J6G3R9_CANSA	D4N502	43.6	353	320	360	4.67e-94	278	97.2	96.1
tr|A0A7J6G431|A0A7J6G431_CANSA	D4N502	38.2	356	324	360	5.21e-68	211	97.2	96.1
tr|A0A7J6G486|A0A7J6G486_CANSA	D4N502	33.9	59	105	360	1.63e-06	39.3	56.2	16.4
tr|A0A7J6G4E0|A0A7J6G4E0_CANSA	Q9R1J0	26.6	188	704	362	5.81e-07	46.2	25.0	47.2
tr|A0A7J6G4R8|A0A7J6G4R8_CANSA	Q9R1J0	25.3	245	322	362	7.43e-09	50.4	73.9	59.9
tr|A0A7J6G4S0|A0A7J6G4S0_CANSA	D4N502	45.5	352	708	360	3.27e-98	301	49.4	96.1
tr|A0A7J6G4V9|A0A7J6G4V9_CANSA	D4N502	32.7	355	275	360	6.10e-54	173	97.5	96.7
tr|A0A7J6G567|A0A7J6G567_CANSA	D4N502	38.6	345	293	360	1.70e-75	229	95.9	95.6
tr|A0A7J6G5A1|A0A7J6G5A1_CANSA	Q9FMX7	65.0	197	204	198	1.47e-89	256	96.6	99.0
tr|A0A7J6G5A1|A0A7J6G5A1_CANSA	Q9FMX8	63.5	197	204	198	5.64e-87	249	96.6	99.0
tr|A0A7J6G5A1|A0A7J6G5A1_CANSA	B7UNZ4	27.0	215	204	230	2.36e-17	72.0	88.2	90.4
tr|A0A7J6G5A1|A0A7J6G5A1_CANSA	B7MIF8	27.0	215	204	230	3.28e-17	71.6	88.2	90.4
tr|A0A7J6G5A1|A0A7J6G5A1_CANSA	D5CZH1	27.0	215	204	231	3.33e-17	71.6	88.2	90.0
tr|A0A7J6G5A1|A0A7J6G5A1_CANSA	A1A9R6	27.0	215	204	244	3.99e-17	71.6	88.2	85.2
tr|A0A7J6G5A1|A0A7J6G5A1_CANSA	Q1RDK6	27.0	215	204	244	3.99e-17	71.6	88.2	85.2
tr|A0A7J6G5A1|A0A7J6G5A1_CANSA	Q0TJ56	27.0	215	204	230	8.73e-17	70.5	88.2	90.4
tr|A0A7J6G5A1|A0A7J6G5A1_CANSA	B6I987	27.0	215	204	230	1.21e-16	70.1	88.2	90.4
tr|A0A7J6G5A1|A0A7J6G5A1_CANSA	C8U5H3	27.0	215	204	230	1.21e-16	70.1	88.2	90.4
tr|A0A7J6G5A1|A0A7J6G5A1_CANSA	A7ZKB6	27.0	215	204	231	1.70e-16	69.7	88.2	90.0
tr|A0A7J6G5A1|A0A7J6G5A1_CANSA	D3QPK4	27.0	215	204	244	2.02e-16	69.7	88.2	85.2
tr|A0A7J6G5A1|A0A7J6G5A1_CANSA	Q8FJ42	27.0	215	204	244	2.02e-16	69.7	88.2	85.2
tr|A0A7J6G5A1|A0A7J6G5A1_CANSA	B7LFC1	27.0	215	204	230	2.32e-16	69.3	88.2	90.4
tr|A0A7J6G5A1|A0A7J6G5A1_CANSA	B7M8Z6	27.0	215	204	230	2.32e-16	69.3	88.2	90.4
tr|A0A7J6G5A1|A0A7J6G5A1_CANSA	B7N3G7	27.0	215	204	230	2.32e-16	69.3	88.2	90.4
tr|A0A7J6G5A1|A0A7J6G5A1_CANSA	B7NLB5	27.0	215	204	230	2.32e-16	69.3	88.2	90.4
tr|A0A7J6G5A1|A0A7J6G5A1_CANSA	C6EHJ6	27.0	215	204	230	2.32e-16	69.3	88.2	90.4
tr|A0A7J6G5A1|A0A7J6G5A1_CANSA	C6UFC2	27.0	215	204	230	2.32e-16	69.3	88.2	90.4
tr|A0A7J6G5A1|A0A7J6G5A1_CANSA	C8TNC1	27.0	215	204	230	2.32e-16	69.3	88.2	90.4
tr|A0A7J6G5A1|A0A7J6G5A1_CANSA	C8UMM7	27.0	215	204	230	2.32e-16	69.3	88.2	90.4
tr|A0A7J6G5A1|A0A7J6G5A1_CANSA	D2NGI8	27.0	215	204	230	2.32e-16	69.3	88.2	90.4
tr|A0A7J6G5A1|A0A7J6G5A1_CANSA	D3H124	27.0	215	204	230	2.32e-16	69.3	88.2	90.4
tr|A0A7J6G5A1|A0A7J6G5A1_CANSA	A7ZYW6	27.0	215	204	231	2.35e-16	69.3	88.2	90.0
tr|A0A7J6G5A1|A0A7J6G5A1_CANSA	B1IV86	27.0	215	204	231	2.35e-16	69.3	88.2	90.0
tr|A0A7J6G5A1|A0A7J6G5A1_CANSA	Q3Z3A3	27.0	215	204	244	2.79e-16	69.3	88.2	85.2
tr|A0A7J6G5A1|A0A7J6G5A1_CANSA	Q6FFZ6	26.9	208	204	245	2.83e-16	69.3	84.8	82.0
tr|A0A7J6G5A1|A0A7J6G5A1_CANSA	B7MTF4	27.0	215	204	230	3.21e-16	68.9	88.2	90.4
tr|A0A7J6G5A1|A0A7J6G5A1_CANSA	B1LIZ4	27.0	215	204	231	3.26e-16	68.9	88.2	90.0
tr|A0A7J6G5A1|A0A7J6G5A1_CANSA	B1X9D2	26.5	215	204	230	8.51e-16	67.8	88.2	90.4
tr|A0A7J6G5A1|A0A7J6G5A1_CANSA	C4ZQD9	26.5	215	204	230	8.51e-16	67.8	88.2	90.4
tr|A0A7J6G5A1|A0A7J6G5A1_CANSA	C9QZ65	26.5	215	204	230	8.51e-16	67.8	88.2	90.4
tr|A0A7J6G5A1|A0A7J6G5A1_CANSA	P75897	26.5	215	204	230	8.51e-16	67.8	88.2	90.4
tr|A0A7J6G5A1|A0A7J6G5A1_CANSA	C6UPN3	26.5	215	204	230	1.18e-15	67.4	88.2	90.4
tr|A0A7J6G5A1|A0A7J6G5A1_CANSA	Q8XAU3	26.5	215	204	230	1.18e-15	67.4	88.2	90.4
tr|A0A7J6G5A1|A0A7J6G5A1_CANSA	B5YU52	26.5	215	204	231	1.19e-15	67.4	88.2	90.0
tr|A0A7J6G5A1|A0A7J6G5A1_CANSA	B1M6B8	28.1	221	204	258	1.19e-15	67.8	88.2	80.6
tr|A0A7J6G5A1|A0A7J6G5A1_CANSA	C9Y0S6	26.2	214	204	232	1.21e-15	67.4	87.7	89.2
tr|A0A7J6G5A1|A0A7J6G5A1_CANSA	A8GCT5	27.4	208	204	248	3.86e-15	66.2	84.8	81.0
tr|A0A7J6G5A1|A0A7J6G5A1_CANSA	A1JMX8	29.8	205	204	230	4.29e-15	65.9	84.8	87.8
tr|A0A7J6G5A1|A0A7J6G5A1_CANSA	Q0T623	26.5	215	204	231	6.01e-15	65.5	88.2	90.0
tr|A0A7J6G5A1|A0A7J6G5A1_CANSA	A6T7A1	26.9	208	204	236	6.39e-15	65.5	84.8	85.2
tr|A0A7J6G5A1|A0A7J6G5A1_CANSA	D3RKL1	26.9	208	204	236	6.39e-15	65.5	84.8	85.2
tr|A0A7J6G5A1|A0A7J6G5A1_CANSA	D5VGV1	26.3	217	204	239	6.62e-15	65.5	89.7	87.9
tr|A0A7J6G5A1|A0A7J6G5A1_CANSA	D2AC42	26.5	215	204	244	7.01e-15	65.5	88.2	85.2
tr|A0A7J6G5A1|A0A7J6G5A1_CANSA	Q83RV3	26.5	215	204	244	7.01e-15	65.5	88.2	85.2
tr|A0A7J6G5A1|A0A7J6G5A1_CANSA	Q9A4N5	26.3	217	204	225	7.68e-15	65.1	89.7	93.3
tr|A0A7J6G5A1|A0A7J6G5A1_CANSA	B5XXN1	26.9	208	204	236	8.81e-15	65.1	84.8	85.2
tr|A0A7J6G5A1|A0A7J6G5A1_CANSA	B8H1Q1	26.3	217	204	238	9.02e-15	65.1	89.7	88.2
tr|A0A7J6G5A1|A0A7J6G5A1_CANSA	A4W924	27.5	204	204	230	2.15e-14	63.9	82.8	85.7
tr|A0A7J6G5A1|A0A7J6G5A1_CANSA	A7ME53	25.7	214	204	232	2.20e-14	63.9	87.7	89.2
tr|A0A7J6G5A1|A0A7J6G5A1_CANSA	D4GEU5	26.5	200	204	250	5.08e-14	63.2	82.8	78.8
tr|A0A7J6G5A1|A0A7J6G5A1_CANSA	Q4ZXR8	25.2	210	204	245	1.72e-13	61.6	82.8	80.4
tr|A0A7J6G5A1|A0A7J6G5A1_CANSA	D5CE33	25.1	207	204	229	2.76e-13	60.8	81.4	84.7
tr|A0A7J6G5A1|A0A7J6G5A1_CANSA	Q48MQ5	26.5	204	204	245	6.11e-13	60.1	82.8	80.4
tr|A0A7J6G5A1|A0A7J6G5A1_CANSA	C5B0U8	26.0	208	204	248	1.18e-12	59.3	86.8	82.7
tr|A0A7J6G5A1|A0A7J6G5A1_CANSA	B1ZB16	26.4	212	204	247	2.20e-12	58.5	86.8	83.0
tr|A0A7J6G5A1|A0A7J6G5A1_CANSA	A9W3I0	35.1	94	204	248	2.21e-12	58.5	45.6	37.9
tr|A0A7J6G5A1|A0A7J6G5A1_CANSA	B7KWT6	35.1	94	204	248	2.21e-12	58.5	45.6	37.9
tr|A0A7J6G5A1|A0A7J6G5A1_CANSA	C7CM35	35.1	94	204	248	2.21e-12	58.5	45.6	37.9
tr|A0A7J6G5A1|A0A7J6G5A1_CANSA	C5CN80	27.7	191	204	252	1.49e-11	56.2	77.0	71.4
tr|A0A7J6G5A1|A0A7J6G5A1_CANSA	P58760	24.5	204	204	228	1.68e-11	55.8	82.8	86.4
tr|A0A7J6G5A1|A0A7J6G5A1_CANSA	B9JLT8	24.0	204	204	246	2.66e-11	55.5	82.8	80.1
tr|A0A7J6G5A1|A0A7J6G5A1_CANSA	B0SW60	25.5	196	204	233	6.13e-11	54.3	80.9	82.8
tr|A0A7J6G5A1|A0A7J6G5A1_CANSA	A4VQH5	26.0	200	204	248	6.87e-11	54.3	80.9	77.8
tr|A0A7J6G5A1|A0A7J6G5A1_CANSA	A8IAC9	25.5	200	204	227	2.78e-10	52.4	80.9	85.0
tr|A0A7J6G5A1|A0A7J6G5A1_CANSA	D0LI56	34.7	72	204	241	2.66e-09	49.7	35.3	29.9
tr|A0A7J6G5A1|A0A7J6G5A1_CANSA	I6XD65	29.2	185	204	186	3.81e-08	45.8	81.4	97.3
tr|A0A7J6G5A1|A0A7J6G5A1_CANSA	P21369	31.9	72	204	213	3.34e-06	40.4	32.4	33.8
tr|A0A7J6G5A1|A0A7J6G5A1_CANSA	Q6F6U3	26.0	204	204	214	6.13e-06	39.7	84.8	93.9
tr|A0A7J6G654|A0A7J6G654_CANSA	O60078	25.5	188	696	431	1.51e-06	45.1	26.1	40.8
tr|A0A7J6G6I9|A0A7J6G6I9_CANSA	P93762	30.4	191	446	546	3.62e-16	74.7	40.8	32.4
tr|A0A7J6G6U6|A0A7J6G6U6_CANSA	P69935	25.9	224	279	248	3.32e-14	65.1	70.3	87.1
tr|A0A7J6G6U6|A0A7J6G6U6_CANSA	P69936	25.9	224	279	248	3.32e-14	65.1	70.3	87.1
tr|A0A7J6G6U6|A0A7J6G6U6_CANSA	Q8U8I2	26.1	184	279	249	3.36e-14	65.1	55.9	73.1
tr|A0A7J6G780|A0A7J6G780_CANSA	P69935	26.1	249	328	248	7.58e-19	79.0	75.0	94.4
tr|A0A7J6G780|A0A7J6G780_CANSA	P69936	26.1	249	328	248	7.58e-19	79.0	75.0	94.4
tr|A0A7J6G780|A0A7J6G780_CANSA	Q8FHD2	24.2	248	328	248	2.67e-18	77.4	75.0	94.4
tr|A0A7J6G780|A0A7J6G780_CANSA	P39831	24.2	248	328	248	3.66e-18	77.0	75.0	94.4
tr|A0A7J6G780|A0A7J6G780_CANSA	Q8X505	24.2	248	328	248	5.01e-18	76.6	75.0	94.4
tr|A0A7J6G780|A0A7J6G780_CANSA	Q83RE8	23.8	248	328	248	2.39e-17	74.7	75.0	94.4
tr|A0A7J6G780|A0A7J6G780_CANSA	Q8U8I2	30.9	188	328	249	2.43e-17	74.7	57.3	71.9
tr|A0A7J6G780|A0A7J6G780_CANSA	Q9KWN1	30.9	188	328	249	8.45e-17	73.2	57.3	71.9
tr|A0A7J6G7D8|A0A7J6G7D8_CANSA	P69935	35.1	174	613	248	2.38e-18	79.3	26.6	62.5
tr|A0A7J6G7D8|A0A7J6G7D8_CANSA	P69936	35.1	174	613	248	2.38e-18	79.3	26.6	62.5
tr|A0A7J6G7D8|A0A7J6G7D8_CANSA	Q83RE8	33.3	174	613	248	3.99e-16	72.8	26.6	62.5
tr|A0A7J6G7D8|A0A7J6G7D8_CANSA	P39831	33.3	174	613	248	5.39e-16	72.4	26.6	62.5
tr|A0A7J6G7D8|A0A7J6G7D8_CANSA	Q8FHD2	33.3	174	613	248	7.28e-16	72.0	26.6	62.5
tr|A0A7J6G7D8|A0A7J6G7D8_CANSA	Q8X505	33.3	174	613	248	7.28e-16	72.0	26.6	62.5
tr|A0A7J6G7D8|A0A7J6G7D8_CANSA	Q9KWN1	29.5	224	613	249	4.47e-15	69.7	34.3	83.5
tr|A0A7J6G8C1|A0A7J6G8C1_CANSA	D4N502	46.8	109	142	360	7.91e-27	97.4	75.4	29.4
tr|A0A7J6G8J9|A0A7J6G8J9_CANSA	Q83RE8	26.8	142	168	248	2.79e-07	43.1	81.5	53.6
tr|A0A7J6G978|A0A7J6G978_CANSA	I1SB12	25.8	458	866	495	2.07e-22	95.9	47.6	88.3
tr|A0A7J6G978|A0A7J6G978_CANSA	P93762	24.3	415	866	546	8.81e-18	81.6	40.5	72.9
tr|A0A7J6G991|A0A7J6G991_CANSA	I1SB12	26.3	464	560	495	3.08e-28	112	78.6	86.1
tr|A0A7J6G991|A0A7J6G991_CANSA	P93762	25.9	491	560	546	1.91e-22	95.1	75.9	85.5
tr|A0A7J6G9B8|A0A7J6G9B8_CANSA	P93762	30.5	95	217	546	1.42e-07	45.4	39.6	17.4
tr|A0A7J6G9C8|A0A7J6G9C8_CANSA	P93762	24.5	433	544	546	1.08e-16	77.0	67.5	73.8
tr|A0A7J6G9H6|A0A7J6G9H6_CANSA	I1SB12	27.1	361	1829	495	1.46e-27	113	18.8	69.5
tr|A0A7J6G9H6|A0A7J6G9H6_CANSA	P93762	23.5	480	1829	546	5.28e-20	90.1	23.1	84.1
tr|A0A7J6G9L3|A0A7J6G9L3_CANSA	I1SB12	25.1	475	485	495	2.40e-34	129	94.8	88.1
tr|A0A7J6G9L3|A0A7J6G9L3_CANSA	P93762	24.1	494	485	546	1.55e-18	82.4	90.5	86.3
tr|A0A7J6G9N8|A0A7J6G9N8_CANSA	I1SB12	24.4	472	634	495	2.77e-24	100	71.3	87.5
tr|A0A7J6G9N8|A0A7J6G9N8_CANSA	P93762	24.9	493	634	546	1.19e-17	80.5	68.3	86.1
tr|A0A7J6GB74|A0A7J6GB74_CANSA	I1SB12	24.9	473	460	495	1.48e-33	126	94.6	88.1
tr|A0A7J6GB74|A0A7J6GB74_CANSA	P93762	25.6	425	460	546	2.23e-16	75.5	74.3	73.6
tr|A0A7J6GBL7|A0A7J6GBL7_CANSA	I1SB12	24.8	475	485	495	6.07e-34	128	94.8	88.1
tr|A0A7J6GBL7|A0A7J6GBL7_CANSA	P93762	24.4	435	485	546	3.63e-18	81.3	77.1	74.9
tr|A0A7J6GDA6|A0A7J6GDA6_CANSA	I1SB12	25.3	486	485	495	4.45e-34	128	94.8	88.1
tr|A0A7J6GDA6|A0A7J6GDA6_CANSA	P93762	26.3	426	485	546	8.92e-20	86.3	75.7	73.6
tr|A0A7J6GEM1|A0A7J6GEM1_CANSA	P25553	34.5	55	200	479	1.93e-07	44.7	27.5	11.5
tr|A0A7J6GF13|A0A7J6GF13_CANSA	Q8S8F9	59.0	239	248	244	1.45e-111	315	96.0	97.5
tr|A0A7J6GF13|A0A7J6GF13_CANSA	Q6F6U3	29.3	174	248	214	6.78e-09	48.9	63.7	78.5
tr|A0A7J6GHN8|A0A7J6GHN8_CANSA	Q9KWN1	26.5	204	605	249	2.14e-08	49.7	32.6	73.1
tr|A0A7J6GHN8|A0A7J6GHN8_CANSA	Q8U8I2	24.5	200	605	249	1.65e-07	47.0	32.6	73.1
tr|A0A7J6GHN8|A0A7J6GHN8_CANSA	P69935	24.4	193	605	248	6.98e-07	45.1	31.6	71.4
tr|A0A7J6GHN8|A0A7J6GHN8_CANSA	P69936	24.4	193	605	248	6.98e-07	45.1	31.6	71.4
tr|A0A7J6GHN8|A0A7J6GHN8_CANSA	Q8FHD2	24.9	193	605	248	6.98e-07	45.1	31.6	71.4
tr|A0A7J6GHN8|A0A7J6GHN8_CANSA	Q83RE8	24.9	193	605	248	1.25e-06	44.3	31.6	71.4
tr|A0A7J6GHN8|A0A7J6GHN8_CANSA	P39831	24.9	193	605	248	1.66e-06	43.9	31.6	71.4
tr|A0A7J6GHN8|A0A7J6GHN8_CANSA	Q8X505	24.9	193	605	248	1.66e-06	43.9	31.6	71.4
tr|A0A7J6GKK2|A0A7J6GKK2_CANSA	Q8U8I2	26.7	240	297	249	7.59e-14	64.3	80.5	90.8
tr|A0A7J6GKK2|A0A7J6GKK2_CANSA	Q9KWN1	26.7	240	297	249	1.03e-13	63.9	80.5	90.8
tr|A0A7J6GKK2|A0A7J6GKK2_CANSA	P69935	24.3	235	297	248	2.44e-11	57.0	77.4	88.7
tr|A0A7J6GKK2|A0A7J6GKK2_CANSA	P69936	24.3	235	297	248	2.44e-11	57.0	77.4	88.7
tr|A0A7J6GKK2|A0A7J6GKK2_CANSA	Q8FHD2	25.8	233	297	248	2.69e-10	53.9	76.8	87.9
tr|A0A7J6GKK2|A0A7J6GKK2_CANSA	Q83RE8	25.3	233	297	248	4.89e-10	53.1	76.8	87.9
tr|A0A7J6GKK2|A0A7J6GKK2_CANSA	Q8X505	25.8	233	297	248	8.88e-10	52.4	76.8	87.9
tr|A0A7J6GKK2|A0A7J6GKK2_CANSA	P39831	25.3	233	297	248	1.20e-09	52.0	76.8	87.9
tr|A0A7J6GL15|A0A7J6GL15_CANSA	Q9KWN1	25.1	179	266	249	1.27e-09	51.6	66.2	69.5
tr|A0A7J6GL15|A0A7J6GL15_CANSA	Q8U8I2	24.2	178	266	249	7.61e-09	49.3	66.2	69.5
tr|A0A7J6GLW1|A0A7J6GLW1_CANSA	K9L4P7	26.3	137	175	604	8.01e-07	42.4	65.7	20.4
tr|A0A7J6GLW1|A0A7J6GLW1_CANSA	P81156	29.3	133	175	605	1.46e-06	41.6	65.7	20.3
tr|A0A7J6GLW1|A0A7J6GLW1_CANSA	Q92452	29.3	133	175	605	1.46e-06	41.6	65.7	20.3
tr|A0A7J6GLW1|A0A7J6GLW1_CANSA	Q70FC9	28.3	127	175	605	3.58e-06	40.4	65.7	20.3
tr|A0A7J6GNH7|A0A7J6GNH7_CANSA	Q8RM04	22.1	737	1272	717	1.94e-31	126	54.5	95.3
tr|A0A7J6GP98|A0A7J6GP98_CANSA	Q8FHD2	30.7	150	314	248	1.50e-17	75.1	47.8	54.4
tr|A0A7J6GP98|A0A7J6GP98_CANSA	Q83RE8	30.7	150	314	248	2.05e-17	74.7	47.8	54.4
tr|A0A7J6GP98|A0A7J6GP98_CANSA	P39831	30.7	150	314	248	2.80e-17	74.3	47.8	54.4
tr|A0A7J6GP98|A0A7J6GP98_CANSA	Q9KWN1	32.5	154	314	249	2.84e-17	74.3	47.1	53.0
tr|A0A7J6GP98|A0A7J6GP98_CANSA	Q8X505	30.7	150	314	248	3.84e-17	73.9	47.8	54.4
tr|A0A7J6GP98|A0A7J6GP98_CANSA	P69935	29.3	150	314	248	2.50e-16	71.6	47.8	54.4
tr|A0A7J6GP98|A0A7J6GP98_CANSA	P69936	29.3	150	314	248	2.50e-16	71.6	47.8	54.4
tr|A0A7J6GP98|A0A7J6GP98_CANSA	Q8U8I2	31.1	148	314	249	3.03e-15	68.6	47.1	53.0
tr|A0A7J6GPX8|A0A7J6GPX8_CANSA	Q15738	23.3	356	336	373	6.99e-19	80.9	99.4	89.8
tr|A0A7J6GPX8|A0A7J6GPX8_CANSA	Q9R1J0	26.5	332	336	362	1.19e-18	80.1	93.2	86.5
tr|A0A7J6GPX8|A0A7J6GPX8_CANSA	Q3ZBE9	24.5	331	336	356	3.16e-17	75.9	93.2	87.9
tr|A0A7J6GPX8|A0A7J6GPX8_CANSA	Q5PPL3	26.8	336	336	362	3.89e-15	69.7	93.2	86.5
tr|A0A7J6GRX4|A0A7J6GRX4_CANSA	Q8U8I2	27.0	241	301	249	7.62e-16	70.1	79.7	90.8
tr|A0A7J6GRX4|A0A7J6GRX4_CANSA	Q9KWN1	28.7	188	301	249	3.61e-15	68.2	62.1	73.9
tr|A0A7J6GTH8|A0A7J6GTH8_CANSA	D4N502	30.7	264	344	360	5.37e-27	103	73.3	70.8
tr|A0A7J6GTQ7|A0A7J6GTQ7_CANSA	Q5PPL3	27.7	119	286	362	5.73e-08	47.4	40.2	31.2
tr|A0A7J6GTQ7|A0A7J6GTQ7_CANSA	Q3ZBE9	28.7	122	286	356	1.01e-07	46.6	41.3	32.6
tr|A0A7J6GTQ7|A0A7J6GTQ7_CANSA	Q15738	27.7	119	286	373	1.39e-07	46.2	40.2	30.3
tr|A0A7J6GTQ7|A0A7J6GTQ7_CANSA	Q9R1J0	26.9	119	286	362	7.68e-07	43.9	40.2	31.2
tr|A0A7J6GU12|A0A7J6GU12_CANSA	D4N502	27.4	106	210	360	1.70e-09	50.8	45.7	28.9
tr|A0A7J6GV53|A0A7J6GV53_CANSA	D4N502	52.5	358	1044	360	2.65e-118	362	34.1	98.3
tr|A0A7J6GVB1|A0A7J6GVB1_CANSA	D4N502	26.9	283	306	360	9.09e-20	82.8	75.8	76.9
tr|A0A7J6GVW7|A0A7J6GVW7_CANSA	Q9FMX7	65.0	197	204	198	7.27e-90	257	96.6	99.0
tr|A0A7J6GVW7|A0A7J6GVW7_CANSA	Q9FMX8	63.5	197	204	198	9.79e-88	251	96.6	99.0
tr|A0A7J6GVW7|A0A7J6GVW7_CANSA	B7UNZ4	27.0	215	204	230	8.84e-18	73.2	88.2	90.4
tr|A0A7J6GVW7|A0A7J6GVW7_CANSA	B7MIF8	27.0	215	204	230	1.23e-17	72.8	88.2	90.4
tr|A0A7J6GVW7|A0A7J6GVW7_CANSA	D5CZH1	27.0	215	204	231	1.25e-17	72.8	88.2	90.0
tr|A0A7J6GVW7|A0A7J6GVW7_CANSA	A1A9R6	27.0	215	204	244	1.50e-17	72.8	88.2	85.2
tr|A0A7J6GVW7|A0A7J6GVW7_CANSA	Q1RDK6	27.0	215	204	244	1.50e-17	72.8	88.2	85.2
tr|A0A7J6GVW7|A0A7J6GVW7_CANSA	Q0TJ56	27.0	215	204	230	3.28e-17	71.6	88.2	90.4
tr|A0A7J6GVW7|A0A7J6GVW7_CANSA	B6I987	27.0	215	204	230	4.54e-17	71.2	88.2	90.4
tr|A0A7J6GVW7|A0A7J6GVW7_CANSA	C8U5H3	27.0	215	204	230	4.54e-17	71.2	88.2	90.4
tr|A0A7J6GVW7|A0A7J6GVW7_CANSA	A7ZKB6	27.0	215	204	231	6.39e-17	70.9	88.2	90.0
tr|A0A7J6GVW7|A0A7J6GVW7_CANSA	D3QPK4	27.0	215	204	244	7.64e-17	70.9	88.2	85.2
tr|A0A7J6GVW7|A0A7J6GVW7_CANSA	Q8FJ42	27.0	215	204	244	7.64e-17	70.9	88.2	85.2
tr|A0A7J6GVW7|A0A7J6GVW7_CANSA	B7LFC1	27.0	215	204	230	8.73e-17	70.5	88.2	90.4
tr|A0A7J6GVW7|A0A7J6GVW7_CANSA	B7M8Z6	27.0	215	204	230	8.73e-17	70.5	88.2	90.4
tr|A0A7J6GVW7|A0A7J6GVW7_CANSA	B7N3G7	27.0	215	204	230	8.73e-17	70.5	88.2	90.4
tr|A0A7J6GVW7|A0A7J6GVW7_CANSA	B7NLB5	27.0	215	204	230	8.73e-17	70.5	88.2	90.4
tr|A0A7J6GVW7|A0A7J6GVW7_CANSA	C6EHJ6	27.0	215	204	230	8.73e-17	70.5	88.2	90.4
tr|A0A7J6GVW7|A0A7J6GVW7_CANSA	C6UFC2	27.0	215	204	230	8.73e-17	70.5	88.2	90.4
tr|A0A7J6GVW7|A0A7J6GVW7_CANSA	C8TNC1	27.0	215	204	230	8.73e-17	70.5	88.2	90.4
tr|A0A7J6GVW7|A0A7J6GVW7_CANSA	C8UMM7	27.0	215	204	230	8.73e-17	70.5	88.2	90.4
tr|A0A7J6GVW7|A0A7J6GVW7_CANSA	D2NGI8	27.0	215	204	230	8.73e-17	70.5	88.2	90.4
tr|A0A7J6GVW7|A0A7J6GVW7_CANSA	D3H124	27.0	215	204	230	8.73e-17	70.5	88.2	90.4
tr|A0A7J6GVW7|A0A7J6GVW7_CANSA	A7ZYW6	27.0	215	204	231	8.86e-17	70.5	88.2	90.0
tr|A0A7J6GVW7|A0A7J6GVW7_CANSA	B1IV86	27.0	215	204	231	8.86e-17	70.5	88.2	90.0
tr|A0A7J6GVW7|A0A7J6GVW7_CANSA	Q3Z3A3	27.0	215	204	244	1.06e-16	70.5	88.2	85.2
tr|A0A7J6GVW7|A0A7J6GVW7_CANSA	Q6FFZ6	26.9	208	204	245	1.07e-16	70.5	84.8	82.0
tr|A0A7J6GVW7|A0A7J6GVW7_CANSA	B7MTF4	27.0	215	204	230	1.21e-16	70.1	88.2	90.4
tr|A0A7J6GVW7|A0A7J6GVW7_CANSA	B1LIZ4	27.0	215	204	231	1.23e-16	70.1	88.2	90.0
tr|A0A7J6GVW7|A0A7J6GVW7_CANSA	B1X9D2	26.5	215	204	230	3.21e-16	68.9	88.2	90.4
tr|A0A7J6GVW7|A0A7J6GVW7_CANSA	C4ZQD9	26.5	215	204	230	3.21e-16	68.9	88.2	90.4
tr|A0A7J6GVW7|A0A7J6GVW7_CANSA	C9QZ65	26.5	215	204	230	3.21e-16	68.9	88.2	90.4
tr|A0A7J6GVW7|A0A7J6GVW7_CANSA	P75897	26.5	215	204	230	3.21e-16	68.9	88.2	90.4
tr|A0A7J6GVW7|A0A7J6GVW7_CANSA	C6UPN3	26.5	215	204	230	4.45e-16	68.6	88.2	90.4
tr|A0A7J6GVW7|A0A7J6GVW7_CANSA	Q8XAU3	26.5	215	204	230	4.45e-16	68.6	88.2	90.4
tr|A0A7J6GVW7|A0A7J6GVW7_CANSA	B5YU52	26.5	215	204	231	4.51e-16	68.6	88.2	90.0
tr|A0A7J6GVW7|A0A7J6GVW7_CANSA	B1M6B8	28.1	221	204	258	4.56e-16	68.9	88.2	80.6
tr|A0A7J6GVW7|A0A7J6GVW7_CANSA	C9Y0S6	26.2	214	204	232	4.57e-16	68.6	87.7	89.2
tr|A0A7J6GVW7|A0A7J6GVW7_CANSA	A8GCT5	27.4	208	204	248	2.03e-15	67.0	84.8	81.0
tr|A0A7J6GVW7|A0A7J6GVW7_CANSA	A1JMX8	29.8	205	204	230	2.25e-15	66.6	84.8	87.8
tr|A0A7J6GVW7|A0A7J6GVW7_CANSA	Q0T623	26.5	215	204	231	2.28e-15	66.6	88.2	90.0
tr|A0A7J6GVW7|A0A7J6GVW7_CANSA	A6T7A1	26.9	208	204	236	2.43e-15	66.6	84.8	85.2
tr|A0A7J6GVW7|A0A7J6GVW7_CANSA	D3RKL1	26.9	208	204	236	2.43e-15	66.6	84.8	85.2
tr|A0A7J6GVW7|A0A7J6GVW7_CANSA	D2AC42	26.5	215	204	244	2.67e-15	66.6	88.2	85.2
tr|A0A7J6GVW7|A0A7J6GVW7_CANSA	Q83RV3	26.5	215	204	244	2.67e-15	66.6	88.2	85.2
tr|A0A7J6GVW7|A0A7J6GVW7_CANSA	B5XXN1	26.9	208	204	236	3.35e-15	66.2	84.8	85.2
tr|A0A7J6GVW7|A0A7J6GVW7_CANSA	D5VGV1	26.3	217	204	239	3.48e-15	66.2	89.7	87.9
tr|A0A7J6GVW7|A0A7J6GVW7_CANSA	Q9A4N5	26.3	217	204	225	4.02e-15	65.9	89.7	93.3
tr|A0A7J6GVW7|A0A7J6GVW7_CANSA	B8H1Q1	26.3	217	204	238	4.74e-15	65.9	89.7	88.2
tr|A0A7J6GVW7|A0A7J6GVW7_CANSA	A4W924	27.5	204	204	230	8.19e-15	65.1	82.8	85.7
tr|A0A7J6GVW7|A0A7J6GVW7_CANSA	A7ME53	25.7	214	204	232	8.39e-15	65.1	87.7	89.2
tr|A0A7J6GVW7|A0A7J6GVW7_CANSA	D4GEU5	26.5	200	204	250	2.69e-14	63.9	82.8	78.8
tr|A0A7J6GVW7|A0A7J6GVW7_CANSA	Q4ZXR8	25.2	210	204	245	6.64e-14	62.8	82.8	80.4
tr|A0A7J6GVW7|A0A7J6GVW7_CANSA	D5CE33	25.1	207	204	229	1.06e-13	62.0	81.4	84.7
tr|A0A7J6GVW7|A0A7J6GVW7_CANSA	Q48MQ5	26.5	204	204	245	2.37e-13	61.2	82.8	80.4
tr|A0A7J6GVW7|A0A7J6GVW7_CANSA	C5B0U8	26.0	208	204	248	4.58e-13	60.5	86.8	82.7
tr|A0A7J6GVW7|A0A7J6GVW7_CANSA	B1ZB16	26.4	212	204	247	8.54e-13	59.7	86.8	83.0
tr|A0A7J6GVW7|A0A7J6GVW7_CANSA	A9W3I0	35.1	94	204	248	8.61e-13	59.7	45.6	37.9
tr|A0A7J6GVW7|A0A7J6GVW7_CANSA	B7KWT6	35.1	94	204	248	8.61e-13	59.7	45.6	37.9
tr|A0A7J6GVW7|A0A7J6GVW7_CANSA	C7CM35	35.1	94	204	248	8.61e-13	59.7	45.6	37.9
tr|A0A7J6GVW7|A0A7J6GVW7_CANSA	C5CN80	27.7	191	204	252	5.85e-12	57.4	77.0	71.4
tr|A0A7J6GVW7|A0A7J6GVW7_CANSA	P58760	24.5	204	204	228	6.51e-12	57.0	82.8	86.4
tr|A0A7J6GVW7|A0A7J6GVW7_CANSA	B9JLT8	24.0	204	204	246	1.04e-11	56.6	82.8	80.1
tr|A0A7J6GVW7|A0A7J6GVW7_CANSA	B0SW60	25.5	196	204	233	3.28e-11	55.1	80.9	82.8
tr|A0A7J6GVW7|A0A7J6GVW7_CANSA	A4VQH5	26.0	200	204	248	3.69e-11	55.1	80.9	77.8
tr|A0A7J6GVW7|A0A7J6GVW7_CANSA	A8IAC9	25.5	200	204	227	1.49e-10	53.1	80.9	85.0
tr|A0A7J6GVW7|A0A7J6GVW7_CANSA	D0LI56	34.7	72	204	241	1.44e-09	50.4	35.3	29.9
tr|A0A7J6GVW7|A0A7J6GVW7_CANSA	I6XD65	29.2	185	204	186	1.50e-08	47.0	81.4	97.3
tr|A0A7J6GVW7|A0A7J6GVW7_CANSA	P21369	31.9	72	204	213	1.35e-06	41.6	32.4	33.8
tr|A0A7J6GVW7|A0A7J6GVW7_CANSA	Q6F6U3	26.0	204	204	214	2.49e-06	40.8	84.8	93.9
tr|A0A7J6GW44|A0A7J6GW44_CANSA	D4N502	29.8	305	346	360	1.03e-34	125	85.0	82.8
tr|A0A7J6GW83|A0A7J6GW83_CANSA	D4N502	35.3	238	263	360	1.26e-37	130	86.7	64.7
tr|A0A7J6GWG8|A0A7J6GWG8_CANSA	D4N502	30.2	212	285	360	8.10e-22	88.2	70.2	56.7
tr|A0A7J6GXX1|A0A7J6GXX1_CANSA	D4N502	26.9	175	170	360	5.21e-13	60.1	97.1	48.6
tr|A0A7J6GXX2|A0A7J6GXX2_CANSA	D4N502	26.6	278	530	360	4.63e-16	73.9	48.3	71.7
tr|A0A7J6GYQ1|A0A7J6GYQ1_CANSA	D4N502	21.9	306	344	360	5.20e-16	72.4	63.7	84.2
tr|A0A7J6GZN1|A0A7J6GZN1_CANSA	D4N502	25.6	199	256	360	1.74e-09	51.6	66.8	52.5
tr|A0A7J6H0U1|A0A7J6H0U1_CANSA	Q5PPL3	30.7	371	480	362	2.86e-40	143	77.1	94.5
tr|A0A7J6H0U1|A0A7J6H0U1_CANSA	Q9R1J0	30.7	375	480	362	2.86e-40	143	77.9	95.3
tr|A0A7J6H0U1|A0A7J6H0U1_CANSA	Q15738	28.8	365	480	373	3.59e-40	143	76.0	90.1
tr|A0A7J6H0U1|A0A7J6H0U1_CANSA	Q3ZBE9	29.3	355	480	356	9.00e-39	139	74.0	91.6
tr|A0A7J6H456|A0A7J6H456_CANSA	D4N502	30.9	265	339	360	2.03e-24	96.7	77.6	66.1
tr|A0A7J6H513|A0A7J6H513_CANSA	D4N502	36.3	80	212	360	2.34e-12	59.3	37.7	22.2
tr|A0A7J6H7G5|A0A7J6H7G5_CANSA	Q8S8F9	58.2	67	143	244	5.08e-22	82.8	46.9	27.5
tr|A0A7J6H8C4|A0A7J6H8C4_CANSA	Q9KWN1	25.3	265	286	249	7.48e-11	55.5	92.7	96.0
tr|A0A7J6H8C4|A0A7J6H8C4_CANSA	Q8U8I2	24.9	265	286	249	1.84e-10	54.3	92.7	96.0
tr|A0A7J6H8E7|A0A7J6H8E7_CANSA	D4N502	35.9	304	346	360	1.40e-52	172	85.0	79.4
tr|A0A7J6HAP5|A0A7J6HAP5_CANSA	D4N502	35.1	279	340	360	2.19e-61	195	80.6	77.5
tr|A0A7J6HBG9|A0A7J6HBG9_CANSA	Q945K7	79.9	169	191	374	5.03e-92	268	88.0	45.2
tr|A0A7J6HBG9|A0A7J6HBG9_CANSA	Q8LG77	72.2	169	191	374	2.56e-84	248	88.0	45.2
tr|A0A7J6HBG9|A0A7J6HBG9_CANSA	Q9VWH4	60.0	140	191	377	5.02e-52	166	73.3	36.6
tr|A0A7J6HBG9|A0A7J6HBG9_CANSA	Q55BI2	57.9	126	191	354	2.18e-48	155	66.0	33.9
tr|A0A7J6HBG9|A0A7J6HBG9_CANSA	Q9USP8	59.1	127	191	379	2.08e-47	154	66.5	33.2
tr|A0A7J6HBG9|A0A7J6HBG9_CANSA	Q93714	59.1	127	191	358	2.60e-47	153	66.0	35.2
tr|A0A7J6HBG9|A0A7J6HBG9_CANSA	Q99NA5	57.9	126	191	366	3.11e-47	153	66.0	34.4
tr|A0A7J6HBG9|A0A7J6HBG9_CANSA	Q9D6R2	57.9	126	191	366	3.11e-47	153	66.0	34.4
tr|A0A7J6HBG9|A0A7J6HBG9_CANSA	P41563	57.1	126	191	366	4.37e-47	152	66.0	34.4
tr|A0A7J6HBG9|A0A7J6HBG9_CANSA	P50213	57.1	126	191	366	6.14e-47	152	66.0	34.4
tr|A0A7J6HBG9|A0A7J6HBG9_CANSA	Q5R678	57.1	126	191	366	6.14e-47	152	66.0	34.4
tr|A0A7J6HBG9|A0A7J6HBG9_CANSA	P56471	57.1	126	191	366	8.64e-47	152	66.0	34.4
tr|A0A7J6HBG9|A0A7J6HBG9_CANSA	P28241	57.4	129	191	369	1.41e-45	149	66.0	33.9
tr|A0A7J6HBG9|A0A7J6HBG9_CANSA	O94230	55.8	129	191	368	2.94e-44	145	66.0	34.0
tr|A0A7J6HBG9|A0A7J6HBG9_CANSA	O13302	54.6	130	191	388	1.93e-41	138	67.0	33.5
tr|A0A7J6HBG9|A0A7J6HBG9_CANSA	O13696	52.3	130	191	356	1.79e-38	130	67.0	36.5
tr|A0A7J6HBG9|A0A7J6HBG9_CANSA	P28834	51.2	129	191	360	3.02e-36	124	67.0	34.7
tr|A0A7J6HBG9|A0A7J6HBG9_CANSA	O94229	50.0	130	191	361	3.07e-36	124	67.0	34.6
tr|A0A7J6HBG9|A0A7J6HBG9_CANSA	Q54B68	49.6	141	191	360	4.22e-36	124	72.8	37.2
tr|A0A7J6HBG9|A0A7J6HBG9_CANSA	Q93353	39.6	134	191	379	1.38e-21	85.1	67.0	34.8
tr|A0A7J6HBG9|A0A7J6HBG9_CANSA	O59394	35.0	123	191	345	1.47e-14	65.1	63.9	33.9
tr|A0A7J6HBG9|A0A7J6HBG9_CANSA	P40495	34.6	133	191	371	2.95e-14	64.3	66.0	35.3
tr|A0A7J6HBG9|A0A7J6HBG9_CANSA	Q58130	30.6	124	191	333	4.87e-14	63.5	64.9	36.0
tr|A0A7J6HBG9|A0A7J6HBG9_CANSA	Q5SIJ1	33.6	122	191	334	1.68e-13	62.0	62.8	36.2
tr|A0A7J6HBG9|A0A7J6HBG9_CANSA	Q72IW9	33.6	122	191	334	1.68e-13	62.0	62.8	36.2
tr|A0A7J6HBG9|A0A7J6HBG9_CANSA	O14104	32.6	138	191	362	1.78e-11	56.2	66.5	36.5
tr|A0A7J6HBG9|A0A7J6HBG9_CANSA	Q58991	33.3	138	191	347	3.61e-10	52.4	64.9	39.2
tr|A0A7J6HBG9|A0A7J6HBG9_CANSA	P70792	28.9	135	191	358	9.08e-10	51.2	63.9	37.7
tr|A0A7J6HBG9|A0A7J6HBG9_CANSA	P70787	28.9	135	191	364	9.16e-10	51.2	63.9	37.1
tr|A0A7J6HBG9|A0A7J6HBG9_CANSA	O34295	28.1	135	191	358	4.10e-09	49.3	63.9	37.7
tr|A0A7J6HBG9|A0A7J6HBG9_CANSA	O34296	28.1	135	191	358	4.10e-09	49.3	63.9	37.7
tr|A0A7J6HBG9|A0A7J6HBG9_CANSA	Q44471	28.1	135	191	364	4.14e-09	49.3	63.9	37.1
tr|A0A7J6HBG9|A0A7J6HBG9_CANSA	P42958	27.4	135	191	354	1.36e-08	47.8	63.4	37.6
tr|A0A7J6HBG9|A0A7J6HBG9_CANSA	Q51945	38.0	50	191	365	2.05e-07	44.3	23.6	13.7
tr|A0A7J6HBG9|A0A7J6HBG9_CANSA	P76251	38.0	50	191	361	4.02e-06	40.4	23.6	13.9
tr|A0A7J6HEP4|A0A7J6HEP4_CANSA	D4N502	40.6	347	735	360	1.32e-86	272	46.8	96.1
tr|A0A7J6HF01|A0A7J6HF01_CANSA	P69935	26.9	182	289	248	9.39e-14	63.9	62.6	71.0
tr|A0A7J6HF01|A0A7J6HF01_CANSA	P69936	26.9	182	289	248	9.39e-14	63.9	62.6	71.0
tr|A0A7J6HG10|A0A7J6HG10_CANSA	I1SB12	26.3	498	494	495	3.57e-30	117	94.9	87.9
tr|A0A7J6HG10|A0A7J6HG10_CANSA	P93762	24.7	461	494	546	5.22e-19	84.0	79.4	79.9
tr|A0A7J6HGU9|A0A7J6HGU9_CANSA	D4N502	31.9	113	1112	360	2.12e-09	54.7	9.9	29.7
tr|A0A7J6HHA5|A0A7J6HHA5_CANSA	O86447	39.4	99	103	481	1.99e-18	73.2	96.1	20.6
tr|A0A7J6HHA5|A0A7J6HHA5_CANSA	Q9A777	38.4	99	103	485	6.93e-18	71.6	96.1	20.4
tr|A0A7J6HHA5|A0A7J6HHA5_CANSA	Q9I6C8	39.2	97	103	476	4.48e-17	69.3	94.2	20.4
tr|A0A7J6HHA5|A0A7J6HHA5_CANSA	P25553	30.7	101	103	479	2.79e-08	44.3	86.4	19.2
tr|A0A7J6HKJ5|A0A7J6HKJ5_CANSA	D4N502	37.1	280	289	360	4.78e-54	174	96.2	73.9
tr|A0A7J6HKT1|A0A7J6HKT1_CANSA	D4N502	31.0	274	367	360	5.76e-33	120	73.0	72.2
tr|A0A7J6HKZ4|A0A7J6HKZ4_CANSA	D4N502	28.4	331	357	360	3.33e-32	118	89.9	85.6
tr|A0A7J6HLB0|A0A7J6HLB0_CANSA	P25553	32.1	474	507	479	1.37e-75	241	86.6	97.5
tr|A0A7J6HLB0|A0A7J6HLB0_CANSA	O86447	29.5	342	507	481	1.47e-40	147	60.4	69.9
tr|A0A7J6HLB0|A0A7J6HLB0_CANSA	Q9I6C8	28.6	458	507	476	1.15e-38	141	81.7	93.7
tr|A0A7J6HLB0|A0A7J6HLB0_CANSA	Q9A777	28.3	428	507	485	5.04e-36	134	76.3	87.6
tr|A0A7J6HLR1|A0A7J6HLR1_CANSA	Q9R1J0	28.5	249	770	362	1.02e-09	55.1	30.0	60.2
tr|A0A7J6HM72|A0A7J6HM72_CANSA	D4N502	20.2	257	373	360	2.20e-06	43.1	61.4	68.6
tr|A0A7J6HQQ0|A0A7J6HQQ0_CANSA	D4N502	27.3	315	560	360	1.37e-24	99.8	52.9	84.7
tr|A0A7J6HS04|A0A7J6HS04_CANSA	D4N502	22.5	267	388	360	1.96e-11	58.9	67.8	68.6
tr|A0A7J6HSR0|A0A7J6HSR0_CANSA	D4N502	32.1	112	284	360	1.29e-09	52.4	38.0	30.3
tr|A0A7J6HSR2|A0A7J6HSR2_CANSA	I1SB12	24.9	457	969	495	7.01e-33	128	45.8	86.1
tr|A0A7J6HSR2|A0A7J6HSR2_CANSA	P93762	24.8	487	969	546	5.48e-21	92.0	43.9	84.8
tr|A0A7J6HST6|A0A7J6HST6_CANSA	I1SB12	25.8	481	483	495	2.39e-32	123	93.2	88.1
tr|A0A7J6HST6|A0A7J6HST6_CANSA	P93762	26.3	551	483	546	9.86e-28	110	98.3	94.5
tr|A0A7J6HST7|A0A7J6HST7_CANSA	I1SB12	23.4	496	682	495	1.37e-23	99.0	69.2	92.3
tr|A0A7J6HST7|A0A7J6HST7_CANSA	P93762	25.0	504	682	546	6.23e-19	84.7	62.6	85.0
tr|A0A7J6HT97|A0A7J6HT97_CANSA	A3MU08	42.1	280	319	286	5.90e-68	209	87.5	97.6
tr|A0A7J6HT97|A0A7J6HT97_CANSA	Q9I5I6	32.7	278	319	298	2.72e-39	135	84.6	93.0
tr|A0A7J6HU69|A0A7J6HU69_CANSA	D4N502	52.8	360	359	360	1.17e-125	360	99.4	97.8
tr|A0A7J6HVF1|A0A7J6HVF1_CANSA	D4N502	22.5	267	388	360	1.47e-11	59.3	67.8	68.6
tr|A0A7J6HW69|A0A7J6HW69_CANSA	Q83RE8	29.8	84	189	248	2.38e-06	40.8	44.4	32.7
tr|A0A7J6HWE2|A0A7J6HWE2_CANSA	Q83RE8	26.8	142	200	248	4.53e-07	43.1	68.5	53.6
tr|A0A7J6HWK1|A0A7J6HWK1_CANSA	D4N502	29.6	203	257	360	5.81e-21	85.1	71.6	56.1
tr|A0A7J6HWM0|A0A7J6HWM0_CANSA	B7NLB5	35.2	182	394	230	2.73e-21	86.3	41.4	77.8
tr|A0A7J6HWM0|A0A7J6HWM0_CANSA	B7MTF4	35.2	182	394	230	3.74e-21	85.9	41.4	77.8
tr|A0A7J6HWM0|A0A7J6HWM0_CANSA	B1LIZ4	35.2	182	394	231	3.81e-21	85.9	41.4	77.5
tr|A0A7J6HWM0|A0A7J6HWM0_CANSA	B7MIF8	35.2	182	394	230	7.02e-21	85.1	41.4	77.8
tr|A0A7J6HWM0|A0A7J6HWM0_CANSA	D5CZH1	35.2	182	394	231	7.15e-21	85.1	41.4	77.5
tr|A0A7J6HWM0|A0A7J6HWM0_CANSA	A1A9R6	35.2	182	394	244	9.09e-21	85.1	41.4	73.4
tr|A0A7J6HWM0|A0A7J6HWM0_CANSA	Q1RDK6	35.2	182	394	244	9.09e-21	85.1	41.4	73.4
tr|A0A7J6HWM0|A0A7J6HWM0_CANSA	Q8FJ42	35.2	182	394	244	9.09e-21	85.1	41.4	73.4
tr|A0A7J6HWM0|A0A7J6HWM0_CANSA	B7LFC1	34.6	182	394	230	1.32e-20	84.3	41.4	77.8
tr|A0A7J6HWM0|A0A7J6HWM0_CANSA	B7M8Z6	34.6	182	394	230	1.32e-20	84.3	41.4	77.8
tr|A0A7J6HWM0|A0A7J6HWM0_CANSA	B7N3G7	34.6	182	394	230	1.32e-20	84.3	41.4	77.8
tr|A0A7J6HWM0|A0A7J6HWM0_CANSA	C6EHJ6	34.6	182	394	230	1.32e-20	84.3	41.4	77.8
tr|A0A7J6HWM0|A0A7J6HWM0_CANSA	C6UFC2	34.6	182	394	230	1.32e-20	84.3	41.4	77.8
tr|A0A7J6HWM0|A0A7J6HWM0_CANSA	C8TNC1	34.6	182	394	230	1.32e-20	84.3	41.4	77.8
tr|A0A7J6HWM0|A0A7J6HWM0_CANSA	C8UMM7	34.6	182	394	230	1.32e-20	84.3	41.4	77.8
tr|A0A7J6HWM0|A0A7J6HWM0_CANSA	D2NGI8	34.6	182	394	230	1.32e-20	84.3	41.4	77.8
tr|A0A7J6HWM0|A0A7J6HWM0_CANSA	D3H124	34.6	182	394	230	1.32e-20	84.3	41.4	77.8
tr|A0A7J6HWM0|A0A7J6HWM0_CANSA	A7ZKB6	34.6	182	394	231	1.34e-20	84.3	41.4	77.5
tr|A0A7J6HWM0|A0A7J6HWM0_CANSA	A7ZYW6	34.6	182	394	231	1.34e-20	84.3	41.4	77.5
tr|A0A7J6HWM0|A0A7J6HWM0_CANSA	B1IV86	34.6	182	394	231	1.34e-20	84.3	41.4	77.5
tr|A0A7J6HWM0|A0A7J6HWM0_CANSA	D3QPK4	34.6	182	394	244	1.70e-20	84.3	41.4	73.4
tr|A0A7J6HWM0|A0A7J6HWM0_CANSA	Q3Z3A3	34.6	182	394	244	1.70e-20	84.3	41.4	73.4
tr|A0A7J6HWM0|A0A7J6HWM0_CANSA	B7UNZ4	34.6	182	394	230	1.80e-20	84.0	41.4	77.8
tr|A0A7J6HWM0|A0A7J6HWM0_CANSA	B6I987	34.6	182	394	230	2.46e-20	83.6	41.4	77.8
tr|A0A7J6HWM0|A0A7J6HWM0_CANSA	C8U5H3	34.6	182	394	230	2.46e-20	83.6	41.4	77.8
tr|A0A7J6HWM0|A0A7J6HWM0_CANSA	B1X9D2	34.1	182	394	230	4.60e-20	82.8	41.4	77.8
tr|A0A7J6HWM0|A0A7J6HWM0_CANSA	C4ZQD9	34.1	182	394	230	4.60e-20	82.8	41.4	77.8
tr|A0A7J6HWM0|A0A7J6HWM0_CANSA	C9QZ65	34.1	182	394	230	4.60e-20	82.8	41.4	77.8
tr|A0A7J6HWM0|A0A7J6HWM0_CANSA	P75897	34.1	182	394	230	4.60e-20	82.8	41.4	77.8
tr|A0A7J6HWM0|A0A7J6HWM0_CANSA	Q0TJ56	34.1	182	394	230	6.29e-20	82.4	41.4	77.8
tr|A0A7J6HWM0|A0A7J6HWM0_CANSA	C6UPN3	34.1	182	394	230	8.60e-20	82.0	41.4	77.8
tr|A0A7J6HWM0|A0A7J6HWM0_CANSA	Q8XAU3	34.1	182	394	230	8.60e-20	82.0	41.4	77.8
tr|A0A7J6HWM0|A0A7J6HWM0_CANSA	B5YU52	34.1	182	394	231	8.76e-20	82.0	41.4	77.5
tr|A0A7J6HWM0|A0A7J6HWM0_CANSA	Q0T623	33.5	182	394	231	4.16e-19	80.1	41.4	77.5
tr|A0A7J6HWM0|A0A7J6HWM0_CANSA	D2AC42	33.5	182	394	244	5.21e-19	80.1	41.4	73.4
tr|A0A7J6HWM0|A0A7J6HWM0_CANSA	Q83RV3	33.5	182	394	244	5.21e-19	80.1	41.4	73.4
tr|A0A7J6HWM0|A0A7J6HWM0_CANSA	Q9A4N5	30.9	191	394	225	3.29e-18	77.4	42.6	83.6
tr|A0A7J6HWM0|A0A7J6HWM0_CANSA	B8H1Q1	30.9	191	394	238	4.11e-18	77.4	42.6	79.0
tr|A0A7J6HWM0|A0A7J6HWM0_CANSA	D0LI56	30.5	210	394	241	5.87e-18	77.0	47.5	85.9
tr|A0A7J6HWM0|A0A7J6HWM0_CANSA	D5VGV1	30.7	192	394	239	1.95e-17	75.5	42.9	79.1
tr|A0A7J6HWM0|A0A7J6HWM0_CANSA	P58760	28.2	195	394	228	3.01e-17	74.7	43.7	84.2
tr|A0A7J6HWM0|A0A7J6HWM0_CANSA	B1M6B8	29.8	191	394	258	3.52e-17	75.1	43.4	72.9
tr|A0A7J6HWM0|A0A7J6HWM0_CANSA	B7KWT6	30.7	179	394	248	7.62e-17	73.9	40.6	71.0
tr|A0A7J6HWM0|A0A7J6HWM0_CANSA	B0SW60	29.8	191	394	233	1.12e-16	73.2	42.6	80.7
tr|A0A7J6HWM0|A0A7J6HWM0_CANSA	B9JLT8	28.2	195	394	246	1.36e-16	73.2	43.7	78.0
tr|A0A7J6HWM0|A0A7J6HWM0_CANSA	B1ZB16	31.8	179	394	247	1.38e-16	73.2	40.6	71.3
tr|A0A7J6HWM0|A0A7J6HWM0_CANSA	A9W3I0	30.7	179	394	248	1.40e-16	73.2	40.6	71.0
tr|A0A7J6HWM0|A0A7J6HWM0_CANSA	C7CM35	30.7	179	394	248	1.40e-16	73.2	40.6	71.0
tr|A0A7J6HWM0|A0A7J6HWM0_CANSA	C5B0U8	30.2	179	394	248	8.71e-16	70.9	40.6	71.0
tr|A0A7J6HWM0|A0A7J6HWM0_CANSA	C5CN80	30.5	174	394	252	2.28e-15	69.7	38.6	67.9
tr|A0A7J6HWM0|A0A7J6HWM0_CANSA	Q9FMX7	26.4	174	394	198	4.25e-11	56.2	43.7	80.8
tr|A0A7J6HWM0|A0A7J6HWM0_CANSA	P21369	28.7	209	394	213	7.76e-10	52.8	45.9	96.7
tr|A0A7J6HWM0|A0A7J6HWM0_CANSA	P53184	26.7	187	394	216	3.06e-07	45.1	38.1	86.1
tr|A0A7J6HYI4|A0A7J6HYI4_CANSA	P93762	23.9	494	522	546	4.70e-20	87.4	81.6	85.0
tr|A0A7J6HYP9|A0A7J6HYP9_CANSA	I1SB12	24.2	472	530	495	7.36e-23	95.9	85.3	87.5
tr|A0A7J6HYP9|A0A7J6HYP9_CANSA	P93762	24.9	494	530	546	6.31e-19	84.0	81.7	86.1
tr|A0A7J6HYS9|A0A7J6HYS9_CANSA	D4N502	23.8	344	277	360	3.62e-19	80.5	89.5	94.4
tr|A0A7J6HZ63|A0A7J6HZ63_CANSA	Q8FHD2	30.7	166	222	248	1.29e-20	81.6	73.4	66.5
tr|A0A7J6HZ63|A0A7J6HZ63_CANSA	Q83RE8	31.3	166	222	248	2.48e-20	80.9	73.4	66.5
tr|A0A7J6HZ63|A0A7J6HZ63_CANSA	Q8X505	30.7	166	222	248	3.45e-20	80.5	73.4	66.5
tr|A0A7J6HZ63|A0A7J6HZ63_CANSA	P39831	30.7	166	222	248	4.79e-20	80.1	73.4	66.5
tr|A0A7J6HZ63|A0A7J6HZ63_CANSA	P69935	31.9	166	222	248	1.28e-19	79.0	73.4	66.5
tr|A0A7J6HZ63|A0A7J6HZ63_CANSA	P69936	31.9	166	222	248	1.28e-19	79.0	73.4	66.5
tr|A0A7J6I1T6|A0A7J6I1T6_CANSA	P69935	25.0	128	169	248	1.70e-10	52.4	75.1	49.6
tr|A0A7J6I1T6|A0A7J6I1T6_CANSA	P69936	25.0	128	169	248	1.70e-10	52.4	75.1	49.6
tr|A0A7J6I233|A0A7J6I233_CANSA	D4N502	49.2	248	233	360	1.53e-81	243	100	68.6
tr|A0A7J6I358|A0A7J6I358_CANSA	Q9R1J0	27.1	107	589	362	4.59e-07	46.2	18.2	26.2
tr|A0A7J6I369|A0A7J6I369_CANSA	P69935	26.5	196	283	248	4.74e-14	64.7	68.9	77.4
tr|A0A7J6I369|A0A7J6I369_CANSA	P69936	26.5	196	283	248	4.74e-14	64.7	68.9	77.4
tr|A0A7J6I369|A0A7J6I369_CANSA	Q83RE8	25.3	194	283	248	4.10e-13	62.0	68.2	76.6
tr|A0A7J6I369|A0A7J6I369_CANSA	Q8FHD2	25.3	194	283	248	1.40e-12	60.5	68.2	76.6
tr|A0A7J6I369|A0A7J6I369_CANSA	P39831	25.3	194	283	248	2.57e-12	59.7	68.2	76.6
tr|A0A7J6I369|A0A7J6I369_CANSA	Q8X505	25.3	194	283	248	3.49e-12	59.3	68.2	76.6
tr|A0A7J6I3I9|A0A7J6I3I9_CANSA	Q9KWN1	27.1	203	279	249	4.23e-16	70.5	69.2	80.3
tr|A0A7J6I3I9|A0A7J6I3I9_CANSA	Q8U8I2	26.6	203	279	249	5.19e-15	67.4	69.2	80.3
tr|A0A7J6I4T8|A0A7J6I4T8_CANSA	P69935	26.5	196	307	248	1.52e-13	63.5	63.5	77.4
tr|A0A7J6I4T8|A0A7J6I4T8_CANSA	P69936	26.5	196	307	248	1.52e-13	63.5	63.5	77.4
tr|A0A7J6I4T8|A0A7J6I4T8_CANSA	Q83RE8	25.8	221	307	248	3.81e-13	62.4	71.7	85.9
tr|A0A7J6I4T8|A0A7J6I4T8_CANSA	Q8FHD2	25.8	221	307	248	9.49e-13	61.2	71.7	85.9
tr|A0A7J6I4T8|A0A7J6I4T8_CANSA	P39831	25.8	221	307	248	2.36e-12	60.1	71.7	85.9
tr|A0A7J6I4T8|A0A7J6I4T8_CANSA	Q8X505	25.8	221	307	248	2.36e-12	60.1	71.7	85.9
tr|A0A7J6I5H8|A0A7J6I5H8_CANSA	D4N502	30.0	200	243	360	4.32e-21	85.1	79.4	52.8
tr|A0A7J6I5M6|A0A7J6I5M6_CANSA	Q9KWN1	27.4	234	291	249	3.85e-14	65.1	79.7	87.1
tr|A0A7J6I5M6|A0A7J6I5M6_CANSA	Q8U8I2	25.2	234	291	249	1.13e-12	60.8	79.7	87.1
tr|A0A7J6I710|A0A7J6I710_CANSA	Q8U8I2	25.3	245	572	249	3.09e-11	58.2	42.7	89.2
tr|A0A7J6I710|A0A7J6I710_CANSA	Q9KWN1	26.1	245	572	249	3.09e-11	58.2	42.7	89.2
tr|A0A7J6I760|A0A7J6I760_CANSA	D4N502	28.3	329	336	360	1.44e-29	110	91.7	88.3
tr|A0A7J6I7S9|A0A7J6I7S9_CANSA	P69935	26.9	216	375	248	2.17e-11	57.8	56.5	72.2
tr|A0A7J6I7S9|A0A7J6I7S9_CANSA	P69936	26.9	216	375	248	2.17e-11	57.8	56.5	72.2
tr|A0A7J6I7S9|A0A7J6I7S9_CANSA	Q8U8I2	26.1	218	375	249	1.94e-08	48.9	56.5	71.5
tr|A0A7J6I7S9|A0A7J6I7S9_CANSA	Q9KWN1	25.8	217	375	249	6.27e-08	47.4	56.5	71.5
tr|A0A7J6I870|A0A7J6I870_CANSA	P69935	24.3	181	213	248	2.72e-10	52.8	83.6	71.0
tr|A0A7J6I870|A0A7J6I870_CANSA	P69936	24.3	181	213	248	2.72e-10	52.8	83.6	71.0
tr|A0A7J6I870|A0A7J6I870_CANSA	Q9KWN1	26.1	176	213	249	1.72e-09	50.4	82.6	69.5
tr|A0A7J6I870|A0A7J6I870_CANSA	Q8U8I2	25.3	178	213	249	3.16e-09	49.7	82.6	69.5
tr|A0A7J6I891|A0A7J6I891_CANSA	Q9KWN1	25.4	205	546	249	1.04e-08	50.4	37.0	79.1
tr|A0A7J6I891|A0A7J6I891_CANSA	Q8U8I2	24.8	230	546	249	1.44e-07	47.0	41.4	86.7
tr|A0A7J6I8I4|A0A7J6I8I4_CANSA	D4N502	31.2	308	329	360	8.13e-43	146	90.0	81.4
tr|A0A7J6I8J6|A0A7J6I8J6_CANSA	D4N502	26.0	150	311	360	2.17e-08	48.9	46.3	41.4
tr|A0A7J6I8J9|A0A7J6I8J9_CANSA	Q9R1J0	27.3	187	557	362	2.54e-08	50.1	33.2	45.6
tr|A0A7J6I8J9|A0A7J6I8J9_CANSA	Q5PPL3	26.3	186	557	362	4.47e-08	49.3	33.2	45.6
tr|A0A7J6I965|A0A7J6I965_CANSA	D4N502	36.7	79	257	360	1.56e-11	57.8	30.7	21.9
tr|A0A7J6I9P8|A0A7J6I9P8_CANSA	Q6F6Y2	27.6	355	669	385	4.08e-35	131	51.9	86.5
tr|A0A7J6I9P8|A0A7J6I9P8_CANSA	A1TFU9	29.5	352	669	395	4.11e-34	129	51.3	83.8
tr|A0A7J6I9P8|A0A7J6I9P8_CANSA	A6T923	30.3	346	669	384	2.87e-33	126	50.7	84.4
tr|A0A7J6I9P8|A0A7J6I9P8_CANSA	B6D1N4	30.3	346	669	384	2.87e-33	126	50.7	84.4
tr|A0A7J6I9P8|A0A7J6I9P8_CANSA	B5B0J6	28.1	349	669	384	4.48e-29	114	50.7	84.4
tr|A0A7J6I9P8|A0A7J6I9P8_CANSA	Q88FY2	27.0	370	669	382	5.24e-22	92.8	53.5	91.6
tr|A0A7J6I9P8|A0A7J6I9P8_CANSA	A0A0H3LKL4	25.3	368	669	383	1.33e-20	88.6	53.5	91.1
tr|A0A7J6I9P8|A0A7J6I9P8_CANSA	P86491	26.4	409	669	385	5.81e-20	86.7	57.5	97.7
tr|A0A7J6IA17|A0A7J6IA17_CANSA	Q8S8F9	44.2	206	280	244	1.75e-51	164	62.5	84.4
tr|A0A7J6IAA0|A0A7J6IAA0_CANSA	Q8U8I2	30.1	156	313	249	2.69e-07	45.1	47.9	57.0
tr|A0A7J6IAA0|A0A7J6IAA0_CANSA	Q9KWN1	28.8	156	313	249	6.47e-07	43.9	47.9	57.0
tr|A0A7J6IAD3|A0A7J6IAD3_CANSA	D4N502	20.2	332	257	360	2.15e-14	66.2	90.3	91.9
tr|A0A7J6IAK1|A0A7J6IAK1_CANSA	Q6F6Y2	50.0	44	99	385	5.02e-09	46.2	42.4	11.4
tr|A0A7J6IAK1|A0A7J6IAK1_CANSA	A0A0H3LKL4	36.5	74	99	383	6.86e-09	45.8	71.7	19.3
tr|A0A7J6IAK1|A0A7J6IAK1_CANSA	Q88FY2	36.5	63	99	382	8.31e-08	42.7	61.6	16.5
tr|A0A7J6IAK1|A0A7J6IAK1_CANSA	P86491	47.5	40	99	385	1.14e-07	42.4	40.4	10.4
tr|A0A7J6IAK1|A0A7J6IAK1_CANSA	A6T923	56.3	32	99	384	5.40e-07	40.4	32.3	8.3
tr|A0A7J6IAK1|A0A7J6IAK1_CANSA	B6D1N4	56.3	32	99	384	5.40e-07	40.4	32.3	8.3
tr|A0A7J6IAK1|A0A7J6IAK1_CANSA	B5B0J6	56.3	32	99	384	7.38e-07	40.0	32.3	8.3
tr|A0A7J6IAK1|A0A7J6IAK1_CANSA	A1TFU9	54.8	31	99	395	8.96e-06	37.0	31.3	7.8
tr|A0A7J6IAT1|A0A7J6IAT1_CANSA	D4N502	31.2	314	319	360	8.29e-26	100	95.9	80.6
tr|A0A7J6IB40|A0A7J6IB40_CANSA	Q9R1J0	28.5	137	302	362	8.57e-07	43.9	45.0	32.0
tr|A0A7J6IBA5|A0A7J6IBA5_CANSA	P39831	31.5	181	321	248	5.67e-17	73.6	55.5	68.1
tr|A0A7J6IBA5|A0A7J6IBA5_CANSA	Q8X505	31.5	181	321	248	7.75e-17	73.2	55.5	68.1
tr|A0A7J6IBA5|A0A7J6IBA5_CANSA	Q83RE8	31.5	181	321	248	1.06e-16	72.8	55.5	68.1
tr|A0A7J6IBA5|A0A7J6IBA5_CANSA	Q8FHD2	31.5	181	321	248	1.06e-16	72.8	55.5	68.1
tr|A0A7J6IBA5|A0A7J6IBA5_CANSA	P69935	30.3	198	321	248	1.97e-16	72.0	60.4	75.0
tr|A0A7J6IBA5|A0A7J6IBA5_CANSA	P69936	30.3	198	321	248	1.97e-16	72.0	60.4	75.0
tr|A0A7J6IBB2|A0A7J6IBB2_CANSA	D4N502	43.1	355	354	360	1.56e-90	270	94.6	98.1
tr|A0A7J6ICA7|A0A7J6ICA7_CANSA	D4N502	43.6	266	287	360	5.52e-75	228	89.9	73.9
tr|A0A7J6ICV1|A0A7J6ICV1_CANSA	P69935	25.2	214	326	248	7.17e-14	64.7	65.0	79.0
tr|A0A7J6ICV1|A0A7J6ICV1_CANSA	P69936	25.2	214	326	248	7.17e-14	64.7	65.0	79.0
