tr|A0A7J6FUZ3|A0A7J6FUZ3_CANSA	B8R1K0	37.3	75	858	444	1.58e-09	55.8	8.5	16.9
tr|A0A7J6FUZ3|A0A7J6FUZ3_CANSA	Q4R749	37.3	75	858	444	1.58e-09	55.8	8.5	16.9
tr|A0A7J6FUZ3|A0A7J6FUZ3_CANSA	Q9DEX7	37.7	77	858	444	2.08e-09	55.5	8.7	17.3
tr|A0A7J6FUZ3|A0A7J6FUZ3_CANSA	O95864	37.3	75	858	444	2.75e-09	55.1	8.5	16.9
tr|A0A7J6FUZ3|A0A7J6FUZ3_CANSA	Q5REA7	37.3	75	858	444	2.75e-09	55.1	8.5	16.9
tr|A0A7J6FUZ3|A0A7J6FUZ3_CANSA	A4FV48	34.7	75	858	444	1.46e-08	52.8	8.5	16.9
tr|A0A7J6FUZ3|A0A7J6FUZ3_CANSA	Q9Z0R9	34.7	75	858	444	2.54e-08	52.0	8.5	16.9
tr|A0A7J6FUZ3|A0A7J6FUZ3_CANSA	Q9Z122	34.7	75	858	444	2.54e-08	52.0	8.5	16.9
tr|A0A7J6GCN7|A0A7J6GCN7_CANSA	Q08654	34.8	135	426	589	8.65e-19	83.6	30.3	22.8
tr|A0A7J6GCN7|A0A7J6GCN7_CANSA	P20409	29.2	161	426	765	1.27e-14	70.9	35.9	20.9
tr|A0A7J6GCN7|A0A7J6GCN7_CANSA	P00908	27.6	185	426	762	8.22e-12	62.0	40.6	24.1
tr|A0A7J6GCN7|A0A7J6GCN7_CANSA	P25170	26.0	181	426	788	3.38e-11	60.1	40.6	22.8
tr|A0A7J6GCN7|A0A7J6GCN7_CANSA	P24773	28.6	196	426	752	1.78e-10	57.8	40.6	24.6
tr|A0A7J6GCN7|A0A7J6GCN7_CANSA	Q92370	31.6	136	426	759	1.79e-10	57.8	30.3	17.8
tr|A0A7J6GCN7|A0A7J6GCN7_CANSA	P00904	24.7	162	426	531	8.07e-10	55.5	35.9	29.9
tr|A0A7J6GCN7|A0A7J6GCN7_CANSA	P06531	25.8	186	426	768	9.58e-10	55.5	40.6	24.1
tr|A0A7J6GCN7|A0A7J6GCN7_CANSA	P05328	26.1	165	426	770	6.74e-09	52.8	35.7	21.4
tr|A0A7J6GCN7|A0A7J6GCN7_CANSA	P00905	24.2	161	426	531	1.01e-08	52.0	35.7	29.8
tr|A0A7J6GCN7|A0A7J6GCN7_CANSA	P18483	26.5	162	426	768	2.05e-08	51.2	35.2	21.0
tr|A0A7J6GCN7|A0A7J6GCN7_CANSA	P0CN86	27.4	164	426	752	3.55e-08	50.4	35.7	21.8
tr|A0A7J6GCN7|A0A7J6GCN7_CANSA	P0CN87	27.4	164	426	752	3.55e-08	50.4	35.7	21.8
tr|A0A7J6GCN7|A0A7J6GCN7_CANSA	P27710	27.4	164	426	752	4.69e-08	50.1	35.7	21.8
tr|A0A7J6HWG2|A0A7J6HWG2_CANSA	Q9AGP8	25.2	313	705	830	4.36e-15	73.9	43.5	35.2
tr|A0A7J6DN18|A0A7J6DN18_CANSA	P50578	40.4	317	545	325	1.76e-72	229	57.6	90.2
tr|A0A7J6DN18|A0A7J6DN18_CANSA	P51635	41.0	312	545	325	3.47e-72	229	56.9	88.9
tr|A0A7J6DN18|A0A7J6DN18_CANSA	O70473	39.5	329	545	324	6.64e-72	228	58.7	94.4
tr|A0A7J6DN18|A0A7J6DN18_CANSA	Q3ZCJ2	40.7	317	545	325	6.84e-72	228	57.6	90.2
tr|A0A7J6DN18|A0A7J6DN18_CANSA	P14550	41.3	312	545	325	2.66e-71	226	56.9	88.9
tr|A0A7J6DN18|A0A7J6DN18_CANSA	Q5R5D5	41.3	312	545	325	2.04e-70	224	56.9	88.9
tr|A0A7J6DN18|A0A7J6DN18_CANSA	Q9JII6	40.6	313	545	325	7.93e-70	223	56.9	88.9
tr|A0A7J6DP00|A0A7J6DP00_CANSA	B2KKL4	28.1	456	447	443	1.13e-47	165	94.4	94.6
tr|A0A7J6DP00|A0A7J6DP00_CANSA	Q9DEX7	29.8	439	447	444	3.03e-44	155	92.4	92.3
tr|A0A7J6DP00|A0A7J6DP00_CANSA	A4FV48	27.3	425	447	444	4.12e-43	152	88.1	88.1
tr|A0A7J6DP00|A0A7J6DP00_CANSA	A0A0C5PRW9	27.5	447	447	445	4.09e-42	150	92.4	92.1
tr|A0A7J6DP00|A0A7J6DP00_CANSA	Q9Z0R9	28.1	442	447	444	2.82e-41	147	91.9	91.9
tr|A0A7J6DP00|A0A7J6DP00_CANSA	Q23221	28.5	438	447	443	5.30e-41	147	90.2	96.2
tr|A0A7J6DP00|A0A7J6DP00_CANSA	Q9Z122	27.6	456	447	444	1.03e-40	146	91.9	91.9
tr|A0A7J6DP00|A0A7J6DP00_CANSA	Q5REA7	26.5	449	447	444	1.97e-40	145	93.5	93.5
tr|A0A7J6DP00|A0A7J6DP00_CANSA	O95864	26.5	449	447	444	2.72e-40	145	93.5	93.5
tr|A0A7J6DP00|A0A7J6DP00_CANSA	B8R1K0	27.3	425	447	444	5.18e-40	144	88.1	88.1
tr|A0A7J6DP00|A0A7J6DP00_CANSA	Q4R749	27.3	425	447	444	5.18e-40	144	88.1	88.1
tr|A0A7J6DQ22|A0A7J6DQ22_CANSA	Q08654	52.1	194	275	589	1.62e-64	207	69.8	31.9
tr|A0A7J6DQ22|A0A7J6DQ22_CANSA	Q92370	46.4	196	275	759	1.12e-52	178	70.2	25.0
tr|A0A7J6DQ22|A0A7J6DQ22_CANSA	P20409	45.3	192	275	765	5.47e-51	173	69.5	24.3
tr|A0A7J6DQ22|A0A7J6DQ22_CANSA	P00908	46.5	200	275	762	1.93e-50	172	70.5	25.5
tr|A0A7J6DQ22|A0A7J6DQ22_CANSA	P24773	44.3	201	275	752	4.75e-46	159	70.5	25.9
tr|A0A7J6DQ22|A0A7J6DQ22_CANSA	P06531	42.8	201	275	768	1.19e-44	155	70.5	25.4
tr|A0A7J6DQ22|A0A7J6DQ22_CANSA	P05328	42.8	201	275	770	2.77e-43	152	70.5	25.3
tr|A0A7J6DQ22|A0A7J6DQ22_CANSA	P18483	43.3	201	275	768	4.58e-42	148	70.5	25.1
tr|A0A7J6DQ22|A0A7J6DQ22_CANSA	P25170	40.2	194	275	788	4.44e-39	140	69.8	23.9
tr|A0A7J6DQ22|A0A7J6DQ22_CANSA	P0CN86	40.1	197	275	752	4.94e-38	137	69.5	25.4
tr|A0A7J6DQ22|A0A7J6DQ22_CANSA	P0CN87	40.1	197	275	752	4.94e-38	137	69.5	25.4
tr|A0A7J6DQ22|A0A7J6DQ22_CANSA	P27710	39.6	197	275	752	2.32e-37	135	69.5	25.4
tr|A0A7J6DQ22|A0A7J6DQ22_CANSA	P00904	35.2	199	275	531	1.49e-33	123	71.3	35.8
tr|A0A7J6DQ22|A0A7J6DQ22_CANSA	P00905	34.2	199	275	531	2.60e-32	119	71.3	35.8
tr|A0A7J6DQ22|A0A7J6DQ22_CANSA	Q92411	36.3	201	275	768	9.50e-32	119	70.5	25.4
tr|A0A7J6DQ65|A0A7J6DQ65_CANSA	P24773	34.0	259	940	752	3.54e-29	119	26.7	27.7
tr|A0A7J6DQ65|A0A7J6DQ65_CANSA	P06531	32.3	269	940	768	1.26e-26	111	27.8	29.3
tr|A0A7J6DQ65|A0A7J6DQ65_CANSA	P0CN86	34.2	243	940	752	2.79e-26	110	24.9	26.2
tr|A0A7J6DQ65|A0A7J6DQ65_CANSA	P0CN87	34.2	243	940	752	2.79e-26	110	24.9	26.2
tr|A0A7J6DQ65|A0A7J6DQ65_CANSA	P27710	34.2	243	940	752	4.86e-26	109	24.9	26.2
tr|A0A7J6DQ65|A0A7J6DQ65_CANSA	Q92370	33.5	242	940	759	4.93e-26	109	24.9	25.6
tr|A0A7J6DQ65|A0A7J6DQ65_CANSA	Q08654	32.5	240	940	589	8.57e-26	108	24.7	32.4
tr|A0A7J6DQ65|A0A7J6DQ65_CANSA	P05328	33.6	241	940	770	2.01e-25	107	24.9	25.7
tr|A0A7J6DQ65|A0A7J6DQ65_CANSA	P18483	32.4	241	940	768	5.53e-24	103	24.9	25.5
tr|A0A7J6DQ65|A0A7J6DQ65_CANSA	P20409	32.8	241	940	765	7.25e-24	102	24.9	25.1
tr|A0A7J6DQ65|A0A7J6DQ65_CANSA	P00908	32.9	240	940	762	1.65e-23	101	24.8	25.7
tr|A0A7J6DQ65|A0A7J6DQ65_CANSA	P25170	29.5	241	940	788	2.71e-22	97.8	24.9	24.5
tr|A0A7J6DQ65|A0A7J6DQ65_CANSA	Q92411	28.8	243	940	768	5.58e-16	77.4	24.8	25.7
tr|A0A7J6DQ65|A0A7J6DQ65_CANSA	P00904	28.1	231	940	531	2.26e-13	68.6	23.7	33.9
tr|A0A7J6DQ65|A0A7J6DQ65_CANSA	P00905	27.7	231	940	531	1.57e-12	65.9	23.7	33.9
tr|A0A7J6DST1|A0A7J6DST1_CANSA	Q3ZCJ2	46.6	279	346	325	5.56e-85	255	77.7	85.8
tr|A0A7J6DST1|A0A7J6DST1_CANSA	O70473	45.9	279	346	324	3.05e-84	253	77.7	86.1
tr|A0A7J6DST1|A0A7J6DST1_CANSA	P14550	46.6	279	346	325	3.15e-84	253	77.7	85.8
tr|A0A7J6DST1|A0A7J6DST1_CANSA	P51635	45.9	279	346	325	3.15e-84	253	77.7	85.8
tr|A0A7J6DST1|A0A7J6DST1_CANSA	Q5R5D5	47.0	279	346	325	3.15e-84	253	77.7	85.8
tr|A0A7J6DST1|A0A7J6DST1_CANSA	Q9JII6	45.9	279	346	325	8.90e-84	252	77.7	85.8
tr|A0A7J6DST1|A0A7J6DST1_CANSA	P50578	45.9	279	346	325	7.12e-83	250	77.7	85.8
tr|A0A7J6DST9|A0A7J6DST9_CANSA	Q9ZJU8	39.8	269	1751	452	1.98e-44	163	15.3	54.9
tr|A0A7J6DST9|A0A7J6DST9_CANSA	O25867	38.3	269	1751	452	2.19e-43	160	15.3	54.9
tr|A0A7J6DST9|A0A7J6DST9_CANSA	Q92370	38.3	277	1751	759	4.02e-41	159	15.3	34.8
tr|A0A7J6DST9|A0A7J6DST9_CANSA	Q44603	36.2	260	1751	461	5.07e-39	147	14.8	52.5
tr|A0A7J6DST9|A0A7J6DST9_CANSA	O68427	35.6	267	1751	453	1.58e-37	143	15.2	55.2
tr|A0A7J6DST9|A0A7J6DST9_CANSA	P57855	34.7	271	1751	469	6.80e-37	141	15.4	55.7
tr|A0A7J6DST9|A0A7J6DST9_CANSA	P25170	36.7	297	1751	788	6.92e-37	145	16.0	35.9
tr|A0A7J6DST9|A0A7J6DST9_CANSA	P20409	37.5	269	1751	765	8.13e-37	145	14.8	33.2
tr|A0A7J6DST9|A0A7J6DST9_CANSA	P59459	32.5	268	1751	469	7.30e-36	138	15.3	53.7
tr|A0A7J6DST9|A0A7J6DST9_CANSA	P00909	35.2	261	1751	453	1.02e-35	137	14.8	53.6
tr|A0A7J6DST9|A0A7J6DST9_CANSA	P57366	36.9	255	1751	453	1.02e-35	137	14.6	52.5
tr|A0A7J6DST9|A0A7J6DST9_CANSA	P46451	34.1	270	1751	477	1.11e-35	138	15.4	54.5
tr|A0A7J6DST9|A0A7J6DST9_CANSA	Q8X7B7	35.2	261	1751	453	1.37e-35	137	14.8	53.6
tr|A0A7J6DST9|A0A7J6DST9_CANSA	P00910	32.7	269	1751	452	1.81e-35	137	15.4	55.8
tr|A0A7J6DST9|A0A7J6DST9_CANSA	P24773	36.6	246	1751	752	2.20e-35	140	13.6	31.0
tr|A0A7J6DST9|A0A7J6DST9_CANSA	Q8Z7D9	32.3	269	1751	452	2.44e-35	136	15.4	55.8
tr|A0A7J6DST9|A0A7J6DST9_CANSA	Q8ZEG8	32.4	278	1751	475	6.36e-35	135	15.6	54.1
tr|A0A7J6DST9|A0A7J6DST9_CANSA	P18483	36.0	278	1751	768	1.27e-34	138	15.4	34.8
tr|A0A7J6DST9|A0A7J6DST9_CANSA	P05328	36.0	278	1751	770	1.29e-34	138	15.4	34.7
tr|A0A7J6DST9|A0A7J6DST9_CANSA	Q9KST5	35.3	258	1751	469	1.41e-34	134	14.7	51.4
tr|A0A7J6DST9|A0A7J6DST9_CANSA	P42393	35.2	267	1751	451	6.28e-34	132	15.2	55.2
tr|A0A7J6DST9|A0A7J6DST9_CANSA	P22098	35.3	258	1751	481	1.78e-33	131	14.7	50.7
tr|A0A7J6DST9|A0A7J6DST9_CANSA	P06531	35.5	279	1751	768	2.07e-33	134	15.4	34.8
tr|A0A7J6DST9|A0A7J6DST9_CANSA	Q92411	33.3	279	1751	768	3.35e-32	130	15.4	34.9
tr|A0A7J6DST9|A0A7J6DST9_CANSA	P0CN86	37.0	219	1751	752	9.58e-32	129	12.3	28.3
tr|A0A7J6DST9|A0A7J6DST9_CANSA	P0CN87	37.0	219	1751	752	9.58e-32	129	12.3	28.3
tr|A0A7J6DST9|A0A7J6DST9_CANSA	P27710	36.5	219	1751	752	2.21e-31	128	12.3	28.3
tr|A0A7J6DST9|A0A7J6DST9_CANSA	P00908	33.7	285	1751	762	2.29e-31	128	15.7	36.1
tr|A0A7J6DST9|A0A7J6DST9_CANSA	P24920	30.8	247	1751	531	2.71e-28	116	13.6	46.3
tr|A0A7J6DST9|A0A7J6DST9_CANSA	P06560	34.6	205	1751	474	6.66e-26	108	11.7	41.1
tr|A0A7J6DST9|A0A7J6DST9_CANSA	O28668	30.3	234	1751	546	4.71e-15	75.1	13.2	39.9
tr|A0A7J6DW75|A0A7J6DW75_CANSA	A4FV48	37.0	73	1487	444	2.35e-09	56.2	4.8	16.4
tr|A0A7J6DW75|A0A7J6DW75_CANSA	B2KKL4	37.2	86	1487	443	4.07e-09	55.5	5.6	19.0
tr|A0A7J6DW75|A0A7J6DW75_CANSA	A0A0C5PRW9	36.8	76	1487	445	4.09e-09	55.5	5.0	16.9
tr|A0A7J6DW75|A0A7J6DW75_CANSA	Q9Z0R9	43.1	51	1487	444	1.63e-08	53.5	3.4	11.5
tr|A0A7J6DW75|A0A7J6DW75_CANSA	Q9Z122	43.1	51	1487	444	1.63e-08	53.5	3.4	11.5
tr|A0A7J6DW75|A0A7J6DW75_CANSA	B8R1K0	42.0	50	1487	444	2.83e-08	52.8	3.4	11.3
tr|A0A7J6DW75|A0A7J6DW75_CANSA	Q4R749	42.0	50	1487	444	2.83e-08	52.8	3.4	11.3
tr|A0A7J6DW75|A0A7J6DW75_CANSA	O95864	42.0	50	1487	444	4.92e-08	52.0	3.4	11.3
tr|A0A7J6DW75|A0A7J6DW75_CANSA	Q5REA7	42.0	50	1487	444	4.92e-08	52.0	3.4	11.3
tr|A0A7J6DW75|A0A7J6DW75_CANSA	Q9DEX7	35.1	77	1487	444	6.48e-08	51.6	5.1	17.3
tr|A0A7J6DZJ3|A0A7J6DZJ3_CANSA	A4FV48	37.0	73	1642	444	2.63e-09	56.2	4.4	16.4
tr|A0A7J6DZJ3|A0A7J6DZJ3_CANSA	B2KKL4	37.2	86	1642	443	4.56e-09	55.5	5.1	19.0
tr|A0A7J6DZJ3|A0A7J6DZJ3_CANSA	A0A0C5PRW9	36.8	76	1642	445	4.58e-09	55.5	4.5	16.9
tr|A0A7J6DZJ3|A0A7J6DZJ3_CANSA	Q9Z0R9	43.1	51	1642	444	1.82e-08	53.5	3.1	11.5
tr|A0A7J6DZJ3|A0A7J6DZJ3_CANSA	Q9Z122	43.1	51	1642	444	1.82e-08	53.5	3.1	11.5
tr|A0A7J6DZJ3|A0A7J6DZJ3_CANSA	B8R1K0	42.0	50	1642	444	3.17e-08	52.8	3.0	11.3
tr|A0A7J6DZJ3|A0A7J6DZJ3_CANSA	Q4R749	42.0	50	1642	444	3.17e-08	52.8	3.0	11.3
tr|A0A7J6DZJ3|A0A7J6DZJ3_CANSA	O95864	42.0	50	1642	444	5.50e-08	52.0	3.0	11.3
tr|A0A7J6DZJ3|A0A7J6DZJ3_CANSA	Q5REA7	42.0	50	1642	444	5.50e-08	52.0	3.0	11.3
tr|A0A7J6DZJ3|A0A7J6DZJ3_CANSA	Q9DEX7	35.1	77	1642	444	7.25e-08	51.6	4.6	17.3
tr|A0A7J6ERV5|A0A7J6ERV5_CANSA	P38286	25.9	205	597	347	9.62e-11	58.5	31.5	58.2
tr|A0A7J6EUY5|A0A7J6EUY5_CANSA	Q02166	75.6	361	411	444	4.87e-185	517	87.6	79.7
tr|A0A7J6EUY5|A0A7J6EUY5_CANSA	Q254S7	43.5	338	411	343	7.69e-93	278	82.0	96.5
tr|A0A7J6EUY5|A0A7J6EUY5_CANSA	Q822W6	45.3	338	411	343	3.07e-92	277	82.0	96.5
tr|A0A7J6EUY5|A0A7J6EUY5_CANSA	B9M5M2	42.0	355	411	350	8.66e-85	258	82.2	99.4
tr|A0A7J6EUY5|A0A7J6EUY5_CANSA	Q215B8	45.0	340	411	339	9.80e-84	255	82.2	98.2
tr|A0A7J6EUY5|A0A7J6EUY5_CANSA	B8G5C5	44.3	341	411	340	8.96e-82	250	82.0	98.2
tr|A0A7J6EUY5|A0A7J6EUY5_CANSA	Q1AU89	44.2	330	411	342	9.52e-82	250	79.6	94.4
tr|A0A7J6EUY5|A0A7J6EUY5_CANSA	A5UMC1	42.1	340	411	335	6.10e-81	248	82.2	99.4
tr|A0A7J6EUY5|A0A7J6EUY5_CANSA	A9WCH7	44.0	341	411	339	9.72e-81	247	82.0	98.5
tr|A0A7J6EUY5|A0A7J6EUY5_CANSA	B9LEV9	44.0	341	411	339	9.72e-81	247	82.0	98.5
tr|A0A7J6EUY5|A0A7J6EUY5_CANSA	Q3ABS0	43.1	341	411	340	1.00e-80	247	82.5	98.2
tr|A0A7J6EUY5|A0A7J6EUY5_CANSA	C3MCF3	42.9	329	411	337	2.57e-80	246	79.8	95.5
tr|A0A7J6EUY5|A0A7J6EUY5_CANSA	B2IKP4	41.3	341	411	342	2.99e-80	246	82.5	97.7
tr|A0A7J6EUY5|A0A7J6EUY5_CANSA	Q07NF5	42.9	340	411	339	1.09e-79	244	82.2	98.2
tr|A0A7J6EUY5|A0A7J6EUY5_CANSA	P94326	43.5	340	411	337	2.04e-79	244	81.3	98.8
tr|A0A7J6EUY5|A0A7J6EUY5_CANSA	B8EJS2	42.3	338	411	349	2.07e-79	244	81.8	94.8
tr|A0A7J6EUY5|A0A7J6EUY5_CANSA	A5GES2	41.3	356	411	350	2.13e-79	244	82.5	99.7
tr|A0A7J6EUY5|A0A7J6EUY5_CANSA	Q8PT97	44.1	329	411	370	2.73e-79	244	79.6	87.0
tr|A0A7J6EUY5|A0A7J6EUY5_CANSA	A7HXZ5	41.3	344	411	341	4.57e-79	243	83.2	98.8
tr|A0A7J6EUY5|A0A7J6EUY5_CANSA	A5EK24	44.4	340	411	337	8.08e-79	242	81.3	98.8
tr|A0A7J6EUY5|A0A7J6EUY5_CANSA	Q136D3	43.7	339	411	338	8.32e-79	242	82.0	98.2
tr|A0A7J6EUY5|A0A7J6EUY5_CANSA	Q98ME4	41.4	326	411	336	1.11e-78	242	79.1	94.9
tr|A0A7J6EUY5|A0A7J6EUY5_CANSA	Q3Z6G6	42.7	344	411	341	1.29e-78	242	82.7	98.8
tr|A0A7J6EUY5|A0A7J6EUY5_CANSA	Q3ZZ15	42.7	344	411	341	1.29e-78	242	82.7	98.8
tr|A0A7J6EUY5|A0A7J6EUY5_CANSA	Q8TLP5	43.5	329	411	370	1.52e-78	243	79.6	87.0
tr|A0A7J6EUY5|A0A7J6EUY5_CANSA	Q2IWB1	42.8	339	411	338	1.66e-78	241	82.0	98.2
tr|A0A7J6EUY5|A0A7J6EUY5_CANSA	A6U9C4	41.3	341	411	337	9.00e-78	239	82.7	99.1
tr|A0A7J6EUY5|A0A7J6EUY5_CANSA	Q92PS0	41.3	341	411	337	1.79e-77	239	82.7	99.1
tr|A0A7J6EUY5|A0A7J6EUY5_CANSA	B3Q6M8	42.5	339	411	338	1.85e-77	239	82.0	98.2
tr|A0A7J6EUY5|A0A7J6EUY5_CANSA	Q6N5T0	42.5	339	411	338	2.61e-77	238	82.0	98.2
tr|A0A7J6EUY5|A0A7J6EUY5_CANSA	B9JX63	41.7	326	411	340	2.77e-77	238	79.1	93.8
tr|A0A7J6EUY5|A0A7J6EUY5_CANSA	Q465F3	43.7	325	411	366	4.22e-77	239	78.6	86.9
tr|A0A7J6EUY5|A0A7J6EUY5_CANSA	A9B148	42.1	342	411	338	7.32e-77	237	82.2	99.1
tr|A0A7J6EUY5|A0A7J6EUY5_CANSA	A4YVD5	43.2	340	411	337	1.00e-76	237	81.3	98.8
tr|A0A7J6EUY5|A0A7J6EUY5_CANSA	B3E5V8	40.0	355	411	349	1.01e-76	237	82.2	99.7
tr|A0A7J6EUY5|A0A7J6EUY5_CANSA	A4J146	40.5	343	411	345	1.27e-76	237	82.7	97.4
tr|A0A7J6EUY5|A0A7J6EUY5_CANSA	Q6AMS5	42.1	337	411	348	1.39e-76	237	80.3	94.8
tr|A0A7J6EUY5|A0A7J6EUY5_CANSA	A7INK3	41.2	342	411	344	1.74e-76	236	82.7	97.4
tr|A0A7J6EUY5|A0A7J6EUY5_CANSA	A3DDS8	41.1	341	411	345	1.79e-76	236	82.2	96.8
tr|A0A7J6EUY5|A0A7J6EUY5_CANSA	Q3SRJ4	42.1	337	411	337	2.00e-76	236	81.5	97.9
tr|A0A7J6EUY5|A0A7J6EUY5_CANSA	Q11HU2	40.7	327	411	338	4.09e-76	235	79.3	94.7
tr|A0A7J6EUY5|A0A7J6EUY5_CANSA	B0K2U2	40.2	343	411	338	8.14e-76	234	82.7	99.4
tr|A0A7J6EUY5|A0A7J6EUY5_CANSA	B0K8T3	40.2	343	411	338	8.14e-76	234	82.7	99.4
tr|A0A7J6EUY5|A0A7J6EUY5_CANSA	A9W900	43.7	327	411	337	1.11e-75	234	79.1	95.0
tr|A0A7J6EUY5|A0A7J6EUY5_CANSA	Q3IQ38	41.6	332	411	333	1.40e-75	234	80.3	97.6
tr|A0A7J6EUY5|A0A7J6EUY5_CANSA	A5N7N7	40.8	341	411	335	2.95e-75	233	82.2	99.7
tr|A0A7J6EUY5|A0A7J6EUY5_CANSA	B9E148	40.8	341	411	335	2.95e-75	233	82.2	99.7
tr|A0A7J6EUY5|A0A7J6EUY5_CANSA	Q12TL1	40.4	342	411	353	3.55e-75	233	82.2	94.9
tr|A0A7J6EUY5|A0A7J6EUY5_CANSA	B1Z9R9	41.8	340	411	337	4.41e-75	233	82.2	98.8
tr|A0A7J6EUY5|A0A7J6EUY5_CANSA	Q1QMJ8	41.8	337	411	337	4.41e-75	233	81.5	97.9
tr|A0A7J6EUY5|A0A7J6EUY5_CANSA	Q39SQ6	40.4	356	411	350	4.59e-75	233	82.5	99.7
tr|A0A7J6EUY5|A0A7J6EUY5_CANSA	Q47YC2	39.7	343	411	365	5.03e-75	233	83.0	92.9
tr|A0A7J6EUY5|A0A7J6EUY5_CANSA	Q8XS00	43.7	309	411	344	5.42e-75	233	74.9	87.8
tr|A0A7J6EUY5|A0A7J6EUY5_CANSA	B7KUV9	43.4	327	411	337	6.22e-75	232	79.1	95.0
tr|A0A7J6EUY5|A0A7J6EUY5_CANSA	C4ZI69	41.7	343	411	338	6.41e-75	232	82.2	99.4
tr|A0A7J6EUY5|A0A7J6EUY5_CANSA	A6TM73	40.4	344	411	339	6.60e-75	232	83.0	99.4
tr|A0A7J6EUY5|A0A7J6EUY5_CANSA	B6JG28	41.1	341	411	337	1.75e-74	231	82.5	99.1
tr|A0A7J6EUY5|A0A7J6EUY5_CANSA	B8IP99	40.2	341	411	337	1.75e-74	231	82.5	99.1
tr|A0A7J6EUY5|A0A7J6EUY5_CANSA	B7HGZ8	41.5	342	411	341	1.96e-74	231	82.5	98.2
tr|A0A7J6EUY5|A0A7J6EUY5_CANSA	A8LYC4	40.1	349	411	353	1.98e-74	231	82.5	96.9
tr|A0A7J6EUY5|A0A7J6EUY5_CANSA	B1M5Q2	39.7	345	411	345	2.21e-74	231	83.5	98.0
tr|A0A7J6EUY5|A0A7J6EUY5_CANSA	Q1IJR5	40.2	341	411	347	2.34e-74	231	81.5	98.3
tr|A0A7J6EUY5|A0A7J6EUY5_CANSA	C6DYM5	38.8	356	411	352	2.71e-74	231	82.5	99.1
tr|A0A7J6EUY5|A0A7J6EUY5_CANSA	A9VJV9	41.2	342	411	341	2.77e-74	231	82.5	98.2
tr|A0A7J6EUY5|A0A7J6EUY5_CANSA	B7IM73	41.2	342	411	341	2.77e-74	231	82.5	98.2
tr|A0A7J6EUY5|A0A7J6EUY5_CANSA	Q74AH4	39.3	356	411	350	3.60e-74	231	82.5	99.7
tr|A0A7J6EUY5|A0A7J6EUY5_CANSA	Q2RIT6	40.9	337	411	339	3.68e-74	230	80.5	97.3
tr|A0A7J6EUY5|A0A7J6EUY5_CANSA	B5ZPY6	40.3	330	411	338	5.04e-74	230	80.0	95.6
tr|A0A7J6EUY5|A0A7J6EUY5_CANSA	Q81GG8	41.8	342	411	341	5.51e-74	230	82.5	98.2
tr|A0A7J6EUY5|A0A7J6EUY5_CANSA	A4X9Z2	40.2	348	411	353	5.54e-74	230	82.2	96.6
tr|A0A7J6EUY5|A0A7J6EUY5_CANSA	B0U7Z5	40.5	341	411	337	6.90e-74	229	82.5	99.1
tr|A0A7J6EUY5|A0A7J6EUY5_CANSA	A9BHQ6	39.7	340	411	344	1.20e-73	229	82.2	97.1
tr|A0A7J6EUY5|A0A7J6EUY5_CANSA	Q8R9M6	41.3	329	411	339	1.46e-73	229	79.3	95.0
tr|A0A7J6EUY5|A0A7J6EUY5_CANSA	B9JFD7	40.0	335	411	338	1.99e-73	228	81.3	97.0
tr|A0A7J6EUY5|A0A7J6EUY5_CANSA	A1ALX3	38.1	354	411	350	2.01e-73	229	82.0	99.1
tr|A0A7J6EUY5|A0A7J6EUY5_CANSA	Q67PJ9	39.3	341	411	341	2.18e-73	228	82.2	97.9
tr|A0A7J6EUY5|A0A7J6EUY5_CANSA	B5EBU6	38.5	356	411	352	3.00e-73	228	82.5	99.1
tr|A0A7J6EUY5|A0A7J6EUY5_CANSA	Q5V211	41.9	332	411	331	3.23e-73	228	80.3	98.2
tr|A0A7J6EUY5|A0A7J6EUY5_CANSA	C4Z111	38.7	341	411	335	3.63e-73	228	82.5	99.7
tr|A0A7J6EUY5|A0A7J6EUY5_CANSA	Q1MGE2	40.0	330	411	338	3.96e-73	228	80.0	95.6
tr|A0A7J6EUY5|A0A7J6EUY5_CANSA	Q6HLU7	41.5	342	411	341	4.33e-73	228	82.5	98.2
tr|A0A7J6EUY5|A0A7J6EUY5_CANSA	Q57686	39.9	338	411	336	5.27e-73	227	81.5	98.2
tr|A0A7J6EUY5|A0A7J6EUY5_CANSA	Q73BR0	41.2	342	411	341	6.10e-73	227	82.5	98.2
tr|A0A7J6EUY5|A0A7J6EUY5_CANSA	Q2W3A9	41.2	342	411	346	9.95e-73	227	81.8	96.8
tr|A0A7J6EUY5|A0A7J6EUY5_CANSA	Q9Z4W9	41.0	327	411	335	1.02e-72	226	78.8	95.5
tr|A0A7J6EUY5|A0A7J6EUY5_CANSA	A9KL44	41.1	341	411	336	1.05e-72	226	82.5	99.4
tr|A0A7J6EUY5|A0A7J6EUY5_CANSA	Q2RT49	41.8	325	411	347	1.44e-72	226	78.6	91.6
tr|A0A7J6EUY5|A0A7J6EUY5_CANSA	A0RB61	41.2	342	411	341	1.71e-72	226	82.5	98.2
tr|A0A7J6EUY5|A0A7J6EUY5_CANSA	B7JES7	41.2	342	411	341	1.71e-72	226	82.5	98.2
tr|A0A7J6EUY5|A0A7J6EUY5_CANSA	C3LAW1	41.2	342	411	341	1.71e-72	226	82.5	98.2
tr|A0A7J6EUY5|A0A7J6EUY5_CANSA	C3P3T7	41.2	342	411	341	1.71e-72	226	82.5	98.2
tr|A0A7J6EUY5|A0A7J6EUY5_CANSA	Q81TM1	41.2	342	411	341	1.71e-72	226	82.5	98.2
tr|A0A7J6EUY5|A0A7J6EUY5_CANSA	Q8UER8	39.2	337	411	342	1.76e-72	226	81.8	96.5
tr|A0A7J6EUY5|A0A7J6EUY5_CANSA	A2STA7	39.6	338	411	340	2.34e-72	226	81.5	97.4
tr|A0A7J6EUY5|A0A7J6EUY5_CANSA	A7I4T7	41.9	329	411	339	3.20e-72	225	79.3	95.0
tr|A0A7J6EUY5|A0A7J6EUY5_CANSA	A5UT95	42.2	344	411	341	4.79e-72	225	82.0	97.9
tr|A0A7J6EUY5|A0A7J6EUY5_CANSA	Q3IKY4	38.3	342	411	355	5.09e-72	225	82.5	94.4
tr|A0A7J6EUY5|A0A7J6EUY5_CANSA	Q31J09	39.8	339	411	340	6.55e-72	224	81.5	97.6
tr|A0A7J6EUY5|A0A7J6EUY5_CANSA	Q03CY0	39.2	344	411	341	9.51e-72	224	83.2	98.8
tr|A0A7J6EUY5|A0A7J6EUY5_CANSA	P52562	39.9	328	411	331	1.00e-71	224	79.3	97.0
tr|A0A7J6EUY5|A0A7J6EUY5_CANSA	Q2K880	39.1	335	411	338	1.23e-71	224	81.3	97.0
tr|A0A7J6EUY5|A0A7J6EUY5_CANSA	A7NL64	40.6	342	411	340	1.30e-71	224	82.2	98.5
tr|A0A7J6EUY5|A0A7J6EUY5_CANSA	Q63ED0	40.9	342	411	341	1.34e-71	224	82.5	98.2
tr|A0A7J6EUY5|A0A7J6EUY5_CANSA	B7I0E9	40.9	342	411	341	1.89e-71	223	82.5	98.2
tr|A0A7J6EUY5|A0A7J6EUY5_CANSA	B9IU35	40.9	342	411	341	1.89e-71	223	82.5	98.2
tr|A0A7J6EUY5|A0A7J6EUY5_CANSA	C1ELE7	40.9	342	411	341	1.89e-71	223	82.5	98.2
tr|A0A7J6EUY5|A0A7J6EUY5_CANSA	Q97EF2	40.8	331	411	331	1.99e-71	223	79.8	97.9
tr|A0A7J6EUY5|A0A7J6EUY5_CANSA	B3Q0L2	39.7	330	411	338	2.44e-71	223	80.0	95.6
tr|A0A7J6EUY5|A0A7J6EUY5_CANSA	C1AU95	39.3	349	411	362	2.45e-71	224	83.2	94.5
tr|A0A7J6EUY5|A0A7J6EUY5_CANSA	Q0SHN1	39.5	349	411	362	2.45e-71	224	83.2	94.5
tr|A0A7J6EUY5|A0A7J6EUY5_CANSA	A8I839	41.2	328	411	344	2.90e-71	223	79.3	93.3
tr|A0A7J6EUY5|A0A7J6EUY5_CANSA	B1GZB9	39.6	341	411	336	3.25e-71	223	82.5	99.4
tr|A0A7J6EUY5|A0A7J6EUY5_CANSA	C0QR68	40.9	337	411	339	4.99e-71	222	80.8	97.3
tr|A0A7J6EUY5|A0A7J6EUY5_CANSA	A5D1S5	39.5	339	411	345	8.36e-71	222	81.8	96.2
tr|A0A7J6EUY5|A0A7J6EUY5_CANSA	B3QUY6	40.4	342	411	344	1.61e-70	221	81.5	97.4
tr|A0A7J6EUY5|A0A7J6EUY5_CANSA	B9KXB8	41.2	330	411	348	1.81e-70	221	78.6	92.8
tr|A0A7J6EUY5|A0A7J6EUY5_CANSA	O66576	38.4	344	411	340	2.85e-70	220	82.2	99.7
tr|A0A7J6EUY5|A0A7J6EUY5_CANSA	Q15RZ7	36.7	330	411	340	2.85e-70	220	79.6	95.0
tr|A0A7J6EUY5|A0A7J6EUY5_CANSA	B3W6W9	39.2	344	411	341	2.94e-70	220	83.2	98.8
tr|A0A7J6EUY5|A0A7J6EUY5_CANSA	B8FA41	38.1	333	411	338	3.80e-70	220	80.3	96.4
tr|A0A7J6EUY5|A0A7J6EUY5_CANSA	Q47R55	38.2	343	411	348	5.06e-70	220	82.0	96.6
tr|A0A7J6EUY5|A0A7J6EUY5_CANSA	Q0B006	38.9	339	411	340	1.13e-69	219	82.0	97.6
tr|A0A7J6EUY5|A0A7J6EUY5_CANSA	Q0C1A1	39.5	344	411	341	1.16e-69	219	83.2	98.8
tr|A0A7J6EUY5|A0A7J6EUY5_CANSA	B4RBX4	39.1	338	411	337	1.45e-69	218	82.0	98.2
tr|A0A7J6EUY5|A0A7J6EUY5_CANSA	Q3A6L6	39.6	333	411	352	1.58e-69	219	76.4	92.6
tr|A0A7J6EUY5|A0A7J6EUY5_CANSA	A8ZZX1	39.2	339	411	339	3.06e-69	218	81.5	97.9
tr|A0A7J6EUY5|A0A7J6EUY5_CANSA	Q73YM4	39.4	368	411	367	4.79e-69	218	86.1	97.5
tr|A0A7J6EUY5|A0A7J6EUY5_CANSA	B3EMT4	41.0	339	411	345	5.11e-69	217	80.8	96.2
tr|A0A7J6EUY5|A0A7J6EUY5_CANSA	P17170	38.7	344	411	341	6.42e-69	217	83.2	98.8
tr|A0A7J6EUY5|A0A7J6EUY5_CANSA	Q03WZ9	39.1	335	411	341	6.42e-69	217	80.8	96.2
tr|A0A7J6EUY5|A0A7J6EUY5_CANSA	A1S7I0	40.5	333	411	344	7.00e-69	217	79.8	94.8
tr|A0A7J6EUY5|A0A7J6EUY5_CANSA	Q0BTY4	37.0	338	411	346	7.41e-69	217	82.0	95.7
tr|A0A7J6EUY5|A0A7J6EUY5_CANSA	B2V751	40.1	337	411	336	7.84e-69	216	80.8	98.2
tr|A0A7J6EUY5|A0A7J6EUY5_CANSA	A0JX18	39.6	338	411	352	8.78e-69	217	80.5	94.0
tr|A0A7J6EUY5|A0A7J6EUY5_CANSA	A1RIE5	38.5	340	411	348	1.56e-68	216	82.2	97.4
tr|A0A7J6EUY5|A0A7J6EUY5_CANSA	A1R6T5	40.5	341	411	352	2.45e-68	216	81.3	94.9
tr|A0A7J6EUY5|A0A7J6EUY5_CANSA	B8I0U9	39.4	340	411	341	3.56e-68	215	82.2	97.7
tr|A0A7J6EUY5|A0A7J6EUY5_CANSA	A5CXR3	37.8	336	411	339	4.74e-68	214	81.3	97.6
tr|A0A7J6EUY5|A0A7J6EUY5_CANSA	Q1IG00	39.2	332	411	349	6.29e-68	214	79.3	93.7
tr|A0A7J6EUY5|A0A7J6EUY5_CANSA	B1VZR5	40.0	345	411	354	7.24e-68	214	82.5	95.5
tr|A0A7J6EUY5|A0A7J6EUY5_CANSA	Q8ECV2	37.0	349	411	347	8.37e-68	214	83.2	98.6
tr|A0A7J6EUY5|A0A7J6EUY5_CANSA	A2SLH5	41.8	311	411	344	1.08e-67	214	74.9	88.4
tr|A0A7J6EUY5|A0A7J6EUY5_CANSA	Q0HK79	36.4	343	411	347	1.18e-67	214	82.7	98.0
tr|A0A7J6EUY5|A0A7J6EUY5_CANSA	A4FAC5	38.3	350	411	351	1.32e-67	214	83.0	96.9
tr|A0A7J6EUY5|A0A7J6EUY5_CANSA	Q021N5	40.8	314	411	340	1.36e-67	213	75.2	90.3
tr|A0A7J6EUY5|A0A7J6EUY5_CANSA	A6LU93	39.2	332	411	339	1.86e-67	213	79.8	95.9
tr|A0A7J6EUY5|A0A7J6EUY5_CANSA	A1WH74	39.9	336	411	342	2.86e-67	213	80.8	96.2
tr|A0A7J6EUY5|A0A7J6EUY5_CANSA	Q0HWI1	36.5	342	411	347	3.29e-67	213	82.7	98.0
tr|A0A7J6EUY5|A0A7J6EUY5_CANSA	A4Y843	37.9	340	411	348	3.38e-67	213	82.2	97.4
tr|A0A7J6EUY5|A0A7J6EUY5_CANSA	A3CRK8	43.8	258	411	338	7.12e-67	211	62.8	76.3
tr|A0A7J6EUY5|A0A7J6EUY5_CANSA	C0ZCE2	40.1	332	411	341	7.75e-67	211	79.3	94.4
tr|A0A7J6EUY5|A0A7J6EUY5_CANSA	Q28R66	39.4	315	411	345	1.22e-66	211	76.2	89.3
tr|A0A7J6EUY5|A0A7J6EUY5_CANSA	B1I3Z8	39.1	345	411	346	1.26e-66	211	83.2	97.7
tr|A0A7J6EUY5|A0A7J6EUY5_CANSA	Q4K502	38.9	334	411	349	1.37e-66	211	79.3	93.7
tr|A0A7J6EUY5|A0A7J6EUY5_CANSA	A6X0L1	37.7	326	411	339	1.45e-66	211	79.1	94.1
tr|A0A7J6EUY5|A0A7J6EUY5_CANSA	B1XSZ2	40.1	337	411	341	1.54e-66	211	80.8	96.5
tr|A0A7J6EUY5|A0A7J6EUY5_CANSA	B2FKL2	41.2	311	411	343	1.63e-66	211	74.7	88.3
tr|A0A7J6EUY5|A0A7J6EUY5_CANSA	A1W2Z7	39.7	343	411	344	1.67e-66	211	82.2	97.4
tr|A0A7J6EUY5|A0A7J6EUY5_CANSA	B0U1N9	39.5	334	411	344	1.67e-66	211	80.3	95.1
tr|A0A7J6EUY5|A0A7J6EUY5_CANSA	B9MBS3	39.7	343	411	344	1.67e-66	211	82.2	97.4
tr|A0A7J6EUY5|A0A7J6EUY5_CANSA	Q9PGT6	42.1	311	411	344	1.67e-66	211	74.9	88.4
tr|A0A7J6EUY5|A0A7J6EUY5_CANSA	A0KVD3	36.7	343	411	347	1.82e-66	211	82.7	98.0
tr|A0A7J6EUY5|A0A7J6EUY5_CANSA	Q9V1G4	40.5	316	411	324	1.88e-66	210	76.6	93.8
tr|A0A7J6EUY5|A0A7J6EUY5_CANSA	Q3K5V3	38.6	332	411	349	1.92e-66	211	79.3	93.7
tr|A0A7J6EUY5|A0A7J6EUY5_CANSA	Q8TXJ5	39.5	344	411	339	2.05e-66	210	81.5	99.4
tr|A0A7J6EUY5|A0A7J6EUY5_CANSA	B4SLE9	40.8	311	411	343	2.29e-66	210	74.7	88.3
tr|A0A7J6EUY5|A0A7J6EUY5_CANSA	A9KTR5	38.1	339	411	357	2.40e-66	211	81.8	95.0
tr|A0A7J6EUY5|A0A7J6EUY5_CANSA	Q123F3	38.9	342	411	347	2.56e-66	210	82.2	96.5
tr|A0A7J6EUY5|A0A7J6EUY5_CANSA	Q24SK4	39.2	334	411	336	2.64e-66	210	80.8	97.3
tr|A0A7J6EUY5|A0A7J6EUY5_CANSA	A4SFZ6	38.0	345	411	351	2.86e-66	210	82.2	96.3
tr|A0A7J6EUY5|A0A7J6EUY5_CANSA	B4SE13	37.1	345	411	351	2.86e-66	210	82.2	96.3
tr|A0A7J6EUY5|A0A7J6EUY5_CANSA	C1D7P3	41.7	309	411	342	3.13e-66	210	74.5	88.3
tr|A0A7J6EUY5|A0A7J6EUY5_CANSA	A3D628	38.1	339	411	357	3.38e-66	210	81.8	95.0
tr|A0A7J6EUY5|A0A7J6EUY5_CANSA	B0KJB2	38.6	329	411	349	3.81e-66	210	78.6	92.8
tr|A0A7J6EUY5|A0A7J6EUY5_CANSA	C3K308	38.3	332	411	349	3.81e-66	210	79.3	93.7
tr|A0A7J6EUY5|A0A7J6EUY5_CANSA	A3PHK8	39.4	315	411	338	3.94e-66	209	76.2	91.1
tr|A0A7J6EUY5|A0A7J6EUY5_CANSA	Q7NW17	40.3	308	411	342	4.41e-66	209	74.2	88.0
tr|A0A7J6EUY5|A0A7J6EUY5_CANSA	Q2IGV6	39.8	332	411	337	5.39e-66	209	80.3	96.4
tr|A0A7J6EUY5|A0A7J6EUY5_CANSA	Q5QX82	35.9	334	411	337	5.39e-66	209	79.8	96.1
tr|A0A7J6EUY5|A0A7J6EUY5_CANSA	C4LC91	35.3	337	411	336	7.38e-66	209	81.5	98.5
tr|A0A7J6EUY5|A0A7J6EUY5_CANSA	B9LQ96	39.3	321	411	361	7.47e-66	209	77.6	87.0
tr|A0A7J6EUY5|A0A7J6EUY5_CANSA	A7H793	39.5	339	411	337	7.59e-66	209	82.0	98.5
tr|A0A7J6EUY5|A0A7J6EUY5_CANSA	B2I6S4	41.7	312	411	344	9.24e-66	209	75.2	88.7
tr|A0A7J6EUY5|A0A7J6EUY5_CANSA	Q87EX3	41.7	312	411	344	9.24e-66	209	75.2	88.7
tr|A0A7J6EUY5|A0A7J6EUY5_CANSA	A6WPW9	37.8	339	411	357	9.42e-66	209	81.8	95.0
tr|A0A7J6EUY5|A0A7J6EUY5_CANSA	A1TJQ1	40.8	336	411	345	9.50e-66	209	80.8	95.4
tr|A0A7J6EUY5|A0A7J6EUY5_CANSA	Q4UZF9	43.3	307	411	345	9.50e-66	209	73.7	86.7
tr|A0A7J6EUY5|A0A7J6EUY5_CANSA	Q8PD71	43.3	307	411	345	9.50e-66	209	73.7	86.7
tr|A0A7J6EUY5|A0A7J6EUY5_CANSA	B1JE35	38.6	332	411	349	1.06e-65	209	79.3	93.7
tr|A0A7J6EUY5|A0A7J6EUY5_CANSA	A4WX68	39.4	315	411	338	1.10e-65	208	76.2	91.1
tr|A0A7J6EUY5|A0A7J6EUY5_CANSA	Q9ZFA8	39.4	315	411	338	1.10e-65	208	76.2	91.1
tr|A0A7J6EUY5|A0A7J6EUY5_CANSA	A1AVF1	38.0	316	411	339	1.13e-65	208	76.4	91.7
tr|A0A7J6EUY5|A0A7J6EUY5_CANSA	Q5KXU8	37.6	335	411	339	1.13e-65	208	80.8	96.8
tr|A0A7J6EUY5|A0A7J6EUY5_CANSA	B0RMZ8	43.3	307	411	345	1.34e-65	208	73.7	86.7
tr|A0A7J6EUY5|A0A7J6EUY5_CANSA	Q48NP8	38.6	332	411	349	1.50e-65	208	79.3	93.7
tr|A0A7J6EUY5|A0A7J6EUY5_CANSA	B4S5K5	38.2	346	411	351	1.58e-65	208	82.5	96.6
tr|A0A7J6EUY5|A0A7J6EUY5_CANSA	P20575	38.3	332	411	349	2.10e-65	208	79.3	93.7
tr|A0A7J6EUY5|A0A7J6EUY5_CANSA	B9KMV1	39.4	315	411	338	2.18e-65	207	76.2	91.1
tr|A0A7J6EUY5|A0A7J6EUY5_CANSA	Q8G0F5	38.0	326	411	339	2.24e-65	207	79.1	94.1
tr|A0A7J6EUY5|A0A7J6EUY5_CANSA	Q88QR7	38.0	332	411	349	2.96e-65	207	79.3	93.7
tr|A0A7J6EUY5|A0A7J6EUY5_CANSA	B3QM44	37.4	345	411	351	3.13e-65	207	82.2	96.3
tr|A0A7J6EUY5|A0A7J6EUY5_CANSA	A9M5F3	38.0	326	411	339	3.15e-65	207	79.1	94.1
tr|A0A7J6EUY5|A0A7J6EUY5_CANSA	B8GWP8	38.9	339	411	341	3.33e-65	207	82.2	97.4
tr|A0A7J6EUY5|A0A7J6EUY5_CANSA	Q9A728	38.9	339	411	341	3.33e-65	207	82.2	97.4
tr|A0A7J6EUY5|A0A7J6EUY5_CANSA	A4SV53	39.9	341	411	341	4.69e-65	207	81.5	97.4
tr|A0A7J6EUY5|A0A7J6EUY5_CANSA	B8FVH5	38.9	334	411	336	5.74e-65	206	80.8	97.3
tr|A0A7J6EUY5|A0A7J6EUY5_CANSA	Q88A04	38.6	332	411	349	5.86e-65	207	79.3	93.7
tr|A0A7J6EUY5|A0A7J6EUY5_CANSA	Q8D8B4	36.7	332	411	332	7.22e-65	206	80.0	97.6
tr|A0A7J6EUY5|A0A7J6EUY5_CANSA	B1Y7I3	40.2	311	411	345	7.38e-65	206	74.9	88.1
tr|A0A7J6EUY5|A0A7J6EUY5_CANSA	B0TWF2	36.6	336	411	335	7.86e-65	206	81.5	98.5
tr|A0A7J6EUY5|A0A7J6EUY5_CANSA	A0Q8R1	37.5	341	411	337	8.31e-65	206	82.7	99.4
tr|A0A7J6EUY5|A0A7J6EUY5_CANSA	B4UHD1	38.7	336	411	337	8.31e-65	206	81.3	97.6
tr|A0A7J6EUY5|A0A7J6EUY5_CANSA	B2S5Z0	37.9	322	411	339	8.79e-65	206	78.1	92.9
tr|A0A7J6EUY5|A0A7J6EUY5_CANSA	C0RJB0	37.9	322	411	339	8.79e-65	206	78.1	92.9
tr|A0A7J6EUY5|A0A7J6EUY5_CANSA	Q2YRR5	37.9	322	411	339	8.79e-65	206	78.1	92.9
tr|A0A7J6EUY5|A0A7J6EUY5_CANSA	Q57CZ9	37.9	322	411	339	8.79e-65	206	78.1	92.9
tr|A0A7J6EUY5|A0A7J6EUY5_CANSA	Q8YHF7	37.9	322	411	339	8.79e-65	206	78.1	92.9
tr|A0A7J6EUY5|A0A7J6EUY5_CANSA	A5VXL4	38.0	332	411	349	1.16e-64	206	79.3	93.7
tr|A0A7J6EUY5|A0A7J6EUY5_CANSA	A5VQR4	37.6	322	411	339	1.24e-64	206	78.1	92.9
tr|A0A7J6EUY5|A0A7J6EUY5_CANSA	Q1GHJ3	40.4	317	411	340	1.27e-64	206	76.4	91.2
tr|A0A7J6EUY5|A0A7J6EUY5_CANSA	Q1GYF5	38.6	332	411	341	1.31e-64	206	79.8	95.3
tr|A0A7J6EUY5|A0A7J6EUY5_CANSA	P26924	38.8	327	411	355	1.37e-64	206	79.1	89.6
tr|A0A7J6EUY5|A0A7J6EUY5_CANSA	B2SL02	39.1	343	411	345	1.46e-64	206	82.2	97.1
tr|A0A7J6EUY5|A0A7J6EUY5_CANSA	Q2NYD6	39.1	343	411	345	1.46e-64	206	82.2	97.1
tr|A0A7J6EUY5|A0A7J6EUY5_CANSA	Q8PQ48	40.4	337	411	345	1.46e-64	206	80.8	95.4
tr|A0A7J6EUY5|A0A7J6EUY5_CANSA	Q65I32	39.9	336	411	338	1.69e-64	205	80.8	97.0
tr|A0A7J6EUY5|A0A7J6EUY5_CANSA	Q4FM53	38.7	328	411	330	1.90e-64	205	79.3	97.0
tr|A0A7J6EUY5|A0A7J6EUY5_CANSA	Q1GUW8	39.3	323	411	332	2.01e-64	205	78.1	95.2
tr|A0A7J6EUY5|A0A7J6EUY5_CANSA	Q7MM54	37.0	335	411	332	2.01e-64	205	79.8	98.5
tr|A0A7J6EUY5|A0A7J6EUY5_CANSA	A3QF71	36.4	341	411	349	2.30e-64	205	82.5	97.4
tr|A0A7J6EUY5|A0A7J6EUY5_CANSA	B1YLS1	40.3	298	411	339	2.45e-64	205	72.0	85.8
tr|A0A7J6EUY5|A0A7J6EUY5_CANSA	P83827	41.2	323	411	329	2.60e-64	204	78.1	94.8
tr|A0A7J6EUY5|A0A7J6EUY5_CANSA	Q5SH88	41.2	323	411	329	2.60e-64	204	78.1	94.8
tr|A0A7J6EUY5|A0A7J6EUY5_CANSA	Q72HJ6	41.2	323	411	329	2.60e-64	204	78.1	94.8
tr|A0A7J6EUY5|A0A7J6EUY5_CANSA	P22096	36.4	332	411	332	2.83e-64	204	80.0	97.6
tr|A0A7J6EUY5|A0A7J6EUY5_CANSA	B8JAL5	38.7	336	411	337	3.26e-64	204	81.3	97.6
tr|A0A7J6EUY5|A0A7J6EUY5_CANSA	B0CGT8	37.7	326	411	339	3.45e-64	204	79.1	94.1
tr|A0A7J6EUY5|A0A7J6EUY5_CANSA	A3Q1Q2	39.7	350	411	357	4.02e-64	205	82.0	95.5
tr|A0A7J6EUY5|A0A7J6EUY5_CANSA	A4XZC6	36.3	344	411	348	4.42e-64	204	82.0	96.8
tr|A0A7J6EUY5|A0A7J6EUY5_CANSA	Q0BJW6	37.2	341	411	337	4.59e-64	204	82.7	99.4
tr|A0A7J6EUY5|A0A7J6EUY5_CANSA	A8LMJ6	38.6	316	411	339	4.85e-64	204	76.4	91.2
tr|A0A7J6EUY5|A0A7J6EUY5_CANSA	Q47AC6	38.9	339	411	340	4.99e-64	204	81.5	97.6
tr|A0A7J6EUY5|A0A7J6EUY5_CANSA	Q4ZML2	37.6	335	411	353	5.07e-64	204	79.3	92.6
tr|A0A7J6EUY5|A0A7J6EUY5_CANSA	A1UI88	39.4	350	411	357	5.66e-64	204	82.0	95.5
tr|A0A7J6EUY5|A0A7J6EUY5_CANSA	Q1B6T7	39.4	350	411	357	5.66e-64	204	82.0	95.5
tr|A0A7J6EUY5|A0A7J6EUY5_CANSA	A7NF00	37.2	341	411	337	6.45e-64	204	82.7	99.4
tr|A0A7J6EUY5|A0A7J6EUY5_CANSA	Q21SE7	40.5	311	411	350	6.57e-64	204	74.9	86.9
tr|A0A7J6EUY5|A0A7J6EUY5_CANSA	B8GNI1	37.7	337	411	338	6.64e-64	204	81.3	97.6
tr|A0A7J6EUY5|A0A7J6EUY5_CANSA	B3PLP1	38.2	340	411	343	7.62e-64	204	80.3	97.1
tr|A0A7J6EUY5|A0A7J6EUY5_CANSA	A7MRZ7	36.1	335	411	336	8.83e-64	203	80.8	97.3
tr|A0A7J6EUY5|A0A7J6EUY5_CANSA	Q2Y5W9	38.4	344	411	350	9.25e-64	204	82.0	96.3
tr|A0A7J6EUY5|A0A7J6EUY5_CANSA	Q1QV38	37.4	340	411	343	1.07e-63	203	81.5	96.2
tr|A0A7J6EUY5|A0A7J6EUY5_CANSA	Q2S1Z6	39.4	350	411	344	1.10e-63	203	83.2	99.7
tr|A0A7J6EUY5|A0A7J6EUY5_CANSA	A1KKN4	38.2	346	411	370	1.13e-63	204	81.5	91.6
tr|A0A7J6EUY5|A0A7J6EUY5_CANSA	A5U4M0	38.2	346	411	370	1.13e-63	204	81.5	91.6
tr|A0A7J6EUY5|A0A7J6EUY5_CANSA	C1AQA7	38.2	346	411	370	1.13e-63	204	81.5	91.6
tr|A0A7J6EUY5|A0A7J6EUY5_CANSA	P66993	38.2	346	411	370	1.13e-63	204	81.5	91.6
tr|A0A7J6EUY5|A0A7J6EUY5_CANSA	P9WFX4	38.2	346	411	370	1.13e-63	204	81.5	91.6
tr|A0A7J6EUY5|A0A7J6EUY5_CANSA	P9WFX5	38.2	346	411	370	1.13e-63	204	81.5	91.6
tr|A0A7J6EUY5|A0A7J6EUY5_CANSA	P03947	39.6	336	411	338	1.31e-63	203	80.8	97.0
tr|A0A7J6EUY5|A0A7J6EUY5_CANSA	A4TBH5	40.5	331	411	364	1.35e-63	204	77.6	88.7
tr|A0A7J6EUY5|A0A7J6EUY5_CANSA	A0PTM6	38.9	350	411	367	1.47e-63	204	83.0	94.0
tr|A0A7J6EUY5|A0A7J6EUY5_CANSA	B2HGW0	38.9	350	411	367	1.47e-63	204	83.0	94.0
tr|A0A7J6EUY5|A0A7J6EUY5_CANSA	A0LTH9	37.0	349	411	355	1.49e-63	203	83.2	96.3
tr|A0A7J6EUY5|A0A7J6EUY5_CANSA	A0LJ59	37.9	338	411	337	1.80e-63	202	81.5	98.2
tr|A0A7J6EUY5|A0A7J6EUY5_CANSA	B8GJ30	37.8	341	411	339	1.90e-63	202	82.0	98.5
tr|A0A7J6EUY5|A0A7J6EUY5_CANSA	C5D3D7	36.7	335	411	339	1.90e-63	202	80.8	96.8
tr|A0A7J6EUY5|A0A7J6EUY5_CANSA	Q3BYB6	43.5	299	411	345	2.24e-63	202	71.8	84.3
tr|A0A7J6EUY5|A0A7J6EUY5_CANSA	A1BE13	37.8	331	411	351	2.64e-63	202	78.8	92.3
tr|A0A7J6EUY5|A0A7J6EUY5_CANSA	Q5LRH8	39.4	315	411	339	2.67e-63	202	76.2	90.9
tr|A0A7J6EUY5|A0A7J6EUY5_CANSA	A4SKT3	37.0	311	411	337	3.56e-63	202	75.2	90.2
tr|A0A7J6EUY5|A0A7J6EUY5_CANSA	Q9RTJ5	39.1	330	411	338	3.66e-63	202	79.3	95.6
tr|A0A7J6EUY5|A0A7J6EUY5_CANSA	Q9KCB3	37.2	328	411	342	4.09e-63	202	78.8	93.9
tr|A0A7J6EUY5|A0A7J6EUY5_CANSA	Q3APT3	37.3	330	411	351	5.23e-63	202	78.6	92.0
tr|A0A7J6EUY5|A0A7J6EUY5_CANSA	Q18FI8	38.9	316	411	341	5.59e-63	201	76.4	90.6
tr|A0A7J6EUY5|A0A7J6EUY5_CANSA	Q5X6R9	36.9	325	411	344	6.07e-63	201	78.6	92.4
tr|A0A7J6EUY5|A0A7J6EUY5_CANSA	Q5ZX98	36.9	325	411	344	6.07e-63	201	78.6	92.4
tr|A0A7J6EUY5|A0A7J6EUY5_CANSA	A9F0C1	38.8	340	411	348	6.77e-63	201	82.0	95.7
tr|A0A7J6EUY5|A0A7J6EUY5_CANSA	Q6LPA6	38.6	285	411	339	7.44e-63	201	68.9	82.0
tr|A0A7J6EUY5|A0A7J6EUY5_CANSA	A0KMC8	37.0	311	411	342	8.08e-63	201	75.2	88.9
tr|A0A7J6EUY5|A0A7J6EUY5_CANSA	B8ZQM2	37.1	369	411	366	1.10e-62	201	87.1	99.7
tr|A0A7J6EUY5|A0A7J6EUY5_CANSA	O69581	37.1	369	411	366	1.10e-62	201	87.1	99.7
tr|A0A7J6EUY5|A0A7J6EUY5_CANSA	Q1LIH4	40.5	309	411	342	1.14e-62	201	74.9	88.9
tr|A0A7J6EUY5|A0A7J6EUY5_CANSA	Q5WY74	36.6	325	411	344	1.20e-62	201	78.6	92.4
tr|A0A7J6EUY5|A0A7J6EUY5_CANSA	B0R622	40.3	313	411	336	1.35e-62	200	75.7	91.1
tr|A0A7J6EUY5|A0A7J6EUY5_CANSA	Q9HPG3	40.3	313	411	336	1.35e-62	200	75.7	91.1
tr|A0A7J6EUY5|A0A7J6EUY5_CANSA	A4J0E5	36.7	341	411	337	1.39e-62	200	82.7	99.4
tr|A0A7J6EUY5|A0A7J6EUY5_CANSA	B2SEF6	36.7	341	411	337	1.39e-62	200	82.7	99.4
tr|A0A7J6EUY5|A0A7J6EUY5_CANSA	Q0A6E7	37.0	327	411	338	1.43e-62	200	78.6	94.4
tr|A0A7J6EUY5|A0A7J6EUY5_CANSA	A5F210	38.2	283	411	332	1.71e-62	200	68.4	83.1
tr|A0A7J6EUY5|A0A7J6EUY5_CANSA	Q9KST4	38.2	283	411	332	1.71e-62	200	68.4	83.1
tr|A0A7J6EUY5|A0A7J6EUY5_CANSA	Q1IZP8	40.0	330	411	351	2.04e-62	200	79.3	92.0
tr|A0A7J6EUY5|A0A7J6EUY5_CANSA	Q163Y0	39.1	320	411	339	2.07e-62	200	77.1	92.3
tr|A0A7J6EUY5|A0A7J6EUY5_CANSA	Q0BIM7	38.3	326	411	343	2.31e-62	200	78.8	93.6
tr|A0A7J6EUY5|A0A7J6EUY5_CANSA	A6VU64	37.5	331	411	346	2.51e-62	200	79.3	93.6
tr|A0A7J6EUY5|A0A7J6EUY5_CANSA	B0SYZ3	37.8	339	411	347	2.58e-62	200	82.2	95.7
tr|A0A7J6EUY5|A0A7J6EUY5_CANSA	Q0AJP9	40.0	290	411	341	3.08e-62	199	69.8	85.0
tr|A0A7J6EUY5|A0A7J6EUY5_CANSA	A5IG81	36.6	325	411	344	3.34e-62	199	78.6	92.4
tr|A0A7J6EUY5|A0A7J6EUY5_CANSA	Q12LE4	36.3	336	411	361	3.76e-62	200	81.3	92.5
tr|A0A7J6EUY5|A0A7J6EUY5_CANSA	Q0K6I1	40.2	311	411	341	4.33e-62	199	74.9	89.1
tr|A0A7J6EUY5|A0A7J6EUY5_CANSA	Q2G6R1	38.3	324	411	330	4.49e-62	199	78.1	95.8
tr|A0A7J6EUY5|A0A7J6EUY5_CANSA	A9BS05	39.8	337	411	344	4.70e-62	199	80.8	95.6
tr|A0A7J6EUY5|A0A7J6EUY5_CANSA	A1STT2	34.4	337	411	340	5.92e-62	199	80.8	97.1
tr|A0A7J6EUY5|A0A7J6EUY5_CANSA	P70936	39.2	337	411	341	6.08e-62	199	80.8	96.5
tr|A0A7J6EUY5|A0A7J6EUY5_CANSA	Q82Y74	39.2	319	411	341	6.08e-62	199	76.6	91.5
tr|A0A7J6EUY5|A0A7J6EUY5_CANSA	B1YSF6	38.0	326	411	343	9.03e-62	198	78.8	93.6
tr|A0A7J6EUY5|A0A7J6EUY5_CANSA	Q2JWL5	40.4	337	411	343	1.27e-61	198	81.0	96.2
tr|A0A7J6EUY5|A0A7J6EUY5_CANSA	A4VHK0	37.2	333	411	348	1.45e-61	198	79.3	93.7
tr|A0A7J6EUY5|A0A7J6EUY5_CANSA	A4JB68	38.4	328	411	343	1.79e-61	197	78.8	93.6
tr|A0A7J6EUY5|A0A7J6EUY5_CANSA	Q845X9	38.0	326	411	343	1.79e-61	197	78.8	93.6
tr|A0A7J6EUY5|A0A7J6EUY5_CANSA	Q46WU8	36.0	375	411	369	1.81e-61	198	89.1	99.5
tr|A0A7J6EUY5|A0A7J6EUY5_CANSA	A1TB00	39.9	331	411	364	2.23e-61	198	77.6	88.7
tr|A0A7J6EUY5|A0A7J6EUY5_CANSA	A0R048	39.5	347	411	364	3.14e-61	197	81.5	93.1
tr|A0A7J6EUY5|A0A7J6EUY5_CANSA	Q13TW5	38.3	326	411	343	3.53e-61	197	78.8	93.6
tr|A0A7J6EUY5|A0A7J6EUY5_CANSA	A0AJ83	37.2	333	411	339	4.45e-61	196	79.3	96.2
tr|A0A7J6EUY5|A0A7J6EUY5_CANSA	Q0APU5	39.1	317	411	339	4.45e-61	196	76.6	91.4
tr|A0A7J6EUY5|A0A7J6EUY5_CANSA	Q92B78	36.7	330	411	339	4.45e-61	196	79.6	95.3
tr|A0A7J6EUY5|A0A7J6EUY5_CANSA	Q7UYS5	38.7	331	411	342	4.83e-61	196	79.8	94.7
tr|A0A7J6EUY5|A0A7J6EUY5_CANSA	A6VFU3	38.1	328	411	321	5.35e-61	196	79.6	98.1
tr|A0A7J6EUY5|A0A7J6EUY5_CANSA	Q8U089	38.7	328	411	324	5.82e-61	196	79.6	97.2
tr|A0A7J6EUY5|A0A7J6EUY5_CANSA	A6UZF1	36.3	328	411	349	5.83e-61	196	78.3	92.6
tr|A0A7J6EUY5|A0A7J6EUY5_CANSA	B7V608	36.3	328	411	349	5.83e-61	196	78.3	92.6
tr|A0A7J6EUY5|A0A7J6EUY5_CANSA	P20574	36.3	328	411	349	5.83e-61	196	78.3	92.6
tr|A0A7J6EUY5|A0A7J6EUY5_CANSA	Q02TB6	36.3	328	411	349	5.83e-61	196	78.3	92.6
tr|A0A7J6EUY5|A0A7J6EUY5_CANSA	Q6AFI7	36.3	347	411	349	5.83e-61	196	81.5	97.4
tr|A0A7J6EUY5|A0A7J6EUY5_CANSA	A4XLM7	37.5	333	411	336	8.10e-61	196	80.3	96.4
tr|A0A7J6EUY5|A0A7J6EUY5_CANSA	Q5F7H5	38.6	329	411	342	9.54e-61	196	78.8	94.2
tr|A0A7J6EUY5|A0A7J6EUY5_CANSA	Q39JZ6	37.7	326	411	343	9.80e-61	196	78.8	93.6
tr|A0A7J6EUY5|A0A7J6EUY5_CANSA	A8GF80	37.6	306	411	332	1.02e-60	195	73.7	90.1
tr|A0A7J6EUY5|A0A7J6EUY5_CANSA	A1B3Y5	39.0	315	411	345	1.03e-60	196	76.2	89.3
tr|A0A7J6EUY5|A0A7J6EUY5_CANSA	A1SLE8	37.4	342	411	341	1.31e-60	195	81.8	98.2
tr|A0A7J6EUY5|A0A7J6EUY5_CANSA	C5BPA3	37.5	333	411	341	1.31e-60	195	79.3	95.6
tr|A0A7J6EUY5|A0A7J6EUY5_CANSA	A0K459	37.7	326	411	343	1.38e-60	195	78.8	93.6
tr|A0A7J6EUY5|A0A7J6EUY5_CANSA	Q1BSD3	37.7	326	411	343	1.38e-60	195	78.8	93.6
tr|A0A7J6EUY5|A0A7J6EUY5_CANSA	Q3SGS1	39.7	310	411	343	1.38e-60	195	74.7	88.3
tr|A0A7J6EUY5|A0A7J6EUY5_CANSA	B1JKS0	36.7	311	411	332	1.44e-60	195	74.9	91.6
tr|A0A7J6EUY5|A0A7J6EUY5_CANSA	B2VKT4	37.0	330	411	332	1.44e-60	195	79.3	96.7
tr|A0A7J6EUY5|A0A7J6EUY5_CANSA	Q5YZ21	36.7	349	411	345	1.45e-60	195	82.0	99.1
tr|A0A7J6EUY5|A0A7J6EUY5_CANSA	Q8XVE7	40.3	313	411	345	1.45e-60	195	74.9	88.7
tr|A0A7J6EUY5|A0A7J6EUY5_CANSA	B3EH38	35.7	345	411	351	1.71e-60	195	82.2	96.3
tr|A0A7J6EUY5|A0A7J6EUY5_CANSA	A9M4G6	38.6	329	411	352	1.75e-60	195	78.8	91.5
tr|A0A7J6EUY5|A0A7J6EUY5_CANSA	Q2SUI1	38.1	328	411	343	1.94e-60	195	78.8	93.6
tr|A0A7J6EUY5|A0A7J6EUY5_CANSA	Q31LB6	39.3	333	411	348	2.22e-60	195	79.6	93.7
tr|A0A7J6EUY5|A0A7J6EUY5_CANSA	B2JHI7	38.0	326	411	342	2.65e-60	194	78.8	93.9
tr|A0A7J6EUY5|A0A7J6EUY5_CANSA	A1UW99	37.8	328	411	343	2.72e-60	194	78.8	93.6
tr|A0A7J6EUY5|A0A7J6EUY5_CANSA	A2RYI2	37.8	328	411	343	2.72e-60	194	78.8	93.6
tr|A0A7J6EUY5|A0A7J6EUY5_CANSA	A3MFQ3	37.8	328	411	343	2.72e-60	194	78.8	93.6
tr|A0A7J6EUY5|A0A7J6EUY5_CANSA	A3NDZ2	37.8	328	411	343	2.72e-60	194	78.8	93.6
tr|A0A7J6EUY5|A0A7J6EUY5_CANSA	A3NZP5	37.8	328	411	343	2.72e-60	194	78.8	93.6
tr|A0A7J6EUY5|A0A7J6EUY5_CANSA	B1JUU6	37.7	326	411	343	2.72e-60	194	78.8	93.6
tr|A0A7J6EUY5|A0A7J6EUY5_CANSA	B4E7A8	37.7	326	411	343	2.72e-60	194	78.8	93.6
tr|A0A7J6EUY5|A0A7J6EUY5_CANSA	Q3JNB1	37.8	328	411	343	2.72e-60	194	78.8	93.6
tr|A0A7J6EUY5|A0A7J6EUY5_CANSA	Q62DC9	37.8	328	411	343	2.72e-60	194	78.8	93.6
tr|A0A7J6EUY5|A0A7J6EUY5_CANSA	Q63QH1	37.8	328	411	343	2.72e-60	194	78.8	93.6
tr|A0A7J6EUY5|A0A7J6EUY5_CANSA	B2UDK8	37.7	345	411	345	2.87e-60	194	82.5	98.0
tr|A0A7J6EUY5|A0A7J6EUY5_CANSA	Q3J897	35.6	329	411	338	3.34e-60	194	79.3	95.3
tr|A0A7J6EUY5|A0A7J6EUY5_CANSA	O27698	36.1	357	411	352	3.46e-60	194	83.2	99.4
tr|A0A7J6EUY5|A0A7J6EUY5_CANSA	B7JX56	40.1	334	411	347	4.26e-60	194	78.8	93.7
tr|A0A7J6EUY5|A0A7J6EUY5_CANSA	B9MKD0	38.8	330	411	336	4.45e-60	194	79.6	93.8
tr|A0A7J6EUY5|A0A7J6EUY5_CANSA	A3M784	34.0	338	411	349	4.49e-60	194	80.3	94.8
tr|A0A7J6EUY5|A0A7J6EUY5_CANSA	B0VBS2	34.0	338	411	349	4.49e-60	194	80.3	94.8
tr|A0A7J6EUY5|A0A7J6EUY5_CANSA	B0VUS1	33.7	338	411	349	4.49e-60	194	80.3	94.8
tr|A0A7J6EUY5|A0A7J6EUY5_CANSA	A4TJ65	36.7	311	411	332	5.60e-60	193	74.9	91.6
tr|A0A7J6EUY5|A0A7J6EUY5_CANSA	B2K3W4	36.7	311	411	332	5.60e-60	193	74.9	91.6
tr|A0A7J6EUY5|A0A7J6EUY5_CANSA	Q1C7P0	36.7	311	411	332	5.60e-60	193	74.9	91.6
tr|A0A7J6EUY5|A0A7J6EUY5_CANSA	Q1CJ26	36.7	311	411	332	5.60e-60	193	74.9	91.6
tr|A0A7J6EUY5|A0A7J6EUY5_CANSA	Q66AK2	36.7	311	411	332	5.60e-60	193	74.9	91.6
tr|A0A7J6EUY5|A0A7J6EUY5_CANSA	A7FI31	36.7	311	411	333	5.76e-60	193	74.9	91.3
tr|A0A7J6EUY5|A0A7J6EUY5_CANSA	Q8ZEG7	36.7	311	411	333	5.76e-60	193	74.9	91.3
tr|A0A7J6EUY5|A0A7J6EUY5_CANSA	C1KVS8	36.7	330	411	339	6.78e-60	193	79.6	95.3
tr|A0A7J6EUY5|A0A7J6EUY5_CANSA	Q71Z37	36.7	330	411	339	6.78e-60	193	79.6	95.3
tr|A0A7J6EUY5|A0A7J6EUY5_CANSA	A1KTN4	38.6	329	411	352	6.84e-60	194	78.8	91.5
tr|A0A7J6EUY5|A0A7J6EUY5_CANSA	P66994	38.6	329	411	352	6.84e-60	194	78.8	91.5
tr|A0A7J6EUY5|A0A7J6EUY5_CANSA	P66995	38.6	329	411	352	6.84e-60	194	78.8	91.5
tr|A0A7J6EUY5|A0A7J6EUY5_CANSA	A8FEK1	37.3	335	411	340	6.97e-60	193	80.8	96.5
tr|A0A7J6EUY5|A0A7J6EUY5_CANSA	Q2NA97	36.5	326	411	330	7.46e-60	193	78.8	96.7
tr|A0A7J6EUY5|A0A7J6EUY5_CANSA	A4G1P5	38.7	310	411	345	7.97e-60	193	74.7	87.8
tr|A0A7J6EUY5|A0A7J6EUY5_CANSA	Q3B2H3	37.1	345	411	351	9.36e-60	193	82.2	96.3
tr|A0A7J6EUY5|A0A7J6EUY5_CANSA	C3MV89	38.1	315	411	345	1.12e-59	193	76.2	88.7
tr|A0A7J6EUY5|A0A7J6EUY5_CANSA	C3NHL1	37.8	315	411	345	1.12e-59	193	76.2	88.7
tr|A0A7J6EUY5|A0A7J6EUY5_CANSA	C4KH54	38.1	315	411	345	1.12e-59	193	76.2	88.7
tr|A0A7J6EUY5|A0A7J6EUY5_CANSA	Q8DVF6	37.5	333	411	335	1.20e-59	192	80.3	97.3
tr|A0A7J6EUY5|A0A7J6EUY5_CANSA	Q9YGB4	38.8	317	411	325	1.28e-59	192	76.9	93.5
tr|A0A7J6EUY5|A0A7J6EUY5_CANSA	Q1CZH6	36.9	339	411	338	1.30e-59	192	81.5	98.2
tr|A0A7J6EUY5|A0A7J6EUY5_CANSA	B8DHB1	36.7	330	411	339	1.34e-59	192	79.6	95.3
tr|A0A7J6EUY5|A0A7J6EUY5_CANSA	C3MPW2	37.8	315	411	345	1.57e-59	192	76.2	88.7
tr|A0A7J6EUY5|A0A7J6EUY5_CANSA	C3NE52	37.8	315	411	345	1.57e-59	192	76.2	88.7
tr|A0A7J6EUY5|A0A7J6EUY5_CANSA	C1DHY8	35.3	348	411	348	1.70e-59	192	83.0	98.0
tr|A0A7J6EUY5|A0A7J6EUY5_CANSA	Q084N6	38.7	302	411	347	2.33e-59	192	72.0	85.0
tr|A0A7J6EUY5|A0A7J6EUY5_CANSA	Q8Y6Q3	36.4	330	411	339	2.64e-59	192	79.6	95.3
tr|A0A7J6EUY5|A0A7J6EUY5_CANSA	Q21MR4	36.3	344	411	341	2.79e-59	192	82.0	98.8
tr|A0A7J6EUY5|A0A7J6EUY5_CANSA	Q7N488	37.1	326	411	332	3.07e-59	191	78.6	95.8
tr|A0A7J6EUY5|A0A7J6EUY5_CANSA	C3N5I8	37.8	315	411	345	3.11e-59	192	76.2	88.7
tr|A0A7J6EUY5|A0A7J6EUY5_CANSA	P00500	34.3	338	411	349	3.45e-59	192	80.3	94.8
tr|A0A7J6EUY5|A0A7J6EUY5_CANSA	Q8KC17	34.8	345	411	351	3.64e-59	192	82.2	96.3
tr|A0A7J6EUY5|A0A7J6EUY5_CANSA	Q82AK1	38.0	347	411	354	3.94e-59	192	82.5	95.5
tr|A0A7J6EUY5|A0A7J6EUY5_CANSA	A5UEN6	37.1	334	411	333	4.44e-59	191	80.5	97.9
tr|A0A7J6EUY5|A0A7J6EUY5_CANSA	Q5N0L1	39.0	333	411	348	4.73e-59	191	79.6	93.7
tr|A0A7J6EUY5|A0A7J6EUY5_CANSA	Q2JQ65	39.3	336	411	343	5.81e-59	191	80.8	95.9
tr|A0A7J6EUY5|A0A7J6EUY5_CANSA	B4EWH5	34.4	334	411	332	6.07e-59	191	80.5	98.2
tr|A0A7J6EUY5|A0A7J6EUY5_CANSA	A6UW21	37.8	331	411	325	7.05e-59	190	79.6	97.5
tr|A0A7J6EUY5|A0A7J6EUY5_CANSA	A7Z619	37.3	335	411	338	7.14e-59	191	80.8	97.0
tr|A0A7J6EUY5|A0A7J6EUY5_CANSA	A4IQ85	36.6	322	411	339	7.33e-59	191	77.6	92.9
tr|A0A7J6EUY5|A0A7J6EUY5_CANSA	P18261	36.4	335	411	340	7.53e-59	191	80.8	96.5
tr|A0A7J6EUY5|A0A7J6EUY5_CANSA	B5ERI3	37.0	327	411	338	1.00e-58	190	78.8	94.7
tr|A0A7J6EUY5|A0A7J6EUY5_CANSA	B7JBC1	37.0	327	411	338	1.00e-58	190	78.8	94.7
tr|A0A7J6EUY5|A0A7J6EUY5_CANSA	P43858	36.9	333	411	333	1.23e-58	190	80.5	97.9
tr|A0A7J6EUY5|A0A7J6EUY5_CANSA	Q2FKX5	35.0	331	411	334	1.27e-58	190	79.8	97.0
tr|A0A7J6EUY5|A0A7J6EUY5_CANSA	Q8ESU1	36.0	339	411	340	2.09e-58	189	81.8	97.6
tr|A0A7J6EUY5|A0A7J6EUY5_CANSA	A1WYT2	36.1	319	411	342	2.20e-58	189	76.6	91.2
tr|A0A7J6EUY5|A0A7J6EUY5_CANSA	A1KAT3	37.7	310	411	345	2.39e-58	189	74.5	87.8
tr|A0A7J6EUY5|A0A7J6EUY5_CANSA	A5UBZ6	36.8	334	411	333	2.43e-58	189	80.5	97.9
tr|A0A7J6EUY5|A0A7J6EUY5_CANSA	Q04R23	37.6	335	411	336	2.64e-58	189	79.1	95.8
tr|A0A7J6EUY5|A0A7J6EUY5_CANSA	Q04ZD2	37.6	335	411	336	2.64e-58	189	79.1	95.8
tr|A0A7J6EUY5|A0A7J6EUY5_CANSA	A1U6H0	35.8	344	411	342	3.09e-58	189	82.0	98.5
tr|A0A7J6EUY5|A0A7J6EUY5_CANSA	Q4QKA1	36.8	334	411	333	3.42e-58	189	80.5	97.9
tr|A0A7J6EUY5|A0A7J6EUY5_CANSA	Q02000	36.6	333	411	335	3.60e-58	189	80.3	97.0
tr|A0A7J6EUY5|A0A7J6EUY5_CANSA	Q88WI3	36.7	335	411	339	4.01e-58	189	81.0	96.8
tr|A0A7J6EUY5|A0A7J6EUY5_CANSA	A6SUH6	38.7	310	411	344	6.43e-58	188	74.7	88.1
tr|A0A7J6EUY5|A0A7J6EUY5_CANSA	B5E7M6	36.9	333	411	334	6.92e-58	188	80.3	97.6
tr|A0A7J6EUY5|A0A7J6EUY5_CANSA	C1CMD6	36.9	333	411	334	6.92e-58	188	80.3	97.6
tr|A0A7J6EUY5|A0A7J6EUY5_CANSA	A2RK17	36.9	333	411	335	9.99e-58	187	80.3	97.0
tr|A0A7J6EUY5|A0A7J6EUY5_CANSA	Q0VMX5	35.1	348	411	350	1.49e-57	187	82.5	97.1
tr|A0A7J6EUY5|A0A7J6EUY5_CANSA	A9AAU1	36.9	328	411	321	1.90e-57	186	79.6	98.1
tr|A0A7J6EUY5|A0A7J6EUY5_CANSA	Q6LYI4	37.8	328	411	321	1.90e-57	186	79.6	98.1
tr|A0A7J6EUY5|A0A7J6EUY5_CANSA	Q72PD0	37.2	331	411	336	2.02e-57	187	78.1	94.6
tr|A0A7J6EUY5|A0A7J6EUY5_CANSA	Q8F708	37.2	331	411	336	2.02e-57	187	78.1	94.6
tr|A0A7J6EUY5|A0A7J6EUY5_CANSA	Q5P2G2	37.6	340	411	343	2.44e-57	187	82.0	97.7
tr|A0A7J6EUY5|A0A7J6EUY5_CANSA	B1I7T0	36.6	333	411	334	2.69e-57	186	80.3	97.6
tr|A0A7J6EUY5|A0A7J6EUY5_CANSA	B2ISS4	36.6	333	411	334	2.69e-57	186	80.3	97.6
tr|A0A7J6EUY5|A0A7J6EUY5_CANSA	B8ZN62	36.6	333	411	334	2.69e-57	186	80.3	97.6
tr|A0A7J6EUY5|A0A7J6EUY5_CANSA	C1C969	36.6	333	411	334	2.69e-57	186	80.3	97.6
tr|A0A7J6EUY5|A0A7J6EUY5_CANSA	C1CG45	36.6	333	411	334	2.69e-57	186	80.3	97.6
tr|A0A7J6EUY5|A0A7J6EUY5_CANSA	C1CT54	36.6	333	411	334	2.69e-57	186	80.3	97.6
tr|A0A7J6EUY5|A0A7J6EUY5_CANSA	P66999	36.6	333	411	334	2.69e-57	186	80.3	97.6
tr|A0A7J6EUY5|A0A7J6EUY5_CANSA	P67000	36.6	333	411	334	2.69e-57	186	80.3	97.6
tr|A0A7J6EUY5|A0A7J6EUY5_CANSA	Q04IY6	36.6	333	411	334	2.69e-57	186	80.3	97.6
tr|A0A7J6EUY5|A0A7J6EUY5_CANSA	Q02YA8	36.6	333	411	335	2.77e-57	186	80.3	97.0
tr|A0A7J6EUY5|A0A7J6EUY5_CANSA	P57856	35.7	333	411	333	3.68e-57	186	80.3	97.6
tr|A0A7J6EUY5|A0A7J6EUY5_CANSA	A4FXH2	37.5	328	411	321	3.74e-57	186	79.6	98.1
tr|A0A7J6EUY5|A0A7J6EUY5_CANSA	B8DM45	35.8	338	411	338	4.21e-57	186	79.8	97.6
tr|A0A7J6EUY5|A0A7J6EUY5_CANSA	Q8ZV45	37.2	309	411	333	5.17e-57	186	74.5	89.2
tr|A0A7J6EUY5|A0A7J6EUY5_CANSA	Q9X6J5	35.1	322	411	339	6.07e-57	186	77.6	92.9
tr|A0A7J6EUY5|A0A7J6EUY5_CANSA	Q08654	36.5	342	411	589	6.16e-57	192	82.2	56.9
tr|A0A7J6EUY5|A0A7J6EUY5_CANSA	O68608	37.3	346	411	354	6.40e-57	186	82.5	95.5
tr|A0A7J6EUY5|A0A7J6EUY5_CANSA	A3MVG6	39.6	316	411	332	7.07e-57	185	75.9	91.3
tr|A0A7J6EUY5|A0A7J6EUY5_CANSA	P50384	37.1	315	411	345	7.10e-57	186	76.2	88.7
tr|A0A7J6EUY5|A0A7J6EUY5_CANSA	A9HY12	37.6	311	411	343	1.33e-56	185	74.9	88.6
tr|A0A7J6EUY5|A0A7J6EUY5_CANSA	Q46L78	38.2	319	411	345	1.40e-56	185	76.4	90.4
tr|A0A7J6EUY5|A0A7J6EUY5_CANSA	Q03JB8	34.5	339	411	334	1.47e-56	184	81.8	99.4
tr|A0A7J6EUY5|A0A7J6EUY5_CANSA	P00904	35.8	313	411	531	1.62e-56	189	75.4	57.6
tr|A0A7J6EUY5|A0A7J6EUY5_CANSA	Q604F8	37.1	329	411	341	1.77e-56	184	78.8	93.8
tr|A0A7J6EUY5|A0A7J6EUY5_CANSA	A6UP19	36.9	328	411	321	2.05e-56	184	79.6	98.1
tr|A0A7J6EUY5|A0A7J6EUY5_CANSA	Q2KU98	37.9	309	411	343	2.62e-56	184	74.5	88.0
tr|A0A7J6EUY5|A0A7J6EUY5_CANSA	Q2S999	37.4	334	411	346	2.83e-56	184	79.3	94.2
tr|A0A7J6EUY5|A0A7J6EUY5_CANSA	Q5WGS4	35.2	321	411	341	3.49e-56	184	77.1	92.1
tr|A0A7J6EUY5|A0A7J6EUY5_CANSA	C6DGZ7	35.3	329	411	355	3.57e-56	184	79.3	90.4
tr|A0A7J6EUY5|A0A7J6EUY5_CANSA	A2C1X5	38.2	319	411	345	3.87e-56	184	76.4	90.4
tr|A0A7J6EUY5|A0A7J6EUY5_CANSA	Q5LYI4	34.2	339	411	334	5.71e-56	183	81.8	99.4
tr|A0A7J6EUY5|A0A7J6EUY5_CANSA	Q5M347	34.5	339	411	334	5.71e-56	183	81.8	99.4
tr|A0A7J6EUY5|A0A7J6EUY5_CANSA	Q3M4T0	35.6	365	411	362	5.99e-56	184	84.4	97.5
tr|A0A7J6EUY5|A0A7J6EUY5_CANSA	Q8YXQ9	36.7	341	411	362	5.99e-56	184	78.6	91.7
tr|A0A7J6EUY5|A0A7J6EUY5_CANSA	A5WFZ6	33.6	336	411	369	1.00e-55	183	78.6	89.7
tr|A0A7J6EUY5|A0A7J6EUY5_CANSA	C3PKY4	34.4	340	411	345	1.07e-55	182	81.0	95.1
tr|A0A7J6EUY5|A0A7J6EUY5_CANSA	P00905	35.7	300	411	531	1.18e-55	187	72.5	55.2
tr|A0A7J6EUY5|A0A7J6EUY5_CANSA	Q8YZP8	35.2	352	411	364	1.24e-55	183	83.5	95.9
tr|A0A7J6EUY5|A0A7J6EUY5_CANSA	Q7VU66	37.9	311	411	343	1.42e-55	182	74.9	88.6
tr|A0A7J6EUY5|A0A7J6EUY5_CANSA	Q7W388	37.9	311	411	343	1.42e-55	182	74.9	88.6
tr|A0A7J6EUY5|A0A7J6EUY5_CANSA	Q7WEK7	37.9	311	411	343	1.42e-55	182	74.9	88.6
tr|A0A7J6EUY5|A0A7J6EUY5_CANSA	A3CLL8	36.6	333	411	334	2.22e-55	181	80.3	97.6
tr|A0A7J6EUY5|A0A7J6EUY5_CANSA	Q6D4U2	36.1	305	411	355	2.72e-55	182	73.7	83.7
tr|A0A7J6EUY5|A0A7J6EUY5_CANSA	A6VNT3	36.2	337	411	333	3.03e-55	181	80.3	97.6
tr|A0A7J6EUY5|A0A7J6EUY5_CANSA	A3N1G7	34.2	336	411	334	3.11e-55	181	80.8	97.9
tr|A0A7J6EUY5|A0A7J6EUY5_CANSA	Q2NT50	37.5	285	411	332	4.14e-55	181	68.6	83.4
tr|A0A7J6EUY5|A0A7J6EUY5_CANSA	A4WKR0	35.5	338	411	333	4.25e-55	181	81.3	97.9
tr|A0A7J6EUY5|A0A7J6EUY5_CANSA	Q112P2	37.8	341	411	356	5.49e-55	181	79.8	95.2
tr|A0A7J6EUY5|A0A7J6EUY5_CANSA	Q7NGU2	40.4	314	411	342	1.48e-54	179	75.7	90.1
tr|A0A7J6EUY5|A0A7J6EUY5_CANSA	B8F815	37.2	309	411	333	1.65e-54	179	74.5	90.7
tr|A0A7J6EUY5|A0A7J6EUY5_CANSA	A8AW02	36.3	333	411	334	1.69e-54	179	80.3	97.6
tr|A0A7J6EUY5|A0A7J6EUY5_CANSA	B0BQA6	34.1	334	411	334	1.69e-54	179	80.3	97.3
tr|A0A7J6EUY5|A0A7J6EUY5_CANSA	A5CS25	34.5	351	411	351	1.87e-54	179	82.2	98.0
tr|A0A7J6EUY5|A0A7J6EUY5_CANSA	Q8DI76	36.1	346	411	339	1.93e-54	179	82.5	99.4
tr|A0A7J6EUY5|A0A7J6EUY5_CANSA	P26925	35.7	345	411	350	2.56e-54	179	80.3	96.6
tr|A0A7J6EUY5|A0A7J6EUY5_CANSA	A1RVT0	34.9	335	411	329	2.92e-54	178	81.3	98.8
tr|A0A7J6EUY5|A0A7J6EUY5_CANSA	Q9Y8T2	39.0	336	411	345	3.15e-54	179	79.1	95.4
tr|A0A7J6EUY5|A0A7J6EUY5_CANSA	B0REA1	34.5	351	411	351	3.67e-54	179	82.2	98.0
tr|A0A7J6EUY5|A0A7J6EUY5_CANSA	Q6NEC1	34.7	337	411	341	5.60e-54	178	81.8	95.9
tr|A0A7J6EUY5|A0A7J6EUY5_CANSA	Q65TF2	36.2	334	411	342	5.74e-54	178	79.8	94.4
tr|A0A7J6EUY5|A0A7J6EUY5_CANSA	B3GY52	33.8	334	411	334	9.19e-54	177	80.3	97.3
tr|A0A7J6EUY5|A0A7J6EUY5_CANSA	P73617	36.9	339	411	348	9.38e-54	177	80.5	95.4
tr|A0A7J6EUY5|A0A7J6EUY5_CANSA	Q8FLJ8	36.3	314	411	342	1.13e-53	177	75.4	89.5
tr|A0A7J6EUY5|A0A7J6EUY5_CANSA	A4QI74	37.7	313	411	348	1.32e-53	177	75.2	88.2
tr|A0A7J6EUY5|A0A7J6EUY5_CANSA	P06559	37.7	313	411	348	1.32e-53	177	75.2	88.2
tr|A0A7J6EUY5|A0A7J6EUY5_CANSA	A5GTM6	44.4	248	411	344	1.67e-53	177	59.9	72.1
tr|A0A7J6EUY5|A0A7J6EUY5_CANSA	Q4J8X7	34.7	337	411	342	2.22e-53	176	81.3	95.3
tr|A0A7J6EUY5|A0A7J6EUY5_CANSA	Q2NFE4	34.1	355	411	349	2.65e-53	176	82.5	99.7
tr|A0A7J6EUY5|A0A7J6EUY5_CANSA	Q0RFI3	35.7	359	411	369	3.11e-53	177	82.2	96.5
tr|A0A7J6EUY5|A0A7J6EUY5_CANSA	Q7TV05	37.5	333	411	351	5.48e-53	176	79.8	92.9
tr|A0A7J6EUY5|A0A7J6EUY5_CANSA	B0UU36	34.6	332	411	334	6.99e-53	175	80.3	97.3
tr|A0A7J6EUY5|A0A7J6EUY5_CANSA	Q4JWC7	34.5	354	411	367	1.14e-52	175	83.0	94.0
tr|A0A7J6EUY5|A0A7J6EUY5_CANSA	A8ACG6	36.5	340	411	339	1.56e-52	174	81.3	96.8
tr|A0A7J6EUY5|A0A7J6EUY5_CANSA	Q7TTV4	37.8	331	411	350	2.06e-52	174	79.1	92.3
tr|A0A7J6EUY5|A0A7J6EUY5_CANSA	A4YHE2	35.4	319	411	343	2.42e-52	174	77.1	90.4
tr|A0A7J6EUY5|A0A7J6EUY5_CANSA	A0RX34	36.9	336	411	343	6.66e-52	172	80.0	95.0
tr|A0A7J6EUY5|A0A7J6EUY5_CANSA	B5YD05	36.4	297	411	336	7.82e-52	172	71.5	86.3
tr|A0A7J6EUY5|A0A7J6EUY5_CANSA	B8DZP4	35.7	297	411	336	1.53e-51	171	71.5	86.3
tr|A0A7J6EUY5|A0A7J6EUY5_CANSA	Q0I9N0	37.4	321	411	348	2.90e-51	171	76.6	89.9
tr|A0A7J6EUY5|A0A7J6EUY5_CANSA	A8MDL8	36.6	314	411	339	4.55e-51	170	75.7	90.6
tr|A0A7J6EUY5|A0A7J6EUY5_CANSA	Q31B38	38.8	322	411	349	5.83e-51	170	76.4	90.5
tr|A0A7J6EUY5|A0A7J6EUY5_CANSA	Q5FNM7	35.6	323	411	363	5.86e-51	171	76.6	86.5
tr|A0A7J6EUY5|A0A7J6EUY5_CANSA	Q30VM1	34.3	332	411	331	7.30e-51	169	79.8	98.2
tr|A0A7J6EUY5|A0A7J6EUY5_CANSA	B6JNC0	33.0	324	411	335	1.58e-50	169	77.6	94.0
tr|A0A7J6EUY5|A0A7J6EUY5_CANSA	A5GKM1	36.9	320	411	348	2.19e-50	169	76.4	89.7
tr|A0A7J6EUY5|A0A7J6EUY5_CANSA	A8G4M3	38.2	319	411	344	5.44e-50	167	76.4	90.7
tr|A0A7J6EUY5|A0A7J6EUY5_CANSA	Q9RQ35	32.5	308	411	331	7.72e-50	167	74.5	91.2
tr|A0A7J6EUY5|A0A7J6EUY5_CANSA	Q971Z7	34.2	325	411	345	1.53e-49	166	78.3	91.6
tr|A0A7J6EUY5|A0A7J6EUY5_CANSA	Q17ZP2	33.5	319	411	335	1.67e-49	166	76.9	93.1
tr|A0A7J6EUY5|A0A7J6EUY5_CANSA	A9A298	34.2	339	411	348	3.22e-49	166	81.3	95.4
tr|A0A7J6EUY5|A0A7J6EUY5_CANSA	B2UV44	33.2	319	411	335	4.58e-49	165	76.4	92.5
tr|A0A7J6EUY5|A0A7J6EUY5_CANSA	P59415	34.0	297	411	331	8.13e-49	164	71.8	85.5
tr|A0A7J6EUY5|A0A7J6EUY5_CANSA	B5Z8S5	33.1	329	411	335	1.76e-48	163	77.6	94.0
tr|A0A7J6EUY5|A0A7J6EUY5_CANSA	A3PCQ4	37.0	316	411	344	2.19e-48	163	75.7	89.8
tr|A0A7J6EUY5|A0A7J6EUY5_CANSA	A9B9W1	35.0	334	411	344	2.19e-48	163	80.5	95.6
tr|A0A7J6EUY5|A0A7J6EUY5_CANSA	P56737	33.1	329	411	335	2.46e-48	163	77.6	94.0
tr|A0A7J6EUY5|A0A7J6EUY5_CANSA	A5FA70	33.5	337	411	330	3.04e-48	162	81.3	98.8
tr|A0A7J6EUY5|A0A7J6EUY5_CANSA	Q44602	32.8	311	411	331	3.12e-48	162	74.9	91.8
tr|A0A7J6EUY5|A0A7J6EUY5_CANSA	Q1CRX3	32.1	330	411	335	4.81e-48	162	77.6	94.0
tr|A0A7J6EUY5|A0A7J6EUY5_CANSA	Q3AXD5	38.2	317	411	351	7.07e-48	162	75.9	88.6
tr|A0A7J6EUY5|A0A7J6EUY5_CANSA	Q9ZJU7	32.8	329	411	335	9.42e-48	161	77.6	94.0
tr|A0A7J6EUY5|A0A7J6EUY5_CANSA	O60122	35.5	296	411	354	1.06e-47	162	70.6	83.6
tr|A0A7J6EUY5|A0A7J6EUY5_CANSA	B9DP50	37.1	275	411	338	3.87e-47	160	65.9	81.1
tr|A0A7J6EUY5|A0A7J6EUY5_CANSA	Q7VCJ6	35.3	343	411	341	8.13e-47	159	80.5	96.5
tr|A0A7J6EUY5|A0A7J6EUY5_CANSA	Q4L676	33.3	327	411	338	1.06e-46	159	78.8	95.0
tr|A0A7J6EUY5|A0A7J6EUY5_CANSA	A2BQY1	35.8	318	411	344	3.33e-46	157	76.4	90.7
tr|A0A7J6EUY5|A0A7J6EUY5_CANSA	B8D972	32.8	308	411	342	1.21e-45	156	74.7	87.1
tr|A0A7J6EUY5|A0A7J6EUY5_CANSA	P57367	32.8	308	411	342	1.21e-45	156	74.7	87.1
tr|A0A7J6EUY5|A0A7J6EUY5_CANSA	B8D7H6	32.8	308	411	342	2.36e-45	155	74.7	87.1
tr|A0A7J6EUY5|A0A7J6EUY5_CANSA	A6GWZ4	33.2	337	411	330	3.46e-45	154	80.8	98.2
tr|A0A7J6EUY5|A0A7J6EUY5_CANSA	A0M4T1	34.2	336	411	331	4.95e-45	154	80.8	97.9
tr|A0A7J6EUY5|A0A7J6EUY5_CANSA	C6C1D5	32.6	328	411	329	6.60e-45	154	78.8	97.3
tr|A0A7J6EUY5|A0A7J6EUY5_CANSA	Q494D8	31.5	305	411	341	8.75e-45	154	73.7	86.8
tr|A0A7J6EUY5|A0A7J6EUY5_CANSA	Q7TU90	35.5	318	411	343	1.28e-44	153	75.9	90.4
tr|A0A7J6EUY5|A0A7J6EUY5_CANSA	P42392	34.0	262	411	335	1.48e-44	153	63.5	77.0
tr|A0A7J6EUY5|A0A7J6EUY5_CANSA	A2BWT1	37.7	281	411	342	2.43e-44	152	67.4	80.1
tr|A0A7J6EUY5|A0A7J6EUY5_CANSA	A5ISQ1	31.7	325	411	332	3.76e-44	152	77.6	95.2
tr|A0A7J6EUY5|A0A7J6EUY5_CANSA	A6U1J1	31.7	325	411	332	3.76e-44	152	77.6	95.2
tr|A0A7J6EUY5|A0A7J6EUY5_CANSA	A7X232	31.7	325	411	332	3.76e-44	152	77.6	95.2
tr|A0A7J6EUY5|A0A7J6EUY5_CANSA	P66996	31.7	325	411	332	3.76e-44	152	77.6	95.2
tr|A0A7J6EUY5|A0A7J6EUY5_CANSA	P66997	31.7	325	411	332	3.76e-44	152	77.6	95.2
tr|A0A7J6EUY5|A0A7J6EUY5_CANSA	P66998	31.7	325	411	332	3.76e-44	152	77.6	95.2
tr|A0A7J6EUY5|A0A7J6EUY5_CANSA	Q6G9J0	31.7	325	411	332	3.76e-44	152	77.6	95.2
tr|A0A7J6EUY5|A0A7J6EUY5_CANSA	A6QGS1	31.4	325	411	332	1.43e-43	150	77.6	95.2
tr|A0A7J6EUY5|A0A7J6EUY5_CANSA	Q2FH67	31.4	325	411	332	1.43e-43	150	77.6	95.2
tr|A0A7J6EUY5|A0A7J6EUY5_CANSA	Q2FYR7	31.4	325	411	332	1.43e-43	150	77.6	95.2
tr|A0A7J6EUY5|A0A7J6EUY5_CANSA	Q9RL77	31.4	325	411	332	1.43e-43	150	77.6	95.2
tr|A0A7J6EUY5|A0A7J6EUY5_CANSA	Q5HPH3	35.2	253	411	331	3.79e-43	149	60.8	76.1
tr|A0A7J6EUY5|A0A7J6EUY5_CANSA	Q8CSN6	35.2	253	411	331	3.79e-43	149	60.8	76.1
tr|A0A7J6EUY5|A0A7J6EUY5_CANSA	A6L7M8	30.4	339	411	331	1.03e-42	148	81.5	99.1
tr|A0A7J6EUY5|A0A7J6EUY5_CANSA	Q49XH5	35.3	249	411	338	4.55e-42	146	59.9	73.4
tr|A0A7J6EUY5|A0A7J6EUY5_CANSA	P07285	33.7	368	411	380	1.12e-40	144	83.2	95.0
tr|A0A7J6EUY5|A0A7J6EUY5_CANSA	O28668	34.2	301	411	546	1.43e-39	144	73.0	52.4
tr|A0A7J6EUY5|A0A7J6EUY5_CANSA	O68426	30.9	307	411	335	1.65e-39	139	74.7	89.0
tr|A0A7J6EUY5|A0A7J6EUY5_CANSA	Q8AAD5	33.1	287	411	332	5.78e-39	138	69.1	85.2
tr|A0A7J6EUY5|A0A7J6EUY5_CANSA	Q11PY2	31.2	330	411	328	1.03e-38	137	79.3	97.3
tr|A0A7J6EUY5|A0A7J6EUY5_CANSA	Q64SX6	33.7	285	411	331	2.12e-38	136	68.6	84.9
tr|A0A7J6EUY5|A0A7J6EUY5_CANSA	Q6L273	32.3	328	411	324	6.79e-38	135	79.8	97.5
tr|A0A7J6EUY5|A0A7J6EUY5_CANSA	Q5LBZ5	33.3	285	411	331	7.89e-38	135	68.6	84.9
tr|A0A7J6EUY5|A0A7J6EUY5_CANSA	Q979V5	30.6	307	411	330	1.94e-33	123	74.7	89.1
tr|A0A7J6EUY5|A0A7J6EUY5_CANSA	Q9HK06	32.9	295	411	322	7.39e-30	113	70.3	85.7
tr|A0A7J6F6K5|A0A7J6F6K5_CANSA	Q9DEX7	34.2	79	238	444	3.68e-10	54.3	31.9	17.3
tr|A0A7J6F6K5|A0A7J6F6K5_CANSA	B2KKL4	27.9	86	238	443	9.47e-09	50.1	35.7	19.4
tr|A0A7J6F6K5|A0A7J6F6K5_CANSA	A0A0C5PRW9	29.3	82	238	445	1.71e-08	49.3	34.0	18.4
tr|A0A7J6F6K5|A0A7J6F6K5_CANSA	A4FV48	30.4	79	238	444	7.68e-07	44.3	31.9	17.3
tr|A0A7J6F6K5|A0A7J6F6K5_CANSA	O95864	28.9	83	238	444	7.68e-07	44.3	33.6	18.2
tr|A0A7J6F6K5|A0A7J6F6K5_CANSA	Q5REA7	28.9	83	238	444	7.68e-07	44.3	33.6	18.2
tr|A0A7J6F6K5|A0A7J6F6K5_CANSA	B8R1K0	30.4	56	238	444	1.38e-06	43.5	23.5	12.6
tr|A0A7J6F6K5|A0A7J6F6K5_CANSA	Q4R749	30.4	56	238	444	1.38e-06	43.5	23.5	12.6
tr|A0A7J6F6K5|A0A7J6F6K5_CANSA	Q9Z0R9	30.8	52	238	444	7.86e-06	41.2	21.8	11.7
tr|A0A7J6F6K5|A0A7J6F6K5_CANSA	Q9Z122	30.8	52	238	444	7.86e-06	41.2	21.8	11.7
tr|A0A7J6F905|A0A7J6F905_CANSA	B2KKL4	28.0	440	447	443	7.77e-43	152	92.8	93.0
tr|A0A7J6F905|A0A7J6F905_CANSA	Q9Z0R9	27.3	433	447	444	1.10e-42	151	91.9	91.9
tr|A0A7J6F905|A0A7J6F905_CANSA	Q9Z122	26.0	446	447	444	7.70e-42	149	91.9	91.9
tr|A0A7J6F905|A0A7J6F905_CANSA	A4FV48	26.9	446	447	444	7.45e-41	146	94.2	94.1
tr|A0A7J6F905|A0A7J6F905_CANSA	B8R1K0	26.5	431	447	444	2.72e-40	145	91.9	91.9
tr|A0A7J6F905|A0A7J6F905_CANSA	Q4R749	26.5	431	447	444	2.72e-40	145	91.9	91.9
tr|A0A7J6F905|A0A7J6F905_CANSA	Q23221	27.6	438	447	443	3.69e-40	144	90.8	96.8
tr|A0A7J6F905|A0A7J6F905_CANSA	Q9DEX7	26.9	443	447	444	9.88e-40	143	92.2	92.1
tr|A0A7J6F905|A0A7J6F905_CANSA	Q5REA7	26.2	431	447	444	1.36e-39	143	91.9	91.9
tr|A0A7J6F905|A0A7J6F905_CANSA	O95864	26.2	431	447	444	1.88e-39	142	91.9	91.9
tr|A0A7J6F905|A0A7J6F905_CANSA	A0A0C5PRW9	25.0	444	447	445	2.81e-35	131	92.4	92.1
tr|A0A7J6F9Y9|A0A7J6F9Y9_CANSA	A0A0C5PRW9	45.3	53	136	445	2.40e-09	49.3	39.0	11.9
tr|A0A7J6F9Y9|A0A7J6F9Y9_CANSA	B2KKL4	41.4	58	136	443	6.05e-09	48.1	42.6	13.1
tr|A0A7J6F9Y9|A0A7J6F9Y9_CANSA	B8R1K0	43.4	53	136	444	1.53e-08	47.0	39.0	11.9
tr|A0A7J6F9Y9|A0A7J6F9Y9_CANSA	Q4R749	43.4	53	136	444	1.53e-08	47.0	39.0	11.9
tr|A0A7J6F9Y9|A0A7J6F9Y9_CANSA	O95864	43.4	53	136	444	2.82e-08	46.2	39.0	11.9
tr|A0A7J6F9Y9|A0A7J6F9Y9_CANSA	Q5REA7	43.4	53	136	444	2.82e-08	46.2	39.0	11.9
tr|A0A7J6F9Y9|A0A7J6F9Y9_CANSA	Q9Z0R9	45.3	53	136	444	2.82e-08	46.2	39.0	11.9
tr|A0A7J6F9Y9|A0A7J6F9Y9_CANSA	Q9Z122	45.3	53	136	444	2.82e-08	46.2	39.0	11.9
tr|A0A7J6F9Y9|A0A7J6F9Y9_CANSA	A4FV48	43.4	53	136	444	3.84e-08	45.8	39.0	11.9
tr|A0A7J6F9Y9|A0A7J6F9Y9_CANSA	Q9DEX7	34.6	52	136	444	2.83e-06	40.4	38.2	11.7
tr|A0A7J6FB06|A0A7J6FB06_CANSA	B8R1K0	42.7	75	133	444	9.77e-13	58.9	54.9	16.7
tr|A0A7J6FB06|A0A7J6FB06_CANSA	Q4R749	42.7	75	133	444	9.77e-13	58.9	54.9	16.7
tr|A0A7J6FB06|A0A7J6FB06_CANSA	B2KKL4	39.5	76	133	443	3.37e-12	57.4	55.6	16.9
tr|A0A7J6FB06|A0A7J6FB06_CANSA	A0A0C5PRW9	35.0	80	133	445	3.37e-12	57.4	58.6	17.8
tr|A0A7J6FB06|A0A7J6FB06_CANSA	A4FV48	41.3	75	133	444	6.25e-12	56.6	54.9	16.7
tr|A0A7J6FB06|A0A7J6FB06_CANSA	O95864	41.3	75	133	444	6.25e-12	56.6	54.9	16.7
tr|A0A7J6FB06|A0A7J6FB06_CANSA	Q5REA7	41.3	75	133	444	6.25e-12	56.6	54.9	16.7
tr|A0A7J6FB06|A0A7J6FB06_CANSA	Q9DEX7	35.4	79	133	444	5.44e-11	53.9	57.9	17.6
tr|A0A7J6FB06|A0A7J6FB06_CANSA	Q9Z0R9	40.0	75	133	444	5.44e-11	53.9	54.9	16.7
tr|A0A7J6FB06|A0A7J6FB06_CANSA	Q9Z122	40.0	75	133	444	5.44e-11	53.9	54.9	16.7
tr|A0A7J6FCN6|A0A7J6FCN6_CANSA	Q08654	52.1	194	275	589	2.26e-64	207	69.8	31.9
tr|A0A7J6FCN6|A0A7J6FCN6_CANSA	Q92370	46.4	196	275	759	2.13e-52	177	70.2	25.0
tr|A0A7J6FCN6|A0A7J6FCN6_CANSA	P20409	45.3	192	275	765	1.04e-50	172	69.5	24.3
tr|A0A7J6FCN6|A0A7J6FCN6_CANSA	P00908	46.5	200	275	762	2.65e-50	171	70.5	25.5
tr|A0A7J6FCN6|A0A7J6FCN6_CANSA	P24773	44.3	201	275	752	6.51e-46	159	70.5	25.9
tr|A0A7J6FCN6|A0A7J6FCN6_CANSA	P06531	42.8	201	275	768	1.63e-44	155	70.5	25.4
tr|A0A7J6FCN6|A0A7J6FCN6_CANSA	P05328	42.8	201	275	770	3.78e-43	151	70.5	25.3
tr|A0A7J6FCN6|A0A7J6FCN6_CANSA	P18483	43.3	201	275	768	6.26e-42	148	70.5	25.1
tr|A0A7J6FCN6|A0A7J6FCN6_CANSA	P25170	40.2	194	275	788	6.05e-39	139	69.8	23.9
tr|A0A7J6FCN6|A0A7J6FCN6_CANSA	P0CN86	40.1	197	275	752	6.73e-38	136	69.5	25.4
tr|A0A7J6FCN6|A0A7J6FCN6_CANSA	P0CN87	40.1	197	275	752	6.73e-38	136	69.5	25.4
tr|A0A7J6FCN6|A0A7J6FCN6_CANSA	P27710	39.6	197	275	752	3.16e-37	134	69.5	25.4
tr|A0A7J6FCN6|A0A7J6FCN6_CANSA	P00904	35.2	199	275	531	2.05e-33	122	71.3	35.8
tr|A0A7J6FCN6|A0A7J6FCN6_CANSA	P00905	34.2	199	275	531	3.56e-32	119	71.3	35.8
tr|A0A7J6FCN6|A0A7J6FCN6_CANSA	Q92411	36.3	201	275	768	5.15e-32	119	70.5	25.4
tr|A0A7J6FCW2|A0A7J6FCW2_CANSA	Q42440	60.9	253	296	275	1.92e-109	314	85.5	91.6
tr|A0A7J6FCW2|A0A7J6FCW2_CANSA	Q42527	60.9	253	296	275	1.92e-109	314	85.5	91.6
tr|A0A7J6FCW2|A0A7J6FCW2_CANSA	Q8LPI9	57.4	183	296	244	1.01e-68	209	61.8	74.6
tr|A0A7J6FCW2|A0A7J6FCW2_CANSA	Q822W4	38.0	200	296	206	1.02e-43	144	67.6	94.2
tr|A0A7J6FCW2|A0A7J6FCW2_CANSA	Q254S9	37.6	202	296	206	1.43e-43	143	68.2	95.1
tr|A0A7J6FCW2|A0A7J6FCW2_CANSA	Q9PK67	36.1	202	296	208	4.54e-34	119	68.2	94.7
tr|A0A7J6FCW2|A0A7J6FCW2_CANSA	B0B7P4	34.7	202	296	208	6.37e-34	118	68.2	94.7
tr|A0A7J6FCW2|A0A7J6FCW2_CANSA	B0BBV9	34.7	202	296	208	6.37e-34	118	68.2	94.7
tr|A0A7J6FCW2|A0A7J6FCW2_CANSA	O84331	34.2	202	296	208	3.46e-33	116	68.2	94.7
tr|A0A7J6FCW2|A0A7J6FCW2_CANSA	Q3KM33	34.2	202	296	208	3.46e-33	116	68.2	94.7
tr|A0A7J6FCW2|A0A7J6FCW2_CANSA	Q8ESU3	38.3	206	296	204	8.60e-33	115	68.6	95.6
tr|A0A7J6FCW2|A0A7J6FCW2_CANSA	P50857	36.2	213	296	217	6.46e-32	113	69.3	93.5
tr|A0A7J6FCW2|A0A7J6FCW2_CANSA	A5GES5	36.7	210	296	203	5.07e-30	108	67.6	95.6
tr|A0A7J6FCW2|A0A7J6FCW2_CANSA	B9M5M0	37.0	211	296	207	5.60e-30	108	69.6	96.6
tr|A0A7J6FCW2|A0A7J6FCW2_CANSA	Q3KF16	35.0	203	296	204	3.90e-29	105	68.2	96.6
tr|A0A7J6FCW2|A0A7J6FCW2_CANSA	A1ANJ2	34.5	200	296	209	4.41e-29	105	67.6	92.8
tr|A0A7J6FCW2|A0A7J6FCW2_CANSA	Q9RY28	34.9	209	296	208	6.01e-29	105	68.6	95.2
tr|A0A7J6FCW2|A0A7J6FCW2_CANSA	Q9HFW8	34.4	209	296	205	1.53e-28	104	67.9	95.6
tr|A0A7J6FCW2|A0A7J6FCW2_CANSA	Q0AGX6	34.6	211	296	208	1.64e-28	104	69.6	96.6
tr|A0A7J6FCW2|A0A7J6FCW2_CANSA	B9K6Z3	35.5	203	296	205	2.14e-28	103	67.6	95.6
tr|A0A7J6FCW2|A0A7J6FCW2_CANSA	Q9JVD1	35.0	203	296	208	8.75e-28	102	67.2	93.3
tr|A0A7J6FCW2|A0A7J6FCW2_CANSA	A9M342	34.5	200	296	208	1.22e-27	102	67.2	93.3
tr|A0A7J6FCW2|A0A7J6FCW2_CANSA	Q56320	34.8	204	296	205	4.32e-27	100	67.6	95.6
tr|A0A7J6FCW2|A0A7J6FCW2_CANSA	Q2S1Z4	33.6	211	296	221	4.49e-27	100	68.2	91.0
tr|A0A7J6FCW2|A0A7J6FCW2_CANSA	Q9K0C6	35.0	203	296	208	4.64e-27	100	67.2	93.3
tr|A0A7J6FCW2|A0A7J6FCW2_CANSA	A4VKF4	32.7	202	296	207	6.33e-27	100	68.2	95.2
tr|A0A7J6FCW2|A0A7J6FCW2_CANSA	Q5F9X5	33.5	200	296	208	6.48e-27	100	67.2	93.3
tr|A0A7J6FCW2|A0A7J6FCW2_CANSA	C6DYM2	33.3	204	296	204	8.23e-27	99.8	67.6	95.1
tr|A0A7J6FCW2|A0A7J6FCW2_CANSA	A5IKT2	34.0	203	296	205	8.43e-27	99.8	67.6	95.6
tr|A0A7J6FCW2|A0A7J6FCW2_CANSA	B1LA13	34.0	203	296	205	8.43e-27	99.8	67.6	95.6
tr|A0A7J6FCW2|A0A7J6FCW2_CANSA	C6C1D3	31.9	207	296	205	8.43e-27	99.8	68.9	97.6
tr|A0A7J6FCW2|A0A7J6FCW2_CANSA	B4RJU3	33.0	200	296	208	9.04e-27	99.8	67.2	93.3
tr|A0A7J6FCW2|A0A7J6FCW2_CANSA	B8J162	34.7	193	296	211	1.35e-26	99.4	63.9	88.2
tr|A0A7J6FCW2|A0A7J6FCW2_CANSA	B5EBV0	33.3	204	296	206	2.34e-26	98.6	67.6	94.2
tr|A0A7J6FCW2|A0A7J6FCW2_CANSA	Q4ZVW1	33.5	203	296	206	2.34e-26	98.6	68.2	95.6
tr|A0A7J6FCW2|A0A7J6FCW2_CANSA	Q3JCB9	31.7	208	296	206	3.27e-26	98.2	69.9	98.1
tr|A0A7J6FCW2|A0A7J6FCW2_CANSA	Q48L25	33.5	203	296	206	3.27e-26	98.2	68.2	95.6
tr|A0A7J6FCW2|A0A7J6FCW2_CANSA	Q4KEZ9	33.5	203	296	210	3.58e-26	98.2	68.2	93.8
tr|A0A7J6FCW2|A0A7J6FCW2_CANSA	O67853	34.0	200	296	204	4.35e-26	97.8	67.6	95.6
tr|A0A7J6FCW2|A0A7J6FCW2_CANSA	B7J4T0	31.8	201	296	205	4.45e-26	97.8	67.6	94.6
tr|A0A7J6FCW2|A0A7J6FCW2_CANSA	Q87YI1	33.5	203	296	206	4.56e-26	97.8	68.2	95.6
tr|A0A7J6FCW2|A0A7J6FCW2_CANSA	A1KSV1	33.0	200	296	208	4.77e-26	97.8	67.2	93.3
tr|A0A7J6FCW2|A0A7J6FCW2_CANSA	Q89WE6	30.5	210	296	223	4.80e-26	98.2	68.6	92.4
tr|A0A7J6FCW2|A0A7J6FCW2_CANSA	B7VBQ7	34.1	208	296	211	7.13e-26	97.4	68.6	93.8
tr|A0A7J6FCW2|A0A7J6FCW2_CANSA	Q0B004	35.2	213	296	204	8.46e-26	97.1	68.6	96.1
tr|A0A7J6FCW2|A0A7J6FCW2_CANSA	A6V2W1	33.7	208	296	211	9.94e-26	97.1	68.6	93.8
tr|A0A7J6FCW2|A0A7J6FCW2_CANSA	Q1QY43	34.6	217	296	211	9.94e-26	97.1	69.6	94.3
tr|A0A7J6FCW2|A0A7J6FCW2_CANSA	Q59649	34.1	208	296	211	9.94e-26	97.1	68.6	93.8
tr|A0A7J6FCW2|A0A7J6FCW2_CANSA	A1B8L1	33.2	211	296	215	1.09e-25	97.1	67.6	94.4
tr|A0A7J6FCW2|A0A7J6FCW2_CANSA	Q2RNS6	32.6	218	296	218	1.16e-25	97.1	68.9	96.8
tr|A0A7J6FCW2|A0A7J6FCW2_CANSA	B7IM75	35.3	215	296	204	1.18e-25	96.7	67.6	95.1
tr|A0A7J6FCW2|A0A7J6FCW2_CANSA	Q82WI3	33.6	214	296	211	1.38e-25	96.7	69.6	95.3
tr|A0A7J6FCW2|A0A7J6FCW2_CANSA	B5YKL4	33.8	213	296	217	1.58e-25	96.7	69.3	94.5
tr|A0A7J6FCW2|A0A7J6FCW2_CANSA	A8AW04	33.5	203	296	195	1.86e-25	95.9	68.6	96.4
tr|A0A7J6FCW2|A0A7J6FCW2_CANSA	Q02PS6	34.1	208	296	211	1.93e-25	96.3	68.6	93.8
tr|A0A7J6FCW2|A0A7J6FCW2_CANSA	Q1AU93	35.3	207	296	206	2.40e-25	95.9	68.2	97.1
tr|A0A7J6FCW2|A0A7J6FCW2_CANSA	Q0ATJ7	33.0	215	296	211	2.69e-25	95.9	69.6	98.6
tr|A0A7J6FCW2|A0A7J6FCW2_CANSA	P16923	31.6	212	296	213	2.81e-25	95.9	69.6	96.7
tr|A0A7J6FCW2|A0A7J6FCW2_CANSA	B3QMF2	34.0	209	296	221	3.35e-25	95.9	68.6	93.7
tr|A0A7J6FCW2|A0A7J6FCW2_CANSA	Q73BQ8	35.3	204	296	204	4.45e-25	95.1	67.6	95.1
tr|A0A7J6FCW2|A0A7J6FCW2_CANSA	A1U0X4	32.7	211	296	209	6.94e-25	94.7	69.9	96.7
tr|A0A7J6FCW2|A0A7J6FCW2_CANSA	P13997	32.5	212	296	210	9.89e-25	94.4	67.9	97.1
tr|A0A7J6FCW2|A0A7J6FCW2_CANSA	B1I3Z6	32.7	205	296	204	1.20e-24	94.0	67.9	95.6
tr|A0A7J6FCW2|A0A7J6FCW2_CANSA	Q9X4E3	32.4	219	296	212	1.44e-24	94.0	68.2	96.7
tr|A0A7J6FCW2|A0A7J6FCW2_CANSA	A0LA38	33.2	211	296	210	1.92e-24	93.6	68.6	93.8
tr|A0A7J6FCW2|A0A7J6FCW2_CANSA	A3PPV2	32.3	217	296	212	2.00e-24	93.6	67.6	95.8
tr|A0A7J6FCW2|A0A7J6FCW2_CANSA	B7I0F1	33.3	204	296	204	2.33e-24	93.2	67.6	95.1
tr|A0A7J6FCW2|A0A7J6FCW2_CANSA	B3E754	35.8	204	296	205	2.39e-24	93.2	67.6	95.1
tr|A0A7J6FCW2|A0A7J6FCW2_CANSA	A4YJI7	31.4	210	296	219	3.24e-24	93.2	68.6	94.1
tr|A0A7J6FCW2|A0A7J6FCW2_CANSA	Q6NDN7	31.8	214	296	213	3.96e-24	92.8	68.6	96.7
tr|A0A7J6FCW2|A0A7J6FCW2_CANSA	A0AJ81	34.3	207	296	202	4.32e-24	92.4	67.9	96.0
tr|A0A7J6FCW2|A0A7J6FCW2_CANSA	A9VJW1	34.6	217	296	204	4.52e-24	92.4	69.6	98.0
tr|A0A7J6FCW2|A0A7J6FCW2_CANSA	B9IU37	33.3	204	296	204	4.52e-24	92.4	67.6	95.1
tr|A0A7J6FCW2|A0A7J6FCW2_CANSA	B1J538	33.5	206	296	206	4.73e-24	92.4	68.2	95.6
tr|A0A7J6FCW2|A0A7J6FCW2_CANSA	Q5WX33	32.7	208	296	207	4.83e-24	92.4	69.9	97.6
tr|A0A7J6FCW2|A0A7J6FCW2_CANSA	B7HH00	33.8	204	296	204	6.29e-24	92.0	67.6	95.1
tr|A0A7J6FCW2|A0A7J6FCW2_CANSA	B2U6Z0	29.9	221	296	233	8.37e-24	92.4	69.9	93.1
tr|A0A7J6FCW2|A0A7J6FCW2_CANSA	Q81GG6	32.8	204	296	202	8.37e-24	91.7	67.6	96.0
tr|A0A7J6FCW2|A0A7J6FCW2_CANSA	Q8Y6Q5	33.2	205	296	202	8.37e-24	91.7	67.9	96.0
tr|A0A7J6FCW2|A0A7J6FCW2_CANSA	Q1ICS3	33.0	206	296	206	9.15e-24	91.7	68.2	95.6
tr|A0A7J6FCW2|A0A7J6FCW2_CANSA	A5IBF6	32.2	208	296	207	9.35e-24	91.7	69.9	97.6
tr|A0A7J6FCW2|A0A7J6FCW2_CANSA	Q5X5Q3	32.2	208	296	207	9.35e-24	91.7	69.9	97.6
tr|A0A7J6FCW2|A0A7J6FCW2_CANSA	P00912	31.0	213	296	224	9.67e-24	92.0	68.2	92.9
tr|A0A7J6FCW2|A0A7J6FCW2_CANSA	B3Q604	30.5	210	296	213	1.07e-23	91.7	68.6	96.7
tr|A0A7J6FCW2|A0A7J6FCW2_CANSA	A5E8A5	31.8	211	296	219	1.21e-23	91.7	68.6	94.1
tr|A0A7J6FCW2|A0A7J6FCW2_CANSA	A5W6Y0	32.5	206	296	206	1.27e-23	91.3	68.2	95.6
tr|A0A7J6FCW2|A0A7J6FCW2_CANSA	Q7NML1	30.3	208	296	222	1.29e-23	91.7	67.9	91.4
tr|A0A7J6FCW2|A0A7J6FCW2_CANSA	Q5ZVY5	32.2	208	296	207	1.30e-23	91.3	69.9	97.6
tr|A0A7J6FCW2|A0A7J6FCW2_CANSA	C3JZS5	32.5	203	296	210	1.39e-23	91.3	68.2	93.8
tr|A0A7J6FCW2|A0A7J6FCW2_CANSA	Q1CZH4	33.7	205	296	212	1.45e-23	91.3	68.2	94.3
tr|A0A7J6FCW2|A0A7J6FCW2_CANSA	Q88LE0	32.5	206	296	206	1.77e-23	90.9	68.2	95.6
tr|A0A7J6FCW2|A0A7J6FCW2_CANSA	B1XNB2	32.1	215	296	216	2.19e-23	90.9	68.6	94.4
tr|A0A7J6FCW2|A0A7J6FCW2_CANSA	B1XY47	30.6	209	296	220	2.39e-23	90.9	69.6	90.9
tr|A0A7J6FCW2|A0A7J6FCW2_CANSA	B3PFN8	33.7	205	296	215	2.99e-23	90.5	67.6	90.7
tr|A0A7J6FCW2|A0A7J6FCW2_CANSA	P27710	31.3	252	296	752	3.09e-23	94.7	70.3	32.7
tr|A0A7J6FCW2|A0A7J6FCW2_CANSA	A6VWY4	31.2	202	296	205	3.35e-23	90.1	67.9	95.6
tr|A0A7J6FCW2|A0A7J6FCW2_CANSA	Q2RIT8	33.2	205	296	223	3.53e-23	90.5	68.6	88.3
tr|A0A7J6FCW2|A0A7J6FCW2_CANSA	A8HQ40	30.0	210	296	228	3.90e-23	90.5	68.6	90.4
tr|A0A7J6FCW2|A0A7J6FCW2_CANSA	Q875I3	28.3	233	296	232	4.23e-23	90.5	67.9	97.4
tr|A0A7J6FCW2|A0A7J6FCW2_CANSA	B0KF94	32.5	206	296	206	6.61e-23	89.4	68.2	95.6
tr|A0A7J6FCW2|A0A7J6FCW2_CANSA	P24920	31.2	253	296	531	8.20e-23	93.2	69.3	46.7
tr|A0A7J6FCW2|A0A7J6FCW2_CANSA	A4J148	34.0	203	296	208	9.59e-23	89.0	68.6	93.8
tr|A0A7J6FCW2|A0A7J6FCW2_CANSA	B2J1L6	32.5	209	296	210	1.00e-22	89.0	68.6	97.1
tr|A0A7J6FCW2|A0A7J6FCW2_CANSA	P0CN86	31.0	252	296	752	1.03e-22	93.2	70.3	32.7
tr|A0A7J6FCW2|A0A7J6FCW2_CANSA	Q2Y7R3	30.8	214	296	208	1.33e-22	88.6	69.3	96.2
tr|A0A7J6FCW2|A0A7J6FCW2_CANSA	P0CN87	31.0	252	296	752	1.39e-22	92.8	70.3	32.7
tr|A0A7J6FCW2|A0A7J6FCW2_CANSA	B8DHB3	31.6	212	296	202	1.63e-22	88.2	67.9	96.0
tr|A0A7J6FCW2|A0A7J6FCW2_CANSA	Q11KK8	29.9	211	296	218	1.64e-22	88.6	68.6	94.5
tr|A0A7J6FCW2|A0A7J6FCW2_CANSA	B7JES9	33.5	206	296	204	1.70e-22	88.2	67.6	95.1
tr|A0A7J6FCW2|A0A7J6FCW2_CANSA	Q63EC8	33.5	206	296	204	1.70e-22	88.2	67.6	95.1
tr|A0A7J6FCW2|A0A7J6FCW2_CANSA	Q2JW90	34.3	204	296	226	1.93e-22	88.6	65.5	87.6
tr|A0A7J6FCW2|A0A7J6FCW2_CANSA	Q5XQP9	33.2	217	296	226	1.93e-22	88.6	68.2	92.0
tr|A0A7J6FCW2|A0A7J6FCW2_CANSA	A7NS83	32.2	214	296	212	2.01e-22	88.2	68.6	96.7
tr|A0A7J6FCW2|A0A7J6FCW2_CANSA	Q71Z39	32.2	205	296	202	2.26e-22	87.8	67.9	96.0
tr|A0A7J6FCW2|A0A7J6FCW2_CANSA	Q92B80	33.3	207	296	203	2.31e-22	87.8	67.9	95.6
tr|A0A7J6FCW2|A0A7J6FCW2_CANSA	Q3ZZ13	30.7	215	296	219	2.32e-22	88.2	68.2	94.1
tr|A0A7J6FCW2|A0A7J6FCW2_CANSA	C1DQD4	31.4	207	296	206	2.46e-22	87.8	68.2	95.6
tr|A0A7J6FCW2|A0A7J6FCW2_CANSA	Q8DVF4	30.8	208	296	193	2.58e-22	87.4	68.6	97.4
tr|A0A7J6FCW2|A0A7J6FCW2_CANSA	A5UYU9	32.4	210	296	213	2.85e-22	87.8	68.2	95.8
tr|A0A7J6FCW2|A0A7J6FCW2_CANSA	Q8XXX9	29.1	220	296	230	2.89e-22	88.2	69.9	93.0
tr|A0A7J6FCW2|A0A7J6FCW2_CANSA	Q2W020	32.9	216	296	215	2.97e-22	87.8	68.2	95.3
tr|A0A7J6FCW2|A0A7J6FCW2_CANSA	Q8TXZ9	34.4	215	296	216	3.03e-22	87.8	68.2	96.8
tr|A0A7J6FCW2|A0A7J6FCW2_CANSA	C1KVS6	32.5	206	296	202	3.14e-22	87.4	67.9	96.0
tr|A0A7J6FCW2|A0A7J6FCW2_CANSA	B0K8T5	29.9	204	296	203	3.20e-22	87.4	68.6	96.6
tr|A0A7J6FCW2|A0A7J6FCW2_CANSA	Q8R9M8	32.4	207	296	203	3.20e-22	87.4	68.6	96.6
tr|A0A7J6FCW2|A0A7J6FCW2_CANSA	Q3Z6G4	30.7	215	296	219	3.22e-22	87.8	68.2	94.1
tr|A0A7J6FCW2|A0A7J6FCW2_CANSA	A0RB63	33.5	206	296	204	3.27e-22	87.4	67.6	95.1
tr|A0A7J6FCW2|A0A7J6FCW2_CANSA	C1ELE9	33.5	206	296	204	3.27e-22	87.4	67.6	95.1
tr|A0A7J6FCW2|A0A7J6FCW2_CANSA	Q3SHL8	32.8	204	296	205	3.34e-22	87.4	67.9	95.6
tr|A0A7J6FCW2|A0A7J6FCW2_CANSA	B4SD44	31.1	209	296	215	4.12e-22	87.4	68.6	96.3
tr|A0A7J6FCW2|A0A7J6FCW2_CANSA	Q92370	31.5	238	296	759	4.63e-22	91.3	70.9	29.9
tr|A0A7J6FCW2|A0A7J6FCW2_CANSA	Q8KEH1	32.5	209	296	221	4.65e-22	87.4	68.6	93.7
tr|A0A7J6FCW2|A0A7J6FCW2_CANSA	Q47HQ6	31.9	204	296	208	4.95e-22	87.0	68.6	94.7
tr|A0A7J6FCW2|A0A7J6FCW2_CANSA	Q2LUD8	31.9	210	296	230	5.55e-22	87.4	68.6	86.1
tr|A0A7J6FCW2|A0A7J6FCW2_CANSA	Q8YLL0	34.6	188	296	217	5.95e-22	87.0	61.8	85.3
tr|A0A7J6FCW2|A0A7J6FCW2_CANSA	A1WY07	31.6	209	296	207	6.72e-22	86.7	69.9	97.1
tr|A0A7J6FCW2|A0A7J6FCW2_CANSA	Q8DGP3	29.2	216	296	230	7.69e-22	87.0	70.3	90.9
tr|A0A7J6FCW2|A0A7J6FCW2_CANSA	Q2JPT2	35.0	200	296	233	8.14e-22	87.0	62.8	82.4
tr|A0A7J6FCW2|A0A7J6FCW2_CANSA	B6JCP1	30.9	217	296	234	8.30e-22	87.0	68.6	88.0
tr|A0A7J6FCW2|A0A7J6FCW2_CANSA	Q39SQ9	33.7	205	296	202	8.39e-22	86.3	67.6	96.0
tr|A0A7J6FCW2|A0A7J6FCW2_CANSA	C3LAV9	33.5	206	296	204	8.76e-22	86.3	67.6	95.1
tr|A0A7J6FCW2|A0A7J6FCW2_CANSA	C3P3T9	33.5	206	296	204	8.76e-22	86.3	67.6	95.1
tr|A0A7J6FCW2|A0A7J6FCW2_CANSA	Q6HLU5	33.5	206	296	204	8.76e-22	86.3	67.6	95.1
tr|A0A7J6FCW2|A0A7J6FCW2_CANSA	Q81TL9	33.5	206	296	204	8.76e-22	86.3	67.6	95.1
tr|A0A7J6FCW2|A0A7J6FCW2_CANSA	B6IVY6	29.8	208	296	214	1.08e-21	86.3	67.6	95.3
tr|A0A7J6FCW2|A0A7J6FCW2_CANSA	B1WT19	31.5	213	296	210	1.38e-21	85.9	67.6	95.7
tr|A0A7J6FCW2|A0A7J6FCW2_CANSA	A7Z617	34.0	197	296	217	1.59e-21	85.9	62.8	87.1
tr|A0A7J6FCW2|A0A7J6FCW2_CANSA	B8FA39	31.5	203	296	218	1.62e-21	85.9	67.6	90.4
tr|A0A7J6FCW2|A0A7J6FCW2_CANSA	B0K2U0	30.1	209	296	203	1.65e-21	85.5	68.6	96.6
tr|A0A7J6FCW2|A0A7J6FCW2_CANSA	Q2KYM1	29.0	214	296	219	2.29e-21	85.5	69.6	95.4
tr|A0A7J6FCW2|A0A7J6FCW2_CANSA	B0JNJ4	31.6	215	296	212	2.76e-21	85.1	68.6	96.2
tr|A0A7J6FCW2|A0A7J6FCW2_CANSA	A4IQ83	33.7	205	296	221	3.29e-21	85.1	66.2	89.6
tr|A0A7J6FCW2|A0A7J6FCW2_CANSA	A0B9D8	29.1	213	296	208	3.52e-21	84.7	69.6	98.1
tr|A0A7J6FCW2|A0A7J6FCW2_CANSA	A4G4G1	29.5	217	296	227	3.70e-21	85.1	69.9	93.4
tr|A0A7J6FCW2|A0A7J6FCW2_CANSA	Q21CB8	29.0	210	296	218	4.30e-21	84.7	68.6	94.5
tr|A0A7J6FCW2|A0A7J6FCW2_CANSA	Q04RT3	31.8	211	296	216	5.73e-21	84.3	69.3	94.4
tr|A0A7J6FCW2|A0A7J6FCW2_CANSA	Q051T8	31.8	211	296	216	5.73e-21	84.3	69.3	94.4
tr|A0A7J6FCW2|A0A7J6FCW2_CANSA	Q9PDK5	30.0	207	296	220	6.20e-21	84.3	69.6	91.8
tr|A0A7J6FCW2|A0A7J6FCW2_CANSA	P43073	29.8	228	296	226	6.95e-21	84.3	67.9	95.6
tr|A0A7J6FCW2|A0A7J6FCW2_CANSA	Q07UH2	28.2	213	296	218	8.25e-21	84.0	68.2	94.0
tr|A0A7J6FCW2|A0A7J6FCW2_CANSA	Q74AH7	34.6	205	296	203	8.46e-21	83.6	67.6	95.6
tr|A0A7J6FCW2|A0A7J6FCW2_CANSA	Q3SWL7	29.9	214	296	225	1.30e-20	83.6	68.6	91.6
tr|A0A7J6FCW2|A0A7J6FCW2_CANSA	B7JUH3	31.3	211	296	215	1.49e-20	83.2	68.6	94.9
tr|A0A7J6FCW2|A0A7J6FCW2_CANSA	P17218	31.8	201	296	199	1.50e-20	82.8	67.9	92.5
tr|A0A7J6FCW2|A0A7J6FCW2_CANSA	Q8Z7D9	33.5	200	296	452	1.53e-20	86.3	66.9	41.8
tr|A0A7J6FCW2|A0A7J6FCW2_CANSA	A7I4T5	32.8	204	296	195	1.91e-20	82.4	68.2	94.9
tr|A0A7J6FCW2|A0A7J6FCW2_CANSA	P20167	32.7	196	296	215	2.06e-20	82.8	62.8	87.0
tr|A0A7J6FCW2|A0A7J6FCW2_CANSA	A9IRJ9	29.7	212	296	220	2.27e-20	82.8	69.6	95.0
tr|A0A7J6FCW2|A0A7J6FCW2_CANSA	B3W6W7	31.3	201	296	199	2.87e-20	82.0	67.9	92.5
tr|A0A7J6FCW2|A0A7J6FCW2_CANSA	B8FVH4	29.2	243	296	237	3.10e-20	82.8	68.6	96.2
tr|A0A7J6FCW2|A0A7J6FCW2_CANSA	B0U6K5	30.0	207	296	220	3.14e-20	82.4	69.6	91.8
tr|A0A7J6FCW2|A0A7J6FCW2_CANSA	B2I9J1	30.0	207	296	220	3.14e-20	82.4	69.6	91.8
tr|A0A7J6FCW2|A0A7J6FCW2_CANSA	Q87DS0	30.0	207	296	220	3.14e-20	82.4	69.6	91.8
tr|A0A7J6FCW2|A0A7J6FCW2_CANSA	Q97EF4	29.9	204	296	205	3.24e-20	82.0	67.6	95.1
tr|A0A7J6FCW2|A0A7J6FCW2_CANSA	P00910	32.2	202	296	452	5.15e-20	84.7	66.9	41.8
tr|A0A7J6FCW2|A0A7J6FCW2_CANSA	Q02002	29.4	214	296	351	5.26e-20	84.0	70.6	55.0
tr|A0A7J6FCW2|A0A7J6FCW2_CANSA	B2IKV4	28.0	211	296	222	6.23e-20	81.6	68.6	92.8
tr|A0A7J6FCW2|A0A7J6FCW2_CANSA	Q0BQI7	31.1	225	296	209	6.72e-20	81.3	68.6	96.7
tr|A0A7J6FCW2|A0A7J6FCW2_CANSA	P20409	30.2	248	296	765	7.54e-20	84.7	67.6	31.9
tr|A0A7J6FCW2|A0A7J6FCW2_CANSA	A1BEZ1	29.7	209	296	215	7.55e-20	81.3	68.6	96.3
tr|A0A7J6FCW2|A0A7J6FCW2_CANSA	Q28LA8	29.0	214	296	215	7.55e-20	81.3	68.6	96.3
tr|A0A7J6FCW2|A0A7J6FCW2_CANSA	A4SF78	32.2	211	296	217	7.84e-20	81.3	68.9	96.3
tr|A0A7J6FCW2|A0A7J6FCW2_CANSA	P74435	32.3	198	296	218	7.99e-20	81.3	61.8	85.8
tr|A0A7J6FCW2|A0A7J6FCW2_CANSA	A9BHQ4	33.2	187	296	207	8.94e-20	80.9	61.8	86.5
tr|A0A7J6FCW2|A0A7J6FCW2_CANSA	Q13EQ3	31.3	211	296	218	2.11e-19	80.1	68.6	94.5
tr|A0A7J6FCW2|A0A7J6FCW2_CANSA	Q1QS32	29.7	212	296	225	2.40e-19	80.1	68.6	91.6
tr|A0A7J6FCW2|A0A7J6FCW2_CANSA	Q72RH2	31.0	210	296	213	2.65e-19	79.7	68.6	93.4
tr|A0A7J6FCW2|A0A7J6FCW2_CANSA	Q8F495	31.0	210	296	213	2.65e-19	79.7	68.6	93.4
tr|A0A7J6FCW2|A0A7J6FCW2_CANSA	Q01128	30.3	231	296	232	2.71e-19	80.1	68.2	93.1
tr|A0A7J6FCW2|A0A7J6FCW2_CANSA	Q2J2G3	31.8	211	296	218	2.91e-19	79.7	68.6	94.5
tr|A0A7J6FCW2|A0A7J6FCW2_CANSA	Q3MA33	31.7	189	296	210	3.46e-19	79.3	61.8	88.1
tr|A0A7J6FCW2|A0A7J6FCW2_CANSA	Q03CY2	30.3	201	296	199	3.86e-19	79.0	67.9	92.5
tr|A0A7J6FCW2|A0A7J6FCW2_CANSA	Q5WGS2	31.1	190	296	217	3.95e-19	79.3	61.8	86.2
tr|A0A7J6FCW2|A0A7J6FCW2_CANSA	Q7VY68	29.2	216	296	218	4.02e-19	79.3	69.9	97.7
tr|A0A7J6FCW2|A0A7J6FCW2_CANSA	B7KC08	32.8	195	296	220	4.17e-19	79.3	61.8	84.1
tr|A0A7J6FCW2|A0A7J6FCW2_CANSA	A2SHS5	28.7	209	296	213	5.06e-19	79.0	69.6	93.9
tr|A0A7J6FCW2|A0A7J6FCW2_CANSA	Q01NI7	30.5	203	296	199	5.34e-19	78.6	68.6	96.0
tr|A0A7J6FCW2|A0A7J6FCW2_CANSA	Q31R79	30.0	210	296	217	5.45e-19	79.0	68.6	94.9
tr|A0A7J6FCW2|A0A7J6FCW2_CANSA	Q5N322	30.0	210	296	217	5.45e-19	79.0	68.6	94.9
tr|A0A7J6FCW2|A0A7J6FCW2_CANSA	P25170	29.1	275	296	788	6.15e-19	82.0	70.3	34.3
tr|A0A7J6FCW2|A0A7J6FCW2_CANSA	Q1GK79	31.0	216	296	215	7.25e-19	78.6	68.2	95.8
tr|A0A7J6FCW2|A0A7J6FCW2_CANSA	B0CA72	30.0	220	296	217	7.52e-19	78.6	68.6	96.8
tr|A0A7J6FCW2|A0A7J6FCW2_CANSA	Q7WKG8	28.7	216	296	218	7.66e-19	78.6	69.9	97.7
tr|A0A7J6FCW2|A0A7J6FCW2_CANSA	B4S715	30.3	211	296	222	8.23e-19	78.6	68.6	93.2
tr|A0A7J6FCW2|A0A7J6FCW2_CANSA	B3EKM6	29.2	209	296	217	1.04e-18	78.2	68.6	95.4
tr|A0A7J6FCW2|A0A7J6FCW2_CANSA	Q7W923	29.2	216	296	218	1.06e-18	78.2	69.9	97.7
tr|A0A7J6FCW2|A0A7J6FCW2_CANSA	Q67PJ5	29.7	219	296	222	1.13e-18	78.2	68.2	96.4
tr|A0A7J6FCW2|A0A7J6FCW2_CANSA	A7HPD4	28.4	218	296	215	1.38e-18	77.8	68.2	96.3
tr|A0A7J6FCW2|A0A7J6FCW2_CANSA	Q24SK5	27.7	231	296	237	1.46e-18	78.2	68.6	96.2
tr|A0A7J6FCW2|A0A7J6FCW2_CANSA	Q8ZEG8	32.4	210	296	475	1.52e-18	80.5	68.2	40.4
tr|A0A7J6FCW2|A0A7J6FCW2_CANSA	B1GZC1	29.3	188	296	200	1.98e-18	77.0	62.5	89.0
tr|A0A7J6FCW2|A0A7J6FCW2_CANSA	Q3IQ37	30.3	208	296	208	2.31e-18	77.0	69.6	98.1
tr|A0A7J6FCW2|A0A7J6FCW2_CANSA	Q88WI1	27.6	185	296	208	2.31e-18	77.0	61.8	82.2
tr|A0A7J6FCW2|A0A7J6FCW2_CANSA	P46451	32.5	209	296	477	2.77e-18	79.7	68.2	41.9
tr|A0A7J6FCW2|A0A7J6FCW2_CANSA	Q757J9	31.3	208	296	210	3.31e-18	76.6	67.9	96.2
tr|A0A7J6FCW2|A0A7J6FCW2_CANSA	A5N7N9	31.4	204	296	199	3.71e-18	76.3	68.6	96.5
tr|A0A7J6FCW2|A0A7J6FCW2_CANSA	B9E150	31.4	204	296	199	3.71e-18	76.3	68.6	96.5
tr|A0A7J6FCW2|A0A7J6FCW2_CANSA	Q3AQC1	29.9	211	296	217	3.75e-18	76.6	69.3	96.3
tr|A0A7J6FCW2|A0A7J6FCW2_CANSA	B2V7Q4	29.7	209	296	203	4.00e-18	76.3	68.9	98.0
tr|A0A7J6FCW2|A0A7J6FCW2_CANSA	Q0VPI8	31.1	219	296	218	5.26e-18	76.3	69.3	95.0
tr|A0A7J6FCW2|A0A7J6FCW2_CANSA	P70938	29.3	191	296	208	6.06e-18	75.9	62.2	89.9
tr|A0A7J6FCW2|A0A7J6FCW2_CANSA	Q8X7B7	32.3	201	296	453	6.44e-18	78.6	66.9	41.7
tr|A0A7J6FCW2|A0A7J6FCW2_CANSA	Q8PRX4	30.7	215	296	226	8.31e-18	75.9	67.9	92.0
tr|A0A7J6FCW2|A0A7J6FCW2_CANSA	P42393	31.2	199	296	451	8.64e-18	78.2	66.2	41.2
tr|A0A7J6FCW2|A0A7J6FCW2_CANSA	O68427	33.5	203	296	453	8.69e-18	78.2	66.6	41.3
tr|A0A7J6FCW2|A0A7J6FCW2_CANSA	B0R621	30.4	214	296	218	9.98e-18	75.5	67.6	93.1
tr|A0A7J6FCW2|A0A7J6FCW2_CANSA	Q9HPG4	30.4	214	296	218	9.98e-18	75.5	67.6	93.1
tr|A0A7J6FCW2|A0A7J6FCW2_CANSA	Q1MND7	27.3	216	296	222	1.07e-17	75.5	69.9	94.6
tr|A0A7J6FCW2|A0A7J6FCW2_CANSA	P00909	31.8	201	296	453	1.17e-17	77.8	66.9	41.7
tr|A0A7J6FCW2|A0A7J6FCW2_CANSA	Q2SJD2	27.7	213	296	213	1.26e-17	75.1	70.6	95.8
tr|A0A7J6FCW2|A0A7J6FCW2_CANSA	Q3B533	29.5	210	296	217	1.35e-17	75.1	68.6	95.9
tr|A0A7J6FCW2|A0A7J6FCW2_CANSA	A9M9U3	26.9	212	296	222	1.47e-17	75.1	68.6	92.8
tr|A0A7J6FCW2|A0A7J6FCW2_CANSA	B0CJK9	26.9	212	296	222	1.47e-17	75.1	68.6	92.8
tr|A0A7J6FCW2|A0A7J6FCW2_CANSA	B2S9A6	26.9	212	296	222	1.47e-17	75.1	68.6	92.8
tr|A0A7J6FCW2|A0A7J6FCW2_CANSA	C0RFZ5	26.9	212	296	222	1.47e-17	75.1	68.6	92.8
tr|A0A7J6FCW2|A0A7J6FCW2_CANSA	P67003	26.9	212	296	222	1.47e-17	75.1	68.6	92.8
tr|A0A7J6FCW2|A0A7J6FCW2_CANSA	P67004	26.9	212	296	222	1.47e-17	75.1	68.6	92.8
tr|A0A7J6FCW2|A0A7J6FCW2_CANSA	Q2YQW4	26.9	212	296	222	1.47e-17	75.1	68.6	92.8
tr|A0A7J6FCW2|A0A7J6FCW2_CANSA	Q57AE9	26.9	212	296	222	1.47e-17	75.1	68.6	92.8
tr|A0A7J6FCW2|A0A7J6FCW2_CANSA	A6UEI0	29.9	211	296	215	1.80e-17	74.7	68.6	95.8
tr|A0A7J6FCW2|A0A7J6FCW2_CANSA	Q8UJB1	26.1	218	296	220	1.96e-17	74.7	69.9	95.5
tr|A0A7J6FCW2|A0A7J6FCW2_CANSA	A6Q1S6	34.2	202	296	196	2.41e-17	73.9	67.6	95.9
tr|A0A7J6FCW2|A0A7J6FCW2_CANSA	P52563	29.8	205	296	221	2.74e-17	74.3	68.2	91.4
tr|A0A7J6FCW2|A0A7J6FCW2_CANSA	B3QS44	29.7	195	296	219	3.64e-17	73.9	63.5	87.7
tr|A0A7J6FCW2|A0A7J6FCW2_CANSA	Q3BRL1	29.2	216	296	222	5.26e-17	73.6	69.6	93.2
tr|A0A7J6FCW2|A0A7J6FCW2_CANSA	Q8PJ26	29.2	216	296	222	5.26e-17	73.6	69.6	93.2
tr|A0A7J6FCW2|A0A7J6FCW2_CANSA	Q44603	33.2	193	296	461	5.32e-17	75.9	63.5	39.3
tr|A0A7J6FCW2|A0A7J6FCW2_CANSA	Q98CN8	26.6	214	296	219	6.88e-17	73.2	68.6	94.1
tr|A0A7J6FCW2|A0A7J6FCW2_CANSA	P00908	31.0	239	296	762	7.06e-17	75.9	68.6	29.8
tr|A0A7J6FCW2|A0A7J6FCW2_CANSA	P06531	31.6	250	296	768	9.52e-17	75.5	70.6	31.0
tr|A0A7J6FCW2|A0A7J6FCW2_CANSA	Q92TD0	28.4	211	296	215	1.22e-16	72.4	68.6	95.8
tr|A0A7J6FCW2|A0A7J6FCW2_CANSA	O28671	30.0	207	296	199	1.26e-16	72.0	67.9	95.5
tr|A0A7J6FCW2|A0A7J6FCW2_CANSA	Q0BWJ4	29.5	217	296	211	2.15e-16	71.6	68.2	95.3
tr|A0A7J6FCW2|A0A7J6FCW2_CANSA	B9LQ97	27.9	204	296	214	2.26e-16	71.6	67.6	93.9
tr|A0A7J6FCW2|A0A7J6FCW2_CANSA	B9JXV5	27.9	215	296	224	2.65e-16	71.6	70.3	94.2
tr|A0A7J6FCW2|A0A7J6FCW2_CANSA	C3MB98	27.3	220	296	224	2.65e-16	71.6	68.6	92.0
tr|A0A7J6FCW2|A0A7J6FCW2_CANSA	B0RR82	28.7	216	296	222	3.53e-16	71.2	69.6	93.2
tr|A0A7J6FCW2|A0A7J6FCW2_CANSA	B5ZV69	26.9	216	296	222	3.53e-16	71.2	69.9	94.6
tr|A0A7J6FCW2|A0A7J6FCW2_CANSA	Q4UWD4	28.7	216	296	222	3.53e-16	71.2	69.6	93.2
tr|A0A7J6FCW2|A0A7J6FCW2_CANSA	Q8P7R6	28.7	216	296	222	3.53e-16	71.2	69.6	93.2
tr|A0A7J6FCW2|A0A7J6FCW2_CANSA	A5FZ94	30.9	217	296	205	3.66e-16	70.9	67.9	96.1
tr|A0A7J6FCW2|A0A7J6FCW2_CANSA	Q8TLP6	31.0	232	296	238	4.49e-16	71.2	70.3	93.7
tr|A0A7J6FCW2|A0A7J6FCW2_CANSA	B2SVN9	28.7	216	296	222	4.84e-16	70.9	69.6	93.2
tr|A0A7J6FCW2|A0A7J6FCW2_CANSA	B9JG42	25.8	217	296	222	4.84e-16	70.9	70.6	95.5
tr|A0A7J6FCW2|A0A7J6FCW2_CANSA	Q2P0U0	28.7	216	296	222	4.84e-16	70.9	69.6	93.2
tr|A0A7J6FCW2|A0A7J6FCW2_CANSA	Q5GXR3	28.7	216	296	222	4.84e-16	70.9	69.6	93.2
tr|A0A7J6FCW2|A0A7J6FCW2_CANSA	Q57893	29.5	220	296	226	5.15e-16	70.9	68.6	95.6
tr|A0A7J6FCW2|A0A7J6FCW2_CANSA	A9KL42	29.5	217	296	218	6.23e-16	70.5	67.9	95.4
tr|A0A7J6FCW2|A0A7J6FCW2_CANSA	Q5HPH1	27.5	189	296	207	7.15e-16	70.1	62.2	88.9
tr|A0A7J6FCW2|A0A7J6FCW2_CANSA	Q8CSN5	27.5	189	296	207	7.15e-16	70.1	62.2	88.9
tr|A0A7J6FCW2|A0A7J6FCW2_CANSA	P57366	29.2	202	296	453	7.62e-16	72.4	68.2	42.4
tr|A0A7J6FCW2|A0A7J6FCW2_CANSA	A6LU95	27.9	215	296	229	1.39e-15	69.7	67.2	91.7
tr|A0A7J6FCW2|A0A7J6FCW2_CANSA	A3DDS6	31.8	214	296	218	2.20e-15	68.9	67.6	93.1
tr|A0A7J6FCW2|A0A7J6FCW2_CANSA	Q5HWC0	29.7	172	296	199	2.22e-15	68.6	57.1	81.4
tr|A0A7J6FCW2|A0A7J6FCW2_CANSA	Q9PIF3	29.7	172	296	199	2.22e-15	68.6	57.1	81.4
tr|A0A7J6FCW2|A0A7J6FCW2_CANSA	Q9YGB1	29.6	216	296	208	2.58e-15	68.6	68.6	96.6
tr|A0A7J6FCW2|A0A7J6FCW2_CANSA	Q8PT98	29.3	232	296	234	2.79e-15	68.9	70.9	96.6
tr|A0A7J6FCW2|A0A7J6FCW2_CANSA	Q8U092	30.0	217	296	208	3.53e-15	68.2	67.6	95.2
tr|A0A7J6FCW2|A0A7J6FCW2_CANSA	A6UW24	26.7	210	296	210	3.65e-15	68.2	67.6	95.2
tr|A0A7J6FCW2|A0A7J6FCW2_CANSA	A6QC86	30.7	205	296	196	3.96e-15	67.8	67.6	95.9
tr|A0A7J6FCW2|A0A7J6FCW2_CANSA	A8FKD6	29.7	172	296	199	4.17e-15	67.8	57.1	81.4
tr|A0A7J6FCW2|A0A7J6FCW2_CANSA	P18483	30.2	255	296	768	4.43e-15	70.5	72.0	31.5
tr|A0A7J6FCW2|A0A7J6FCW2_CANSA	A6L7N0	28.2	209	296	205	4.61e-15	67.8	68.9	97.1
tr|A0A7J6FCW2|A0A7J6FCW2_CANSA	Q0W628	29.5	220	296	213	5.24e-15	67.8	68.6	96.7
tr|A0A7J6FCW2|A0A7J6FCW2_CANSA	Q5V212	29.9	204	296	214	7.29e-15	67.4	67.6	93.5
tr|A0A7J6FCW2|A0A7J6FCW2_CANSA	B3PVV1	26.0	215	296	222	8.22e-15	67.4	69.9	94.6
tr|A0A7J6FCW2|A0A7J6FCW2_CANSA	Q2KE83	25.9	216	296	222	8.22e-15	67.4	69.9	94.6
tr|A0A7J6FCW2|A0A7J6FCW2_CANSA	B2FNZ5	28.8	212	296	218	1.06e-14	67.0	69.6	93.1
tr|A0A7J6FCW2|A0A7J6FCW2_CANSA	B4SQV5	28.8	212	296	218	1.06e-14	67.0	69.6	93.1
tr|A0A7J6FCW2|A0A7J6FCW2_CANSA	C0ZCE4	29.1	213	296	222	1.12e-14	67.0	68.6	92.3
tr|A0A7J6FCW2|A0A7J6FCW2_CANSA	P05328	30.5	256	296	770	2.59e-14	68.2	72.3	31.6
tr|A0A7J6FCW2|A0A7J6FCW2_CANSA	Q4L678	27.8	216	296	208	4.37e-14	65.1	68.9	97.6
tr|A0A7J6FCW2|A0A7J6FCW2_CANSA	Q9V1G7	29.5	193	296	208	4.37e-14	65.1	61.8	88.0
tr|A0A7J6FCW2|A0A7J6FCW2_CANSA	A6L9J9	25.6	223	296	221	5.28e-14	65.1	68.9	92.8
tr|A0A7J6FCW2|A0A7J6FCW2_CANSA	Q2N9N2	26.9	208	296	209	1.13e-13	63.9	68.6	97.1
tr|A0A7J6FCW2|A0A7J6FCW2_CANSA	P22098	30.5	210	296	481	1.21e-13	65.9	68.2	40.3
tr|A0A7J6FCW2|A0A7J6FCW2_CANSA	Q10XS2	26.5	230	296	230	1.51e-13	63.9	68.6	96.1
tr|A0A7J6FCW2|A0A7J6FCW2_CANSA	Q9KST5	31.2	202	296	469	5.16e-13	63.9	65.9	39.9
tr|A0A7J6FCW2|A0A7J6FCW2_CANSA	A4FXH5	26.9	208	296	208	7.22e-13	61.6	67.2	94.7
tr|A0A7J6FCW2|A0A7J6FCW2_CANSA	A9AAU4	26.2	214	296	211	1.03e-12	61.2	69.3	96.2
tr|A0A7J6FCW2|A0A7J6FCW2_CANSA	Q6LYI7	25.7	214	296	211	1.03e-12	61.2	69.3	96.2
tr|A0A7J6FCW2|A0A7J6FCW2_CANSA	Q979V6	29.4	204	296	195	1.33e-11	57.8	68.6	94.9
tr|A0A7J6FCW2|A0A7J6FCW2_CANSA	A6UP16	26.2	191	296	208	5.39e-11	56.2	61.8	88.0
tr|A0A7J6FCW2|A0A7J6FCW2_CANSA	A6VFU0	25.1	207	296	208	5.39e-11	56.2	67.2	94.7
tr|A0A7J6FCW2|A0A7J6FCW2_CANSA	Q92411	27.6	243	296	768	9.07e-11	57.4	68.9	30.1
tr|A0A7J6FCW2|A0A7J6FCW2_CANSA	P24773	28.4	222	296	752	1.20e-10	57.0	62.5	28.2
tr|A0A7J6FCW2|A0A7J6FCW2_CANSA	P06560	27.4	190	296	474	1.80e-08	50.1	61.5	38.2
tr|A0A7J6FCW2|A0A7J6FCW2_CANSA	O27695	28.0	211	296	241	4.32e-07	45.1	66.2	85.1
tr|A0A7J6FI93|A0A7J6FI93_CANSA	P51635	34.7	288	310	325	1.69e-58	186	88.4	88.0
tr|A0A7J6FI93|A0A7J6FI93_CANSA	Q9JII6	34.7	288	310	325	3.36e-58	185	88.4	88.0
tr|A0A7J6FI93|A0A7J6FI93_CANSA	P50578	34.0	282	310	325	5.76e-56	179	86.5	86.2
tr|A0A7J6FI93|A0A7J6FI93_CANSA	Q3ZCJ2	33.7	282	310	325	1.61e-55	178	86.5	86.2
tr|A0A7J6FI93|A0A7J6FI93_CANSA	O70473	34.0	288	310	324	2.21e-55	178	88.4	88.3
tr|A0A7J6FI93|A0A7J6FI93_CANSA	Q5R5D5	33.7	282	310	325	4.49e-55	177	86.5	86.2
tr|A0A7J6FI93|A0A7J6FI93_CANSA	P14550	33.0	288	310	325	6.33e-55	177	88.4	88.0
tr|A0A7J6FV55|A0A7J6FV55_CANSA	A0A0C5PRW9	39.3	84	134	445	2.14e-13	60.8	61.2	18.7
tr|A0A7J6FV55|A0A7J6FV55_CANSA	A4FV48	31.0	100	134	444	2.22e-11	55.1	73.9	19.8
tr|A0A7J6FV55|A0A7J6FV55_CANSA	B2KKL4	41.4	58	134	443	3.02e-11	54.7	43.3	13.1
tr|A0A7J6FV55|A0A7J6FV55_CANSA	B8R1K0	42.3	52	134	444	7.63e-11	53.5	38.8	11.7
tr|A0A7J6FV55|A0A7J6FV55_CANSA	Q4R749	42.3	52	134	444	7.63e-11	53.5	38.8	11.7
tr|A0A7J6FV55|A0A7J6FV55_CANSA	Q9Z0R9	44.2	52	134	444	7.63e-11	53.5	38.8	11.7
tr|A0A7J6FV55|A0A7J6FV55_CANSA	Q9Z122	44.2	52	134	444	7.63e-11	53.5	38.8	11.7
tr|A0A7J6FV55|A0A7J6FV55_CANSA	O95864	42.3	52	134	444	1.42e-10	52.8	38.8	11.7
tr|A0A7J6FV55|A0A7J6FV55_CANSA	Q5REA7	42.3	52	134	444	1.42e-10	52.8	38.8	11.7
tr|A0A7J6FV55|A0A7J6FV55_CANSA	Q9DEX7	31.2	77	134	444	2.28e-09	49.3	56.7	17.3
tr|A0A7J6FX79|A0A7J6FX79_CANSA	P50578	42.3	300	313	325	5.46e-79	239	94.9	89.8
tr|A0A7J6FX79|A0A7J6FX79_CANSA	P51635	41.2	301	313	325	2.79e-76	232	95.2	90.2
tr|A0A7J6FX79|A0A7J6FX79_CANSA	Q3ZCJ2	42.3	300	313	325	3.94e-76	231	94.9	89.8
tr|A0A7J6FX79|A0A7J6FX79_CANSA	Q9JII6	40.9	301	313	325	7.88e-76	231	95.2	90.2
tr|A0A7J6FX79|A0A7J6FX79_CANSA	O70473	41.0	300	313	324	8.62e-75	228	94.9	90.1
tr|A0A7J6FX79|A0A7J6FX79_CANSA	P14550	40.7	300	313	325	2.51e-74	227	94.9	89.8
tr|A0A7J6FX79|A0A7J6FX79_CANSA	Q5R5D5	40.7	300	313	325	7.08e-74	226	94.9	89.8
tr|A0A7J6FZF7|A0A7J6FZF7_CANSA	P20586	23.1	337	639	394	1.78e-06	45.4	49.1	78.9
tr|A0A7J6FZF7|A0A7J6FZF7_CANSA	P00438	23.1	337	639	394	3.10e-06	44.7	49.1	78.9
tr|A0A7J6FZW3|A0A7J6FZW3_CANSA	P50578	34.4	326	332	325	1.30e-57	184	97.6	89.8
tr|A0A7J6FZW3|A0A7J6FZW3_CANSA	Q3ZCJ2	34.0	326	332	325	2.01e-56	181	97.6	89.8
tr|A0A7J6FZW3|A0A7J6FZW3_CANSA	O70473	33.7	326	332	324	5.96e-55	177	97.6	90.1
tr|A0A7J6FZW3|A0A7J6FZW3_CANSA	P51635	33.0	327	332	325	6.12e-55	177	97.9	90.2
tr|A0A7J6FZW3|A0A7J6FZW3_CANSA	Q9JII6	32.7	327	332	325	3.38e-54	176	97.9	90.2
tr|A0A7J6FZW3|A0A7J6FZW3_CANSA	P14550	34.1	328	332	325	6.69e-54	175	97.6	89.8
tr|A0A7J6FZW3|A0A7J6FZW3_CANSA	Q5R5D5	34.5	328	332	325	6.69e-54	175	97.6	89.8
tr|A0A7J6G094|A0A7J6G094_CANSA	Q08654	29.6	108	259	589	5.89e-06	42.0	40.2	17.1
tr|A0A7J6G6U3|A0A7J6G6U3_CANSA	P38286	25.6	207	635	347	3.29e-10	57.0	29.9	58.2
tr|A0A7J6GAI5|A0A7J6GAI5_CANSA	P50578	40.4	317	1044	325	3.04e-69	229	30.1	90.2
tr|A0A7J6GAI5|A0A7J6GAI5_CANSA	P51635	41.0	312	1044	325	5.74e-69	229	29.7	88.9
tr|A0A7J6GAI5|A0A7J6GAI5_CANSA	O70473	39.5	329	1044	324	1.05e-68	228	30.7	94.4
tr|A0A7J6GAI5|A0A7J6GAI5_CANSA	Q3ZCJ2	40.7	317	1044	325	1.08e-68	228	30.1	90.2
tr|A0A7J6GAI5|A0A7J6GAI5_CANSA	P14550	41.3	312	1044	325	3.86e-68	226	29.7	88.9
tr|A0A7J6GAI5|A0A7J6GAI5_CANSA	Q5R5D5	41.3	312	1044	325	2.59e-67	224	29.7	88.9
tr|A0A7J6GAI5|A0A7J6GAI5_CANSA	Q9JII6	40.6	313	1044	325	9.18e-67	223	29.7	88.9
tr|A0A7J6GDR1|A0A7J6GDR1_CANSA	Q08654	29.6	108	257	589	2.44e-06	43.1	40.5	17.1
tr|A0A7J6GNJ4|A0A7J6GNJ4_CANSA	B8R1K0	36.5	52	135	444	2.70e-10	52.0	38.5	11.7
tr|A0A7J6GNJ4|A0A7J6GNJ4_CANSA	Q4R749	36.5	52	135	444	2.70e-10	52.0	38.5	11.7
tr|A0A7J6GNJ4|A0A7J6GNJ4_CANSA	Q9Z0R9	40.0	50	135	444	2.70e-10	52.0	37.0	11.3
tr|A0A7J6GNJ4|A0A7J6GNJ4_CANSA	Q9Z122	40.0	50	135	444	2.70e-10	52.0	37.0	11.3
tr|A0A7J6GNJ4|A0A7J6GNJ4_CANSA	A4FV48	31.9	72	135	444	5.00e-10	51.2	52.6	16.2
tr|A0A7J6GNJ4|A0A7J6GNJ4_CANSA	O95864	36.5	52	135	444	5.00e-10	51.2	38.5	11.7
tr|A0A7J6GNJ4|A0A7J6GNJ4_CANSA	Q5REA7	36.5	52	135	444	5.00e-10	51.2	38.5	11.7
tr|A0A7J6GP99|A0A7J6GP99_CANSA	P38286	24.9	205	352	347	3.76e-08	49.3	52.8	55.9
tr|A0A7J6HH49|A0A7J6HH49_CANSA	Q9DEX7	42.3	78	119	444	2.99e-12	57.0	63.0	17.3
tr|A0A7J6HH49|A0A7J6HH49_CANSA	B2KKL4	41.5	53	119	443	1.24e-10	52.4	43.7	12.0
tr|A0A7J6HH49|A0A7J6HH49_CANSA	A4FV48	35.4	65	119	444	1.24e-10	52.4	53.8	14.6
tr|A0A7J6HH49|A0A7J6HH49_CANSA	B8R1K0	43.8	48	119	444	1.24e-10	52.4	39.5	10.8
tr|A0A7J6HH49|A0A7J6HH49_CANSA	Q4R749	43.8	48	119	444	1.24e-10	52.4	39.5	10.8
tr|A0A7J6HH49|A0A7J6HH49_CANSA	Q9Z0R9	38.0	71	119	444	1.24e-10	52.4	58.8	14.2
tr|A0A7J6HH49|A0A7J6HH49_CANSA	Q9Z122	38.0	71	119	444	1.24e-10	52.4	58.8	14.2
tr|A0A7J6HH49|A0A7J6HH49_CANSA	A0A0C5PRW9	39.6	53	119	445	1.69e-10	52.0	43.7	11.9
tr|A0A7J6HH49|A0A7J6HH49_CANSA	O95864	43.8	48	119	444	2.30e-10	51.6	39.5	10.8
tr|A0A7J6HH49|A0A7J6HH49_CANSA	Q5REA7	43.8	48	119	444	2.30e-10	51.6	39.5	10.8
tr|A0A7J6I0Q4|A0A7J6I0Q4_CANSA	P24773	35.0	240	891	752	5.92e-30	122	26.2	26.2
tr|A0A7J6I0Q4|A0A7J6I0Q4_CANSA	Q08654	32.5	240	891	589	1.14e-28	117	26.0	32.4
tr|A0A7J6I0Q4|A0A7J6I0Q4_CANSA	P0CN86	32.5	243	891	752	2.72e-27	113	26.3	26.2
tr|A0A7J6I0Q4|A0A7J6I0Q4_CANSA	P0CN87	32.5	243	891	752	2.72e-27	113	26.3	26.2
tr|A0A7J6I0Q4|A0A7J6I0Q4_CANSA	P27710	32.5	243	891	752	4.74e-27	112	26.3	26.2
tr|A0A7J6I0Q4|A0A7J6I0Q4_CANSA	Q92370	33.9	242	891	759	6.36e-27	112	26.3	25.6
tr|A0A7J6I0Q4|A0A7J6I0Q4_CANSA	P05328	34.4	241	891	770	2.61e-26	110	26.3	25.7
tr|A0A7J6I0Q4|A0A7J6I0Q4_CANSA	P06531	33.1	242	891	768	2.38e-25	107	26.3	25.8
tr|A0A7J6I0Q4|A0A7J6I0Q4_CANSA	P18483	33.2	241	891	768	7.21e-25	105	26.3	25.5
tr|A0A7J6I0Q4|A0A7J6I0Q4_CANSA	P20409	32.4	241	891	765	1.65e-24	104	26.3	25.1
tr|A0A7J6I0Q4|A0A7J6I0Q4_CANSA	P00908	33.2	241	891	762	2.85e-24	103	26.2	25.7
tr|A0A7J6I0Q4|A0A7J6I0Q4_CANSA	P25170	28.6	241	891	788	1.87e-22	98.2	26.3	24.5
tr|A0A7J6I0Q4|A0A7J6I0Q4_CANSA	Q92411	27.6	254	891	768	1.10e-17	82.8	27.4	27.1
tr|A0A7J6I0Q4|A0A7J6I0Q4_CANSA	P00904	29.1	230	891	531	1.31e-14	72.4	25.0	33.9
tr|A0A7J6I0Q4|A0A7J6I0Q4_CANSA	P00905	28.2	248	891	531	1.73e-14	72.0	26.8	36.3
tr|A0A7J6I3R3|A0A7J6I3R3_CANSA	Q3ZCJ2	49.0	247	285	325	2.75e-74	226	82.8	76.0
tr|A0A7J6I3R3|A0A7J6I3R3_CANSA	P14550	47.4	247	285	325	3.11e-73	223	82.8	76.0
tr|A0A7J6I3R3|A0A7J6I3R3_CANSA	Q5R5D5	47.8	247	285	325	4.40e-73	223	82.8	76.0
tr|A0A7J6I3R3|A0A7J6I3R3_CANSA	Q9JII6	48.2	247	285	325	1.24e-72	221	82.8	76.0
tr|A0A7J6I3R3|A0A7J6I3R3_CANSA	P50578	47.8	247	285	325	7.02e-72	219	82.8	76.0
tr|A0A7J6I3R3|A0A7J6I3R3_CANSA	P51635	47.4	247	285	325	7.02e-72	219	82.8	76.0
tr|A0A7J6I3R3|A0A7J6I3R3_CANSA	O70473	47.4	247	285	324	7.69e-71	217	82.8	76.2
tr|A0A7J6I7D2|A0A7J6I7D2_CANSA	P38286	25.8	213	659	347	1.48e-10	58.2	31.0	57.9
tr|A0A7J6I9V3|A0A7J6I9V3_CANSA	Q08654	22.7	233	536	589	6.57e-12	62.8	42.5	36.3
tr|A0A7J6I9V3|A0A7J6I9V3_CANSA	Q92370	28.2	149	536	759	1.45e-09	55.5	27.2	18.8
tr|A0A7J6I9V3|A0A7J6I9V3_CANSA	P27710	25.2	151	536	752	5.22e-08	50.4	28.0	19.7
tr|A0A7J6I9V3|A0A7J6I9V3_CANSA	P0CN86	26.0	150	536	752	6.88e-08	50.1	27.1	18.9
tr|A0A7J6I9V3|A0A7J6I9V3_CANSA	P0CN87	26.0	150	536	752	6.88e-08	50.1	27.1	18.9
tr|A0A7J6I9V3|A0A7J6I9V3_CANSA	P20409	26.6	154	536	765	2.08e-07	48.5	28.2	19.3
tr|A0A7J6DLT9|A0A7J6DLT9_CANSA	O70473	27.8	295	345	324	1.77e-18	80.1	77.1	79.3
tr|A0A7J6DLT9|A0A7J6DLT9_CANSA	P51635	26.8	295	345	325	4.47e-18	79.0	77.1	79.1
tr|A0A7J6DLT9|A0A7J6DLT9_CANSA	Q9JII6	26.4	295	345	325	4.47e-18	79.0	77.1	79.1
tr|A0A7J6DLT9|A0A7J6DLT9_CANSA	P50578	26.8	295	345	325	3.76e-17	76.3	77.1	79.1
tr|A0A7J6DLT9|A0A7J6DLT9_CANSA	Q5R5D5	26.1	295	345	325	1.71e-16	74.3	77.1	79.1
tr|A0A7J6DLT9|A0A7J6DLT9_CANSA	P14550	26.1	295	345	325	7.70e-16	72.4	77.1	79.1
tr|A0A7J6DLT9|A0A7J6DLT9_CANSA	Q3ZCJ2	26.1	295	345	325	7.70e-16	72.4	77.1	79.1
tr|A0A7J6DTA5|A0A7J6DTA5_CANSA	Q3ZCJ2	24.3	235	1440	325	4.37e-08	51.6	15.7	59.7
tr|A0A7J6DTA5|A0A7J6DTA5_CANSA	P51635	22.5	209	1440	325	5.54e-07	48.1	14.3	56.0
tr|A0A7J6DU74|A0A7J6DU74_CANSA	P50578	23.4	316	371	325	1.15e-12	63.2	80.3	84.3
tr|A0A7J6DU74|A0A7J6DU74_CANSA	P51635	23.1	316	371	325	2.06e-12	62.4	80.3	84.3
tr|A0A7J6DU74|A0A7J6DU74_CANSA	Q9JII6	22.8	316	371	325	1.19e-11	60.1	80.3	84.3
tr|A0A7J6DU74|A0A7J6DU74_CANSA	O70473	22.8	316	371	324	1.58e-11	59.7	80.3	84.6
tr|A0A7J6DU74|A0A7J6DU74_CANSA	P14550	23.2	315	371	325	5.09e-11	58.2	80.1	84.0
tr|A0A7J6DU74|A0A7J6DU74_CANSA	Q3ZCJ2	22.8	316	371	325	6.80e-11	57.8	80.3	84.3
tr|A0A7J6DU74|A0A7J6DU74_CANSA	Q5R5D5	23.2	315	371	325	2.17e-10	56.2	80.1	84.0
tr|A0A7J6DWF4|A0A7J6DWF4_CANSA	P50578	24.1	316	414	325	3.25e-14	68.2	72.0	84.3
tr|A0A7J6DWF4|A0A7J6DWF4_CANSA	P51635	23.7	316	414	325	5.84e-14	67.4	72.0	84.3
tr|A0A7J6DWF4|A0A7J6DWF4_CANSA	Q9JII6	23.4	316	414	325	3.37e-13	65.1	72.0	84.3
tr|A0A7J6DWF4|A0A7J6DWF4_CANSA	O70473	23.4	316	414	324	4.49e-13	64.7	72.0	84.6
tr|A0A7J6DWF4|A0A7J6DWF4_CANSA	P14550	23.8	315	414	325	1.45e-12	63.2	71.7	84.0
tr|A0A7J6DWF4|A0A7J6DWF4_CANSA	Q3ZCJ2	23.4	316	414	325	1.45e-12	63.2	72.0	84.3
tr|A0A7J6DWF4|A0A7J6DWF4_CANSA	Q5R5D5	23.8	315	414	325	1.11e-11	60.5	71.7	84.0
tr|A0A7J6E2C7|A0A7J6E2C7_CANSA	Q3ZCJ2	24.3	235	1468	325	4.47e-08	51.6	15.4	59.7
tr|A0A7J6E2C7|A0A7J6E2C7_CANSA	P51635	22.5	209	1468	325	5.66e-07	48.1	14.0	56.0
tr|A0A7J6E9A4|A0A7J6E9A4_CANSA	P38286	24.7	263	864	347	4.99e-10	57.0	28.5	70.6
tr|A0A7J6EFN3|A0A7J6EFN3_CANSA	P38286	26.0	150	318	347	5.35e-06	42.4	43.1	41.5
tr|A0A7J6ENU9|A0A7J6ENU9_CANSA	P38286	24.7	263	352	347	8.91e-11	57.4	69.9	70.6
tr|A0A7J6ERW4|A0A7J6ERW4_CANSA	P38286	22.4	228	489	347	2.80e-08	50.4	41.1	64.6
tr|A0A7J6EWB7|A0A7J6EWB7_CANSA	P38286	30.0	150	324	347	7.10e-12	60.5	42.3	41.5
tr|A0A7J6EYJ9|A0A7J6EYJ9_CANSA	P38286	26.8	153	336	347	6.09e-08	48.5	40.8	41.5
tr|A0A7J6EZ00|A0A7J6EZ00_CANSA	P38286	26.5	155	318	347	5.43e-07	45.4	45.0	43.2
tr|A0A7J6F048|A0A7J6F048_CANSA	P38286	32.3	189	328	347	7.09e-19	81.3	54.6	53.3
tr|A0A7J6FCC7|A0A7J6FCC7_CANSA	Q5R5D5	26.7	135	374	325	1.62e-06	44.3	34.5	38.2
tr|A0A7J6FFJ7|A0A7J6FFJ7_CANSA	P51635	37.5	283	536	325	8.47e-50	169	47.9	85.8
tr|A0A7J6FFJ7|A0A7J6FFJ7_CANSA	Q9JII6	37.1	283	536	325	4.42e-49	167	47.9	85.8
tr|A0A7J6FFJ7|A0A7J6FFJ7_CANSA	P50578	36.4	283	536	325	1.66e-48	166	47.9	85.8
tr|A0A7J6FFJ7|A0A7J6FFJ7_CANSA	O70473	36.7	283	536	324	6.05e-48	164	47.9	86.1
tr|A0A7J6FFJ7|A0A7J6FFJ7_CANSA	P14550	35.3	283	536	325	3.22e-47	162	47.9	85.8
tr|A0A7J6FFJ7|A0A7J6FFJ7_CANSA	Q5R5D5	35.3	283	536	325	4.47e-47	162	47.9	85.8
tr|A0A7J6FFJ7|A0A7J6FFJ7_CANSA	Q3ZCJ2	35.7	283	536	325	8.64e-47	161	47.9	85.8
tr|A0A7J6FJP4|A0A7J6FJP4_CANSA	P51635	24.0	196	212	325	2.68e-07	45.1	81.1	54.5
tr|A0A7J6FJP4|A0A7J6FJP4_CANSA	Q3ZCJ2	24.0	196	212	325	4.86e-07	44.3	81.1	54.5
tr|A0A7J6FJP4|A0A7J6FJP4_CANSA	Q9JII6	23.5	196	212	325	6.53e-07	43.9	81.1	54.5
tr|A0A7J6FJP4|A0A7J6FJP4_CANSA	O70473	24.0	200	212	324	8.77e-07	43.5	81.1	54.6
tr|A0A7J6FJP4|A0A7J6FJP4_CANSA	P14550	23.0	196	212	325	2.87e-06	42.0	81.1	54.5
tr|A0A7J6FJP4|A0A7J6FJP4_CANSA	Q5R5D5	23.0	196	212	325	3.85e-06	41.6	81.1	54.5
tr|A0A7J6FR97|A0A7J6FR97_CANSA	P38286	31.9	91	322	347	3.13e-07	46.2	28.3	26.2
tr|A0A7J6FRG6|A0A7J6FRG6_CANSA	P50578	20.4	367	398	325	1.39e-10	57.0	86.4	88.6
tr|A0A7J6FRG6|A0A7J6FRG6_CANSA	P51635	24.6	236	398	325	7.86e-10	54.7	53.5	63.1
tr|A0A7J6FRG6|A0A7J6FRG6_CANSA	O70473	24.2	236	398	324	1.04e-09	54.3	53.5	63.3
tr|A0A7J6FRG6|A0A7J6FRG6_CANSA	Q9JII6	24.6	236	398	325	1.05e-09	54.3	53.5	63.1
tr|A0A7J6FRG6|A0A7J6FRG6_CANSA	Q5R5D5	23.7	236	398	325	1.39e-08	50.8	53.5	63.1
tr|A0A7J6FRG6|A0A7J6FRG6_CANSA	P14550	23.7	236	398	325	1.85e-08	50.4	53.5	63.1
tr|A0A7J6FRG6|A0A7J6FRG6_CANSA	Q3ZCJ2	23.3	236	398	325	4.38e-08	49.3	53.5	63.1
tr|A0A7J6FWL1|A0A7J6FWL1_CANSA	Q9DEX7	29.6	98	853	444	2.79e-06	45.4	11.4	21.6
tr|A0A7J6G780|A0A7J6G780_CANSA	P38286	32.3	189	328	347	7.09e-19	81.3	54.6	53.3
tr|A0A7J6G7D8|A0A7J6G7D8_CANSA	P38286	27.8	291	613	347	1.41e-27	109	42.7	82.7
tr|A0A7J6GIM5|A0A7J6GIM5_CANSA	Q5R5D5	27.4	135	374	325	1.22e-06	44.7	34.5	38.2
tr|A0A7J6GKS2|A0A7J6GKS2_CANSA	Q9JII6	24.8	323	994	325	3.80e-15	72.8	29.8	87.1
tr|A0A7J6GKS2|A0A7J6GKS2_CANSA	O70473	26.1	299	994	324	5.03e-15	72.4	27.4	80.9
tr|A0A7J6GKS2|A0A7J6GKS2_CANSA	P51635	24.8	323	994	325	1.63e-14	70.9	29.8	87.1
tr|A0A7J6GKS2|A0A7J6GKS2_CANSA	P50578	24.8	323	994	325	6.99e-14	68.9	29.8	87.1
tr|A0A7J6GKS2|A0A7J6GKS2_CANSA	Q5R5D5	24.5	323	994	325	3.98e-13	66.6	29.8	87.1
tr|A0A7J6GKS2|A0A7J6GKS2_CANSA	Q3ZCJ2	23.8	323	994	325	7.11e-13	65.9	29.8	87.1
tr|A0A7J6GKS2|A0A7J6GKS2_CANSA	P14550	24.5	323	994	325	1.69e-12	64.7	29.8	87.1
tr|A0A7J6GP98|A0A7J6GP98_CANSA	P38286	25.5	200	314	347	2.24e-08	49.7	58.9	53.0
tr|A0A7J6GSH7|A0A7J6GSH7_CANSA	P50578	22.6	337	368	325	8.02e-14	66.6	85.3	88.6
tr|A0A7J6GSH7|A0A7J6GSH7_CANSA	Q9JII6	22.8	329	368	325	6.28e-13	63.9	83.2	86.2
tr|A0A7J6GSH7|A0A7J6GSH7_CANSA	O70473	22.5	329	368	324	2.70e-12	62.0	83.2	86.4
tr|A0A7J6GSH7|A0A7J6GSH7_CANSA	P51635	22.5	329	368	325	2.72e-12	62.0	83.2	86.2
tr|A0A7J6GSH7|A0A7J6GSH7_CANSA	P14550	22.2	329	368	325	2.80e-11	58.9	83.2	86.2
tr|A0A7J6GSH7|A0A7J6GSH7_CANSA	Q5R5D5	22.2	329	368	325	6.69e-11	57.8	83.2	86.2
tr|A0A7J6GSH7|A0A7J6GSH7_CANSA	Q3ZCJ2	22.0	337	368	325	1.19e-10	57.0	85.3	88.6
tr|A0A7J6GTL2|A0A7J6GTL2_CANSA	P50578	32.5	160	252	325	1.19e-27	103	62.3	49.2
tr|A0A7J6GTL2|A0A7J6GTL2_CANSA	Q3ZCJ2	32.5	160	252	325	3.19e-27	102	62.3	49.2
tr|A0A7J6GTL2|A0A7J6GTL2_CANSA	P51635	31.1	164	252	325	1.19e-26	100	63.5	50.5
tr|A0A7J6GTL2|A0A7J6GTL2_CANSA	Q9JII6	31.3	163	252	325	1.19e-26	100	63.1	50.2
tr|A0A7J6GTL2|A0A7J6GTL2_CANSA	O70473	30.2	172	252	324	2.25e-26	100	65.1	53.1
tr|A0A7J6GTL2|A0A7J6GTL2_CANSA	Q5R5D5	30.7	163	252	325	1.63e-25	97.8	63.1	50.2
tr|A0A7J6GTL2|A0A7J6GTL2_CANSA	P14550	30.1	163	252	325	4.32e-25	96.7	63.1	50.2
tr|A0A7J6GUF2|A0A7J6GUF2_CANSA	Q9JII6	24.8	323	659	325	2.17e-15	72.8	44.9	87.1
tr|A0A7J6GUF2|A0A7J6GUF2_CANSA	O70473	26.1	299	659	324	2.87e-15	72.4	41.3	80.9
tr|A0A7J6GUF2|A0A7J6GUF2_CANSA	P51635	24.8	323	659	325	9.34e-15	70.9	44.9	87.1
tr|A0A7J6GUF2|A0A7J6GUF2_CANSA	P50578	24.8	323	659	325	4.01e-14	68.9	44.9	87.1
tr|A0A7J6GUF2|A0A7J6GUF2_CANSA	Q5R5D5	24.5	323	659	325	2.29e-13	66.6	44.9	87.1
tr|A0A7J6GUF2|A0A7J6GUF2_CANSA	Q3ZCJ2	23.8	323	659	325	4.10e-13	65.9	44.9	87.1
tr|A0A7J6GUF2|A0A7J6GUF2_CANSA	P14550	24.5	323	659	325	9.77e-13	64.7	44.9	87.1
tr|A0A7J6GZL3|A0A7J6GZL3_CANSA	P50578	40.7	221	493	325	5.67e-47	161	44.4	66.8
tr|A0A7J6GZL3|A0A7J6GZL3_CANSA	O70473	39.4	221	493	324	1.10e-44	155	44.4	67.0
tr|A0A7J6GZL3|A0A7J6GZL3_CANSA	Q3ZCJ2	39.4	221	493	325	5.83e-44	153	44.4	66.8
tr|A0A7J6GZL3|A0A7J6GZL3_CANSA	P51635	38.9	221	493	325	2.17e-43	151	44.4	66.8
tr|A0A7J6GZL3|A0A7J6GZL3_CANSA	P14550	38.9	221	493	325	8.09e-43	150	44.4	66.8
tr|A0A7J6GZL3|A0A7J6GZL3_CANSA	Q5R5D5	39.4	221	493	325	8.09e-43	150	44.4	66.8
tr|A0A7J6GZL3|A0A7J6GZL3_CANSA	Q9JII6	38.5	221	493	325	1.56e-42	149	44.4	66.8
tr|A0A7J6H2D3|A0A7J6H2D3_CANSA	B2KKL4	35.8	67	102	443	2.49e-10	50.8	65.7	14.7
tr|A0A7J6H2D3|A0A7J6H2D3_CANSA	Q9DEX7	38.8	67	102	444	6.34e-10	49.7	65.7	14.6
tr|A0A7J6H2D3|A0A7J6H2D3_CANSA	A0A0C5PRW9	34.3	67	102	445	2.20e-09	48.1	65.7	14.6
tr|A0A7J6H2D3|A0A7J6H2D3_CANSA	B8R1K0	34.9	63	102	444	3.01e-09	47.8	61.8	13.7
tr|A0A7J6H2D3|A0A7J6H2D3_CANSA	Q4R749	34.9	63	102	444	3.01e-09	47.8	61.8	13.7
tr|A0A7J6H2D3|A0A7J6H2D3_CANSA	A4FV48	33.9	62	102	444	7.66e-09	46.6	60.8	12.4
tr|A0A7J6H2D3|A0A7J6H2D3_CANSA	O95864	33.9	62	102	444	7.66e-09	46.6	60.8	12.4
tr|A0A7J6H2D3|A0A7J6H2D3_CANSA	Q5REA7	33.9	62	102	444	7.66e-09	46.6	60.8	12.4
tr|A0A7J6H2D3|A0A7J6H2D3_CANSA	Q9Z0R9	33.9	62	102	444	1.95e-08	45.4	60.8	12.4
tr|A0A7J6H2D3|A0A7J6H2D3_CANSA	Q9Z122	33.9	62	102	444	1.95e-08	45.4	60.8	12.4
tr|A0A7J6H4B1|A0A7J6H4B1_CANSA	Q23221	23.7	300	441	443	6.43e-07	46.2	60.3	63.0
tr|A0A7J6HJZ0|A0A7J6HJZ0_CANSA	O66576	23.6	365	584	340	4.43e-18	80.9	61.6	97.9
tr|A0A7J6HJZ0|A0A7J6HJZ0_CANSA	A6TM73	22.8	373	584	339	8.77e-15	70.9	62.0	98.5
tr|A0A7J6HJZ0|A0A7J6HJZ0_CANSA	B0K2U2	21.9	370	584	338	6.63e-14	68.2	61.8	98.5
tr|A0A7J6HJZ0|A0A7J6HJZ0_CANSA	B0K8T3	21.9	370	584	338	6.63e-14	68.2	61.8	98.5
tr|A0A7J6HJZ0|A0A7J6HJZ0_CANSA	B1YLS1	23.3	365	584	339	8.93e-14	67.8	61.3	97.1
tr|A0A7J6HJZ0|A0A7J6HJZ0_CANSA	Q0K6I1	24.1	352	584	341	5.13e-13	65.5	59.4	91.5
tr|A0A7J6HJZ0|A0A7J6HJZ0_CANSA	Q7NW17	22.2	365	584	342	6.89e-13	65.1	61.8	97.7
tr|A0A7J6HJZ0|A0A7J6HJZ0_CANSA	B9KXB8	25.5	373	584	348	3.02e-12	63.2	59.9	93.7
tr|A0A7J6HJZ0|A0A7J6HJZ0_CANSA	A1ALX3	23.0	330	584	350	1.70e-11	60.8	56.3	85.1
tr|A0A7J6HJZ0|A0A7J6HJZ0_CANSA	Q47AC6	22.5	369	584	340	2.86e-11	60.1	61.6	97.9
tr|A0A7J6HJZ0|A0A7J6HJZ0_CANSA	A2SLH5	23.3	331	584	344	3.89e-11	59.7	55.7	85.8
tr|A0A7J6HJZ0|A0A7J6HJZ0_CANSA	Q5P2G2	23.2	370	584	343	6.86e-11	58.9	61.6	97.4
tr|A0A7J6HJZ0|A0A7J6HJZ0_CANSA	Q1LIH4	23.6	352	584	342	3.79e-10	56.6	59.4	91.2
tr|A0A7J6HJZ0|A0A7J6HJZ0_CANSA	B1I3Z8	23.1	359	584	346	9.06e-10	55.5	60.8	94.5
tr|A0A7J6HJZ0|A0A7J6HJZ0_CANSA	B1Y7I3	24.1	323	584	345	1.59e-09	54.7	54.5	83.5
tr|A0A7J6HJZ0|A0A7J6HJZ0_CANSA	A5GES2	24.7	279	584	350	2.87e-09	53.9	47.4	70.6
tr|A0A7J6HJZ0|A0A7J6HJZ0_CANSA	Q46WU8	22.9	323	584	369	7.16e-09	52.8	54.6	78.3
tr|A0A7J6HJZ0|A0A7J6HJZ0_CANSA	A5WFZ6	24.0	279	584	369	9.50e-09	52.4	47.1	69.1
tr|A0A7J6HJZ0|A0A7J6HJZ0_CANSA	Q57686	22.8	364	584	336	1.12e-08	52.0	60.8	97.0
tr|A0A7J6HJZ0|A0A7J6HJZ0_CANSA	A9B148	23.4	355	584	338	1.13e-08	52.0	57.0	95.0
tr|A0A7J6HJZ0|A0A7J6HJZ0_CANSA	B8FA41	23.9	285	584	338	2.65e-08	50.8	47.9	73.7
tr|A0A7J6HJZ0|A0A7J6HJZ0_CANSA	Q1GYF5	20.3	315	584	341	6.26e-08	49.7	53.8	83.3
tr|A0A7J6HJZ0|A0A7J6HJZ0_CANSA	Q604F8	23.7	371	584	341	8.31e-08	49.3	61.0	96.2
tr|A0A7J6HJZ0|A0A7J6HJZ0_CANSA	O68608	25.2	242	584	354	8.66e-08	49.3	40.6	60.2
tr|A0A7J6HJZ0|A0A7J6HJZ0_CANSA	B8G5C5	25.3	372	584	340	4.29e-06	43.9	61.6	97.9
tr|A0A7J6HJZ0|A0A7J6HJZ0_CANSA	Q8ESU1	31.1	103	584	340	7.53e-06	43.1	17.6	29.4
tr|A0A7J6HPP7|A0A7J6HPP7_CANSA	P51635	33.7	288	299	325	1.78e-54	175	88.0	88.0
tr|A0A7J6HPP7|A0A7J6HPP7_CANSA	Q9JII6	33.7	288	299	325	1.78e-54	175	88.0	88.0
tr|A0A7J6HPP7|A0A7J6HPP7_CANSA	P50578	33.0	282	299	325	5.99e-52	169	86.0	86.2
tr|A0A7J6HPP7|A0A7J6HPP7_CANSA	Q3ZCJ2	32.6	282	299	325	1.67e-51	167	86.0	86.2
tr|A0A7J6HPP7|A0A7J6HPP7_CANSA	O70473	33.0	288	299	324	2.29e-51	167	88.0	88.3
tr|A0A7J6HPP7|A0A7J6HPP7_CANSA	Q5R5D5	32.6	282	299	325	4.65e-51	166	86.0	86.2
tr|A0A7J6HPP7|A0A7J6HPP7_CANSA	P14550	31.9	288	299	325	6.54e-51	166	88.0	88.0
tr|A0A7J6HQV3|A0A7J6HQV3_CANSA	P51635	45.1	91	109	325	3.92e-17	70.1	81.7	26.5
tr|A0A7J6HQV3|A0A7J6HQV3_CANSA	Q9JII6	45.1	91	109	325	7.46e-17	69.3	81.7	26.5
tr|A0A7J6HQV3|A0A7J6HQV3_CANSA	P50578	45.1	91	109	325	1.42e-16	68.6	81.7	26.5
tr|A0A7J6HQV3|A0A7J6HQV3_CANSA	Q3ZCJ2	44.0	91	109	325	1.42e-16	68.6	81.7	26.5
tr|A0A7J6HQV3|A0A7J6HQV3_CANSA	P14550	44.0	91	109	325	1.95e-16	68.2	81.7	26.5
tr|A0A7J6HQV3|A0A7J6HQV3_CANSA	Q5R5D5	44.0	91	109	325	1.95e-16	68.2	81.7	26.5
tr|A0A7J6HQV3|A0A7J6HQV3_CANSA	O70473	43.8	89	109	324	4.75e-15	64.3	81.7	26.5
tr|A0A7J6HSE3|A0A7J6HSE3_CANSA	P50578	34.2	149	417	325	3.26e-26	103	35.0	45.8
tr|A0A7J6HSE3|A0A7J6HSE3_CANSA	Q9JII6	33.6	149	417	325	1.15e-25	101	35.0	45.8
tr|A0A7J6HSE3|A0A7J6HSE3_CANSA	P14550	33.6	149	417	325	2.94e-25	100	35.0	45.8
tr|A0A7J6HSE3|A0A7J6HSE3_CANSA	Q3ZCJ2	33.6	149	417	325	2.94e-25	100	35.0	45.8
tr|A0A7J6HSE3|A0A7J6HSE3_CANSA	O70473	32.9	149	417	324	5.41e-25	99.8	35.0	46.0
tr|A0A7J6HSE3|A0A7J6HSE3_CANSA	P51635	32.9	149	417	325	5.49e-25	99.8	35.0	45.8
tr|A0A7J6HSE3|A0A7J6HSE3_CANSA	Q5R5D5	34.2	149	417	325	5.49e-25	99.8	35.0	45.8
tr|A0A7J6I307|A0A7J6I307_CANSA	P50578	34.4	299	297	325	1.57e-51	167	87.2	91.7
tr|A0A7J6I307|A0A7J6I307_CANSA	O70473	34.0	291	297	324	5.07e-49	161	84.5	89.5
tr|A0A7J6I307|A0A7J6I307_CANSA	Q3ZCJ2	33.2	298	297	325	1.44e-48	160	87.2	91.7
tr|A0A7J6I307|A0A7J6I307_CANSA	P51635	33.3	291	297	325	2.03e-48	159	84.5	89.2
tr|A0A7J6I307|A0A7J6I307_CANSA	Q9JII6	32.4	290	297	325	5.64e-48	158	84.5	89.2
tr|A0A7J6I307|A0A7J6I307_CANSA	P14550	32.8	299	297	325	3.09e-47	156	87.2	91.7
tr|A0A7J6I307|A0A7J6I307_CANSA	Q5R5D5	33.3	297	297	325	1.21e-46	155	86.5	91.1
tr|A0A7J6I3H4|A0A7J6I3H4_CANSA	Q3ZCJ2	45.1	133	160	325	1.48e-30	108	78.1	40.9
tr|A0A7J6I3H4|A0A7J6I3H4_CANSA	P50578	44.4	133	160	325	5.67e-30	106	78.1	40.9
tr|A0A7J6I3H4|A0A7J6I3H4_CANSA	Q9JII6	42.1	133	160	325	4.23e-29	104	78.1	40.9
tr|A0A7J6I3H4|A0A7J6I3H4_CANSA	P51635	42.1	133	160	325	5.91e-29	103	78.1	40.9
tr|A0A7J6I3H4|A0A7J6I3H4_CANSA	P14550	41.4	133	160	325	8.26e-29	103	78.1	40.9
tr|A0A7J6I3H4|A0A7J6I3H4_CANSA	Q5R5D5	42.1	133	160	325	8.26e-29	103	78.1	40.9
tr|A0A7J6I3H4|A0A7J6I3H4_CANSA	O70473	41.4	133	160	324	1.14e-28	103	78.1	41.0
tr|A0A7J6I7S9|A0A7J6I7S9_CANSA	P38286	23.5	132	375	347	3.02e-06	43.5	33.3	35.2
tr|A0A7J6IAA0|A0A7J6IAA0_CANSA	P38286	27.9	165	313	347	7.00e-09	51.2	47.6	45.0
tr|A0A7J6IB63|A0A7J6IB63_CANSA	C8VBV0	24.4	406	709	636	2.48e-17	80.9	54.6	57.2
tr|A0A7J6IB63|A0A7J6IB63_CANSA	A2QGH7	25.0	412	709	636	1.73e-16	78.2	54.6	57.2
tr|A0A7J6IB63|A0A7J6IB63_CANSA	Q88H28	20.7	387	709	395	4.70e-06	44.3	51.9	85.3
tr|A0A7J6IB63|A0A7J6IB63_CANSA	C0HMM2	23.6	360	709	392	6.18e-06	43.9	48.9	78.8
tr|A0A7J6IBA5|A0A7J6IBA5_CANSA	P38286	31.7	293	321	347	1.81e-42	145	84.4	82.1
tr|A0A7J6IBK1|A0A7J6IBK1_CANSA	Q3ZCJ2	36.6	284	324	325	1.26e-65	205	85.8	86.8
tr|A0A7J6IBK1|A0A7J6IBK1_CANSA	Q9JII6	36.6	284	324	325	9.96e-65	202	85.8	86.8
tr|A0A7J6IBK1|A0A7J6IBK1_CANSA	P51635	36.3	284	324	325	2.80e-64	201	85.8	86.8
tr|A0A7J6IBK1|A0A7J6IBK1_CANSA	P14550	36.3	284	324	325	8.72e-63	197	85.8	86.8
tr|A0A7J6IBK1|A0A7J6IBK1_CANSA	Q5R5D5	36.3	284	324	325	1.73e-62	197	85.8	86.8
tr|A0A7J6IBK1|A0A7J6IBK1_CANSA	O70473	35.9	281	324	324	3.72e-61	193	84.9	86.1
tr|A0A7J6IBK1|A0A7J6IBK1_CANSA	P50578	35.6	284	324	325	5.39e-61	193	85.8	86.8
tr|A0A7J6ICV1|A0A7J6ICV1_CANSA	P38286	29.4	296	326	347	3.58e-31	115	84.4	82.4
tr|A0A7J6ICX5|A0A7J6ICX5_CANSA	P51635	42.3	175	211	325	7.63e-45	147	81.5	53.2
tr|A0A7J6ICX5|A0A7J6ICX5_CANSA	Q9JII6	42.9	175	211	325	1.07e-44	147	81.5	53.2
tr|A0A7J6ICX5|A0A7J6ICX5_CANSA	Q3ZCJ2	42.3	175	211	325	4.21e-44	145	81.5	53.2
tr|A0A7J6ICX5|A0A7J6ICX5_CANSA	P50578	41.7	175	211	325	2.32e-43	143	81.5	53.2
tr|A0A7J6ICX5|A0A7J6ICX5_CANSA	P14550	42.9	175	211	325	3.27e-43	143	81.5	53.2
tr|A0A7J6ICX5|A0A7J6ICX5_CANSA	Q5R5D5	42.9	175	211	325	3.27e-43	143	81.5	53.2
tr|A0A7J6ICX5|A0A7J6ICX5_CANSA	O70473	42.3	175	211	324	8.89e-43	142	81.5	53.4
