tr|A0A7J6F260|A0A7J6F260_CANSA	A0A2Z6IJ65	51.1	323	623	642	4.16e-101	318	47.5	50.2
tr|A0A7J6FUZ3|A0A7J6FUZ3_CANSA	A0A8C5L4Y9	38.7	75	858	444	4.35e-10	60.1	8.5	16.9
tr|A0A7J6FUZ3|A0A7J6FUZ3_CANSA	A0A8B7A5H7	36.1	83	858	398	8.77e-10	58.9	9.4	20.9
tr|A0A7J6FUZ3|A0A7J6FUZ3_CANSA	A0A8C5YNB8	38.7	75	858	436	1.30e-09	58.5	8.5	17.2
tr|A0A7J6FUZ3|A0A7J6FUZ3_CANSA	A0A5E4B1S8	38.7	75	858	444	1.33e-09	58.5	8.5	16.9
tr|A0A7J6FUZ3|A0A7J6FUZ3_CANSA	I3MN09	38.7	75	858	444	1.33e-09	58.5	8.5	16.9
tr|A0A7J6FUZ3|A0A7J6FUZ3_CANSA	A0A7J7RTY1	33.3	75	858	263	1.60e-09	57.0	8.5	28.5
tr|A0A7J6FUZ3|A0A7J6FUZ3_CANSA	A0A673TLX2	38.7	75	858	444	1.75e-09	58.2	8.5	16.9
tr|A0A7J6FUZ3|A0A7J6FUZ3_CANSA	A0A0U3TC30	38.6	83	858	444	2.31e-09	57.8	9.4	18.7
tr|A0A7J6FUZ3|A0A7J6FUZ3_CANSA	A0A8B7SFT2	37.3	75	858	444	2.31e-09	57.8	8.5	16.9
tr|A0A7J6FUZ3|A0A7J6FUZ3_CANSA	G1SJU8	38.6	83	858	444	2.31e-09	57.8	9.4	18.7
tr|A0A7J6FUZ3|A0A7J6FUZ3_CANSA	A0ACF8K989	37.3	75	858	224	2.47e-09	55.8	8.5	33.5
tr|A0A7J6FUZ3|A0A7J6FUZ3_CANSA	A0A2Y9DZ14	36.0	75	858	444	3.06e-09	57.4	8.5	16.9
tr|A0A7J6FUZ3|A0A7J6FUZ3_CANSA	A0A671DRA6	36.0	75	858	444	3.06e-09	57.4	8.5	16.9
tr|A0A7J6FUZ3|A0A7J6FUZ3_CANSA	A0A8D2B8T4	37.3	75	858	444	3.06e-09	57.4	8.5	16.9
tr|A0A7J6FUZ3|A0A7J6FUZ3_CANSA	A0A8D2H2L7	36.0	75	858	444	3.06e-09	57.4	8.5	16.9
tr|A0A7J6FUZ3|A0A7J6FUZ3_CANSA	A0AA41T7J5	37.3	75	858	444	3.06e-09	57.4	8.5	16.9
tr|A0A7J6FUZ3|A0A7J6FUZ3_CANSA	A0A7J7RTH3	33.3	75	858	386	3.42e-09	57.0	8.5	19.4
tr|A0A7J6FUZ3|A0A7J6FUZ3_CANSA	A0A1S2ZY34	36.0	75	858	444	4.04e-09	57.0	8.5	16.9
tr|A0A7J6FUZ3|A0A7J6FUZ3_CANSA	A0A1U7U4P0	37.3	75	858	444	4.04e-09	57.0	8.5	16.9
tr|A0A7J6FUZ3|A0A7J6FUZ3_CANSA	A0A2K6FU00	37.3	75	858	444	4.04e-09	57.0	8.5	16.9
tr|A0A7J6FUZ3|A0A7J6FUZ3_CANSA	A0A7J7RTC3	33.3	75	858	444	4.04e-09	57.0	8.5	16.9
tr|A0A7J6FUZ3|A0A7J6FUZ3_CANSA	A0ABM0S421	36.0	75	858	444	4.04e-09	57.0	8.5	16.9
tr|A0A7J6FUZ3|A0A7J6FUZ3_CANSA	L5LCQ8	37.3	75	858	383	4.49e-09	56.6	8.5	19.6
tr|A0A7J6FUZ3|A0A7J6FUZ3_CANSA	A0A8C5W438	37.3	75	858	427	5.12e-09	56.6	8.5	17.6
tr|A0A7J6FUZ3|A0A7J6FUZ3_CANSA	A0A2Y9JS87	37.3	75	858	444	5.33e-09	56.6	8.5	16.9
tr|A0A7J6FUZ3|A0A7J6FUZ3_CANSA	A0A7J8ER13	36.0	75	858	386	6.01e-09	56.2	8.5	19.4
tr|A0A7J6FUZ3|A0A7J6FUZ3_CANSA	A0ABM0J532	37.3	75	858	386	6.01e-09	56.2	8.5	19.4
tr|A0A7J6FUZ3|A0A7J6FUZ3_CANSA	A0A7F8QKG8	36.0	75	858	252	6.19e-09	55.1	8.5	29.8
tr|A0A7J6FUZ3|A0A7J6FUZ3_CANSA	G3R9J3	37.3	75	858	255	6.38e-09	55.1	8.5	29.4
tr|A0A7J6FUZ3|A0A7J6FUZ3_CANSA	A0A7J7FD96	37.3	75	858	444	7.04e-09	56.2	8.5	16.9
tr|A0A7J6FUZ3|A0A7J6FUZ3_CANSA	A0A7J8EPY8	36.0	75	858	444	7.04e-09	56.2	8.5	16.9
tr|A0A7J6FUZ3|A0A7J6FUZ3_CANSA	A0A8C9AGB6	37.3	75	858	444	7.04e-09	56.2	8.5	16.9
tr|A0A7J6FUZ3|A0A7J6FUZ3_CANSA	A0ABM0I036	37.3	75	858	444	7.04e-09	56.2	8.5	16.9
tr|A0A7J6FUZ3|A0A7J6FUZ3_CANSA	A0A7J8EQA1	36.0	75	858	460	7.28e-09	56.2	8.5	16.3
tr|A0A7J6FUZ3|A0A7J6FUZ3_CANSA	A0A9L0R8Q0	36.0	75	858	402	8.36e-09	55.8	8.5	18.7
tr|A0A7J6FUZ3|A0A7J6FUZ3_CANSA	A0A096N608	37.3	75	858	409	8.53e-09	55.8	8.5	18.3
tr|A0A7J6FUZ3|A0A7J6FUZ3_CANSA	A0A1D5QW98	37.3	75	858	409	8.53e-09	55.8	8.5	18.3
tr|A0A7J6FUZ3|A0A7J6FUZ3_CANSA	A0A2K5U5T7	37.3	75	858	409	8.53e-09	55.8	8.5	18.3
tr|A0A7J6FUZ3|A0A7J6FUZ3_CANSA	A0A2K5ZTN0	37.3	75	858	409	8.53e-09	55.8	8.5	18.3
tr|A0A7J6FUZ3|A0A7J6FUZ3_CANSA	A0A8C4LLG8	36.0	75	858	410	8.55e-09	55.8	8.5	18.3
tr|A0A7J6FUZ3|A0A7J6FUZ3_CANSA	F6SIL5	36.0	75	858	410	8.55e-09	55.8	8.5	18.3
tr|A0A7J6FUZ3|A0A7J6FUZ3_CANSA	A0A2K5ZTJ1	37.3	75	858	422	8.83e-09	55.8	8.5	17.8
tr|A0A7J6FUZ3|A0A7J6FUZ3_CANSA	A0A7F8QHJ6	36.0	75	858	294	8.90e-09	55.1	8.5	25.5
tr|A0A7J6FUZ3|A0A7J6FUZ3_CANSA	A0A2K5ZTD4	37.3	75	858	437	9.15e-09	55.8	8.5	17.2
tr|A0A7J6FUZ3|A0A7J6FUZ3_CANSA	A0A6P6H6F8	36.0	75	858	299	9.21e-09	55.1	8.5	25.1
tr|A0A7J6FUZ3|A0A7J6FUZ3_CANSA	A0A0D9R2C8	37.3	75	858	444	9.30e-09	55.8	8.5	16.9
tr|A0A7J6FUZ3|A0A7J6FUZ3_CANSA	A0A2K5KFD0	37.3	75	858	444	9.30e-09	55.8	8.5	16.9
tr|A0A7J6FUZ3|A0A7J6FUZ3_CANSA	A0A2K5NWS9	37.3	75	858	444	9.30e-09	55.8	8.5	16.9
tr|A0A7J6FUZ3|A0A7J6FUZ3_CANSA	A0A2K6D4T4	37.3	75	858	444	9.30e-09	55.8	8.5	16.9
tr|A0A7J6FUZ3|A0A7J6FUZ3_CANSA	A0A2K6MTW7	37.3	75	858	444	9.30e-09	55.8	8.5	16.9
tr|A0A7J6FUZ3|A0A7J6FUZ3_CANSA	A0A2K6QZH9	37.3	75	858	444	9.30e-09	55.8	8.5	16.9
tr|A0A7J6FUZ3|A0A7J6FUZ3_CANSA	A0A8C9GT53	37.3	75	858	444	9.30e-09	55.8	8.5	16.9
tr|A0A7J6FUZ3|A0A7J6FUZ3_CANSA	A0A8D2FBF1	37.3	75	858	444	9.30e-09	55.8	8.5	16.9
tr|A0A7J6FUZ3|A0A7J6FUZ3_CANSA	A0ABM4JZQ6	36.0	75	858	444	9.30e-09	55.8	8.5	16.9
tr|A0A7J6FUZ3|A0A7J6FUZ3_CANSA	A0ACF8I8R0	37.3	75	858	444	9.30e-09	55.8	8.5	16.9
tr|A0A7J6FUZ3|A0A7J6FUZ3_CANSA	A0ACF8NVM1	37.3	75	858	444	9.30e-09	55.8	8.5	16.9
tr|A0A7J6FUZ3|A0A7J6FUZ3_CANSA	F6YUF6	37.3	75	858	444	9.30e-09	55.8	8.5	16.9
tr|A0A7J6FUZ3|A0A7J6FUZ3_CANSA	H9G216	37.3	75	858	444	9.30e-09	55.8	8.5	16.9
tr|A0A7J6FUZ3|A0A7J6FUZ3_CANSA	A0A1D5Q079	37.3	75	858	457	9.55e-09	55.8	8.5	16.4
tr|A0A7J6FUZ3|A0A7J6FUZ3_CANSA	A0A7N9CBC3	37.3	75	858	457	9.55e-09	55.8	8.5	16.4
tr|A0A7J6FUZ3|A0A7J6FUZ3_CANSA	A0A9L0S1H2	36.0	75	858	460	9.61e-09	55.8	8.5	16.3
tr|A0A7J6FUZ3|A0A7J6FUZ3_CANSA	A0A9L0RMC9	36.0	75	858	469	9.78e-09	55.8	8.5	16.0
tr|A0A7J6FUZ3|A0A7J6FUZ3_CANSA	A0A3Q2HPL9	36.0	75	858	490	1.01e-08	55.8	8.5	15.3
tr|A0A7J6FUZ3|A0A7J6FUZ3_CANSA	A0A287BJC4	36.0	75	858	402	1.11e-08	55.5	8.5	18.7
tr|A0A7J6FUZ3|A0A7J6FUZ3_CANSA	F1RKS7	36.0	75	858	427	1.18e-08	55.5	8.5	17.6
tr|A0A7J6FUZ3|A0A7J6FUZ3_CANSA	A0ACI8TB36	37.3	75	858	344	1.19e-08	55.1	8.5	21.8
tr|A0A7J6FUZ3|A0A7J6FUZ3_CANSA	D2XT13	36.0	75	858	444	1.23e-08	55.5	8.5	16.9
tr|A0A7J6FUZ3|A0A7J6FUZ3_CANSA	L8Y1X2	36.0	75	858	453	1.25e-08	55.5	8.5	16.6
tr|A0A7J6FUZ3|A0A7J6FUZ3_CANSA	A0A452QWW6	35.7	70	858	318	1.38e-08	54.7	7.9	22.0
tr|A0A7J6FUZ3|A0A7J6FUZ3_CANSA	A0A7J8GYM1	36.0	75	858	386	1.39e-08	55.1	8.5	19.4
tr|A0A7J6FUZ3|A0A7J6FUZ3_CANSA	A0A6J1Y9U7	36.0	75	858	398	1.45e-08	55.1	8.5	18.8
tr|A0A7J6FUZ3|A0A7J6FUZ3_CANSA	A0A9V1DYJ1	36.0	75	858	398	1.45e-08	55.1	8.5	18.8
tr|A0A7J6FUZ3|A0A7J6FUZ3_CANSA	A0AC58R0E2	36.0	75	858	398	1.45e-08	55.1	8.5	18.8
tr|A0A7J6FUZ3|A0A7J6FUZ3_CANSA	A0ACI8RCU9	37.3	75	858	398	1.45e-08	55.1	8.5	18.8
tr|A0A7J6FUZ3|A0A7J6FUZ3_CANSA	A0A2Y9GPL9	36.0	75	858	402	1.46e-08	55.1	8.5	18.7
tr|A0A7J6FUZ3|A0A7J6FUZ3_CANSA	A0ACI8QW41	37.3	75	858	402	1.46e-08	55.1	8.5	18.7
tr|A0A7J6FUZ3|A0A7J6FUZ3_CANSA	A0ACI8TAX1	37.3	75	858	402	1.46e-08	55.1	8.5	18.7
tr|A0A7J6FUZ3|A0A7J6FUZ3_CANSA	A0ACI8TA36	37.3	75	858	422	1.54e-08	55.1	8.5	17.8
tr|A0A7J6FUZ3|A0A7J6FUZ3_CANSA	A0A8B6Y5Q9	36.0	75	858	443	1.62e-08	55.1	8.5	16.9
tr|A0A7J6FUZ3|A0A7J6FUZ3_CANSA	A0ACI8TA33	37.3	75	858	443	1.62e-08	55.1	8.5	16.9
tr|A0A7J6FUZ3|A0A7J6FUZ3_CANSA	A0A2R9BKZ6	37.3	75	858	444	1.62e-08	55.1	8.5	16.9
tr|A0A7J6FUZ3|A0A7J6FUZ3_CANSA	A0A2U3WMF1	36.0	75	858	444	1.62e-08	55.1	8.5	16.9
tr|A0A7J6FUZ3|A0A7J6FUZ3_CANSA	A0A2Y9GTG8	36.0	75	858	444	1.62e-08	55.1	8.5	16.9
tr|A0A7J6FUZ3|A0A7J6FUZ3_CANSA	A0A485NIT7	36.0	75	858	444	1.62e-08	55.1	8.5	16.9
tr|A0A7J6FUZ3|A0A7J6FUZ3_CANSA	A0A667I757	36.0	75	858	444	1.62e-08	55.1	8.5	16.9
tr|A0A7J6FUZ3|A0A7J6FUZ3_CANSA	A0A6J1Y9S1	36.0	75	858	444	1.62e-08	55.1	8.5	16.9
tr|A0A7J6FUZ3|A0A7J6FUZ3_CANSA	A0A7J8GYE7	36.0	75	858	444	1.62e-08	55.1	8.5	16.9
tr|A0A7J6FUZ3|A0A7J6FUZ3_CANSA	A0A8C6R659	36.0	75	858	444	1.62e-08	55.1	8.5	16.9
tr|A0A7J6FUZ3|A0A7J6FUZ3_CANSA	A0A8C7BV79	36.0	75	858	444	1.62e-08	55.1	8.5	16.9
tr|A0A7J6FUZ3|A0A7J6FUZ3_CANSA	A0A8C8WZ21	36.0	75	858	444	1.62e-08	55.1	8.5	16.9
tr|A0A7J6FUZ3|A0A7J6FUZ3_CANSA	A0A9W2VB67	36.0	75	858	444	1.62e-08	55.1	8.5	16.9
tr|A0A7J6FUZ3|A0A7J6FUZ3_CANSA	A0ABI7ZRS6	36.0	75	858	444	1.62e-08	55.1	8.5	16.9
tr|A0A7J6FUZ3|A0A7J6FUZ3_CANSA	A0ABP0AGF8	34.7	75	858	444	1.62e-08	55.1	8.5	16.9
tr|A0A7J6FUZ3|A0A7J6FUZ3_CANSA	A0AC58R0G0	36.0	75	858	444	1.62e-08	55.1	8.5	16.9
tr|A0A7J6FUZ3|A0A7J6FUZ3_CANSA	A0ACM8R4S8	37.3	75	858	444	1.62e-08	55.1	8.5	16.9
tr|A0A7J6FUZ3|A0A7J6FUZ3_CANSA	D2HUF7	34.7	75	858	444	1.62e-08	55.1	8.5	16.9
tr|A0A7J6FUZ3|A0A7J6FUZ3_CANSA	H2Q3U8	37.3	75	858	444	1.62e-08	55.1	8.5	16.9
tr|A0A7J6FUZ3|A0A7J6FUZ3_CANSA	K7BG07	37.3	75	858	444	1.62e-08	55.1	8.5	16.9
tr|A0A7J6FUZ3|A0A7J6FUZ3_CANSA	M3YRP0	36.0	75	858	444	1.62e-08	55.1	8.5	16.9
tr|A0A7J6FUZ3|A0A7J6FUZ3_CANSA	A0A667HQU3	36.0	75	858	452	1.65e-08	55.1	8.5	16.6
tr|A0A7J6FUZ3|A0A7J6FUZ3_CANSA	A0ACI8TAQ9	37.3	75	858	452	1.65e-08	55.1	8.5	16.6
tr|A0A7J6FUZ3|A0A7J6FUZ3_CANSA	A0A5N4DLW8	36.0	75	858	459	1.67e-08	55.1	8.5	16.3
tr|A0A7J6FUZ3|A0A7J6FUZ3_CANSA	A0A7N5KQ70	34.7	75	858	488	1.76e-08	55.1	8.5	15.4
tr|A0A7J6FUZ3|A0A7J6FUZ3_CANSA	A0A6J3BQ89	36.0	75	858	444	2.14e-08	54.7	8.5	16.9
tr|A0A7J6FUZ3|A0A7J6FUZ3_CANSA	A0A8M1GUG8	35.7	70	858	444	2.14e-08	54.7	7.9	15.8
tr|A0A7J6FUZ3|A0A7J6FUZ3_CANSA	A0A7N5KRR1	34.7	75	858	682	2.15e-08	55.1	8.5	11.0
tr|A0A7J6FUZ3|A0A7J6FUZ3_CANSA	A0A1A6FYU7	34.7	75	858	181	2.65e-08	52.0	8.5	41.4
tr|A0A7J6FUZ3|A0A7J6FUZ3_CANSA	A0A8I3RWD0	34.2	76	858	442	2.81e-08	54.3	8.6	17.2
tr|A0A7J6FUZ3|A0A7J6FUZ3_CANSA	A0A3Q7RBB5	34.2	76	858	444	2.83e-08	54.3	8.6	17.1
tr|A0A7J6FUZ3|A0A7J6FUZ3_CANSA	A0A6P3QLI8	36.0	75	858	444	2.83e-08	54.3	8.5	16.9
tr|A0A7J6FUZ3|A0A7J6FUZ3_CANSA	A0A8C0KGD9	34.2	76	858	444	2.83e-08	54.3	8.6	17.1
tr|A0A7J6FUZ3|A0A7J6FUZ3_CANSA	A0A6J2LZM4	36.0	75	858	444	3.73e-08	53.9	8.5	16.9
tr|A0A7J6FUZ3|A0A7J6FUZ3_CANSA	A0A8C3YP80	36.0	75	858	444	3.73e-08	53.9	8.5	16.9
tr|A0A7J6FUZ3|A0A7J6FUZ3_CANSA	A0A9B0U7Q0	36.0	75	858	444	3.73e-08	53.9	8.5	16.9
tr|A0A7J6FUZ3|A0A7J6FUZ3_CANSA	L5KQ77	36.0	75	858	379	4.19e-08	53.5	8.5	19.8
tr|A0A7J6FUZ3|A0A7J6FUZ3_CANSA	A0AAU9ZLW5	36.0	75	858	386	4.28e-08	53.5	8.5	19.4
tr|A0A7J6FUZ3|A0A7J6FUZ3_CANSA	A0A1U7Q654	36.0	75	858	444	4.92e-08	53.5	8.5	16.9
tr|A0A7J6FUZ3|A0A7J6FUZ3_CANSA	A0A8C2M1T6	36.0	75	858	444	4.92e-08	53.5	8.5	16.9
tr|A0A7J6FUZ3|A0A7J6FUZ3_CANSA	A0AAU9ZP26	36.0	75	858	444	4.92e-08	53.5	8.5	16.9
tr|A0A7J6FUZ3|A0A7J6FUZ3_CANSA	A0A3Q2HMZ7	35.7	70	858	432	6.34e-08	53.1	7.9	16.2
tr|A0A7J6FUZ3|A0A7J6FUZ3_CANSA	A0A8C4LS91	35.7	70	858	432	6.34e-08	53.1	7.9	16.2
tr|A0A7J6FUZ3|A0A7J6FUZ3_CANSA	A0A6B0RMM1	34.7	75	858	427	8.29e-08	52.8	8.5	17.6
tr|A0A7J6FUZ3|A0A7J6FUZ3_CANSA	A0A097P7B2	34.7	75	858	444	8.58e-08	52.8	8.5	16.9
tr|A0A7J6FUZ3|A0A7J6FUZ3_CANSA	A0A3Q7R172	34.7	75	858	444	8.58e-08	52.8	8.5	16.9
tr|A0A7J6FUZ3|A0A7J6FUZ3_CANSA	A0A452EQV5	34.7	75	858	444	8.58e-08	52.8	8.5	16.9
tr|A0A7J6FUZ3|A0A7J6FUZ3_CANSA	A0A481SFW3	34.7	75	858	444	8.58e-08	52.8	8.5	16.9
tr|A0A7J6FUZ3|A0A7J6FUZ3_CANSA	A0A4W2DUM0	34.7	75	858	444	8.58e-08	52.8	8.5	16.9
tr|A0A7J6FUZ3|A0A7J6FUZ3_CANSA	A0A5N3W3I1	34.7	75	858	444	8.58e-08	52.8	8.5	16.9
tr|A0A7J6FUZ3|A0A7J6FUZ3_CANSA	A0A5N3XT29	34.7	75	858	444	8.58e-08	52.8	8.5	16.9
tr|A0A7J6FUZ3|A0A7J6FUZ3_CANSA	A0A6J2BYR2	34.7	75	858	444	8.58e-08	52.8	8.5	16.9
tr|A0A7J6FUZ3|A0A7J6FUZ3_CANSA	A0A6P3IK26	34.7	75	858	444	8.58e-08	52.8	8.5	16.9
tr|A0A7J6FUZ3|A0A7J6FUZ3_CANSA	A0A6P5BJW1	34.7	75	858	444	8.58e-08	52.8	8.5	16.9
tr|A0A7J6FUZ3|A0A7J6FUZ3_CANSA	A0A8C6FN98	34.7	75	858	444	8.58e-08	52.8	8.5	16.9
tr|A0A7J6FUZ3|A0A7J6FUZ3_CANSA	A0AAD4Y1H9	34.7	75	858	444	8.58e-08	52.8	8.5	16.9
tr|A0A7J6FUZ3|A0A7J6FUZ3_CANSA	A0ACB9U9D1	34.7	75	858	444	8.58e-08	52.8	8.5	16.9
tr|A0A7J6FUZ3|A0A7J6FUZ3_CANSA	A0ACI6R8K8	34.7	75	858	444	8.58e-08	52.8	8.5	16.9
tr|A0A7J6FUZ3|A0A7J6FUZ3_CANSA	A0A4W2C7R9	34.7	75	858	469	8.97e-08	52.8	8.5	16.0
tr|A0A7J6FUZ3|A0A7J6FUZ3_CANSA	A0AAW0HMZ6	34.7	75	858	318	1.02e-07	52.0	8.5	23.6
tr|A0A7J6FUZ3|A0A7J6FUZ3_CANSA	A0A4W2E825	34.7	75	858	594	1.04e-07	52.8	8.5	12.6
tr|A0A7J6FUZ3|A0A7J6FUZ3_CANSA	A0A8C6I4C1	34.7	75	858	434	1.11e-07	52.4	8.5	17.3
tr|A0A7J6FUZ3|A0A7J6FUZ3_CANSA	A0A8C6I4F4	34.7	75	858	444	1.13e-07	52.4	8.5	16.9
tr|A0A7J6FUZ3|A0A7J6FUZ3_CANSA	A0A140TAE1	34.7	75	858	386	1.31e-07	52.0	8.5	19.4
tr|A0A7J6FUZ3|A0A7J6FUZ3_CANSA	A0A8I5ZWZ8	34.7	75	858	410	1.39e-07	52.0	8.5	18.3
tr|A0A7J6FUZ3|A0A7J6FUZ3_CANSA	A0ABQ0FSE9	34.7	75	858	426	1.44e-07	52.0	8.5	17.6
tr|A0A7J6FUZ3|A0A7J6FUZ3_CANSA	A0A6I9MEG9	34.7	75	858	444	1.49e-07	52.0	8.5	16.9
tr|A0A7J6FUZ3|A0A7J6FUZ3_CANSA	A0A6P5P6I7	34.7	75	858	444	1.49e-07	52.0	8.5	16.9
tr|A0A7J6FUZ3|A0A7J6FUZ3_CANSA	A0ACF6GY87	34.7	75	858	444	1.49e-07	52.0	8.5	16.9
tr|A0A7J6FUZ3|A0A7J6FUZ3_CANSA	A0A8C9PAG7	37.1	70	858	368	2.18e-07	51.2	7.9	19.0
tr|A0A7J6FUZ3|A0A7J6FUZ3_CANSA	A0A8C6D993	32.0	75	858	443	3.43e-07	50.8	8.5	16.9
tr|A0A7J6FUZ3|A0A7J6FUZ3_CANSA	A0ABM0LNH9	33.3	75	858	444	4.53e-07	50.4	8.5	16.9
tr|A0A7J6FUZ3|A0A7J6FUZ3_CANSA	A0A5G2QYW5	34.2	76	858	407	5.14e-06	47.0	8.4	17.4
tr|A0A7J6G6E0|A0A7J6G6E0_CANSA	A0A2Z6IJ65	51.1	323	623	642	4.16e-101	318	47.5	50.2
tr|A0A7J6DP00|A0A7J6DP00_CANSA	A0A0P6J9I4	28.2	444	447	443	2.49e-46	163	91.9	92.1
tr|A0A7J6DP00|A0A7J6DP00_CANSA	A0AAX6SEX2	27.5	432	447	397	1.37e-45	160	91.9	91.2
tr|A0A7J6DP00|A0A7J6DP00_CANSA	A0A6P3FJ34	28.1	442	447	444	2.51e-44	158	91.9	91.9
tr|A0A7J6DP00|A0A7J6DP00_CANSA	A0A8C6R659	28.0	443	447	444	3.48e-44	157	91.9	91.9
tr|A0A7J6DP00|A0A7J6DP00_CANSA	A0ABM0LNH9	28.4	450	447	444	6.70e-44	157	91.9	91.9
tr|A0A7J6DP00|A0A7J6DP00_CANSA	A0ABN8YZR8	26.8	418	447	444	1.79e-43	155	88.1	88.1
tr|A0A7J6DP00|A0A7J6DP00_CANSA	A0A4W2DUM0	27.1	425	447	444	6.59e-43	154	88.1	88.1
tr|A0A7J6DP00|A0A7J6DP00_CANSA	A0A6J0ZEQ7	26.8	425	447	444	1.27e-42	153	88.1	88.1
tr|A0A7J6DP00|A0A7J6DP00_CANSA	A0A8C7BV79	26.9	424	447	444	1.27e-42	153	88.1	88.1
tr|A0A7J6DP00|A0A7J6DP00_CANSA	A0A8D2H2L7	28.8	445	447	444	1.27e-42	153	91.9	91.9
tr|A0A7J6DP00|A0A7J6DP00_CANSA	A0A2Y9DZ14	27.0	445	447	444	1.75e-42	153	91.9	91.9
tr|A0A7J6DP00|A0A7J6DP00_CANSA	A0AAX6SFR9	25.8	466	447	479	2.29e-42	153	91.9	92.7
tr|A0A7J6DP00|A0A7J6DP00_CANSA	A0A2K6FU00	27.4	445	447	444	2.43e-42	152	91.9	91.9
tr|A0A7J6DP00|A0A7J6DP00_CANSA	A0A452EQV5	27.3	425	447	444	2.43e-42	152	88.1	88.1
tr|A0A7J6DP00|A0A7J6DP00_CANSA	A0A481SFW3	27.3	425	447	444	2.43e-42	152	88.1	88.1
tr|A0A7J6DP00|A0A7J6DP00_CANSA	A0A6P5BJW1	27.3	425	447	444	2.43e-42	152	88.1	88.1
tr|A0A7J6DP00|A0A7J6DP00_CANSA	A0AAD4Y1H9	27.3	425	447	444	2.43e-42	152	88.1	88.1
tr|A0A7J6DP00|A0A7J6DP00_CANSA	A0ACB9U9D1	27.3	425	447	444	2.43e-42	152	88.1	88.1
tr|A0A7J6DP00|A0A7J6DP00_CANSA	A0ACI6R8K8	27.3	425	447	444	2.43e-42	152	88.1	88.1
tr|A0A7J6DP00|A0A7J6DP00_CANSA	G1SJU8	26.4	444	447	444	2.43e-42	152	91.9	91.9
tr|A0A7J6DP00|A0A7J6DP00_CANSA	A0A6B0RMM1	27.3	425	447	427	2.47e-42	152	88.1	91.6
tr|A0A7J6DP00|A0A7J6DP00_CANSA	A0A0U3TC30	26.4	444	447	444	3.37e-42	152	91.9	91.9
tr|A0A7J6DP00|A0A7J6DP00_CANSA	A0A1U7U4P0	27.3	428	447	444	3.37e-42	152	88.1	88.1
tr|A0A7J6DP00|A0A7J6DP00_CANSA	A0A6P3IK26	27.3	425	447	444	3.37e-42	152	88.1	88.1
tr|A0A7J6DP00|A0A7J6DP00_CANSA	A0A097P7B2	27.3	425	447	444	4.66e-42	152	88.1	88.1
tr|A0A7J6DP00|A0A7J6DP00_CANSA	M3YRP0	26.9	424	447	444	6.45e-42	151	88.1	88.1
tr|A0A7J6DP00|A0A7J6DP00_CANSA	A0A1S2ZY34	27.6	445	447	444	8.93e-42	151	92.6	92.6
tr|A0A7J6DP00|A0A7J6DP00_CANSA	A0A6I8NAX3	28.8	441	447	444	8.93e-42	151	91.9	91.9
tr|A0A7J6DP00|A0A7J6DP00_CANSA	A0A7J8EPY8	27.0	418	447	444	8.93e-42	151	88.1	88.1
tr|A0A7J6DP00|A0A7J6DP00_CANSA	A0A8C6FN98	27.1	425	447	444	8.93e-42	151	88.1	88.1
tr|A0A7J6DP00|A0A7J6DP00_CANSA	A0A9B0U7Q0	27.2	449	447	444	1.24e-41	150	91.9	91.9
tr|A0A7J6DP00|A0A7J6DP00_CANSA	A0ABP0AGF8	27.1	443	447	444	1.24e-41	150	91.9	91.9
tr|A0A7J6DP00|A0A7J6DP00_CANSA	D2XT13	27.3	425	447	444	1.71e-41	150	88.1	88.1
tr|A0A7J6DP00|A0A7J6DP00_CANSA	F1RKS7	27.3	425	447	427	1.75e-41	150	88.1	91.6
tr|A0A7J6DP00|A0A7J6DP00_CANSA	A0A8C9AGB6	27.2	445	447	444	2.37e-41	150	91.9	91.9
tr|A0A7J6DP00|A0A7J6DP00_CANSA	A0A7J7RTC3	26.3	426	447	444	6.28e-41	149	88.1	88.1
tr|A0A7J6DP00|A0A7J6DP00_CANSA	A0ACI8TA36	27.7	447	447	422	1.13e-40	147	93.5	93.1
tr|A0A7J6DP00|A0A7J6DP00_CANSA	A0A2Y9GTG8	27.3	444	447	444	1.20e-40	148	91.9	91.9
tr|A0A7J6DP00|A0A7J6DP00_CANSA	A0A8C6I4F4	28.3	442	447	444	1.20e-40	148	91.9	91.9
tr|A0A7J6DP00|A0A7J6DP00_CANSA	A0A8C8WZ21	27.4	427	447	444	1.20e-40	148	88.1	88.1
tr|A0A7J6DP00|A0A7J6DP00_CANSA	A0A9W2VB67	27.4	427	447	444	1.20e-40	148	88.1	88.1
tr|A0A7J6DP00|A0A7J6DP00_CANSA	A0ABI7ZRS6	27.4	427	447	444	1.20e-40	148	88.1	88.1
tr|A0A7J6DP00|A0A7J6DP00_CANSA	A0A6J1Y9U7	27.8	414	447	398	1.38e-40	147	88.1	86.7
tr|A0A7J6DP00|A0A7J6DP00_CANSA	A0A8C6D993	26.7	423	447	443	1.63e-40	147	88.1	88.0
tr|A0A7J6DP00|A0A7J6DP00_CANSA	A0A1U7Q654	27.4	438	447	444	1.66e-40	147	91.9	91.9
tr|A0A7J6DP00|A0A7J6DP00_CANSA	A0A5N3W3I1	26.8	425	447	444	1.66e-40	147	88.1	88.1
tr|A0A7J6DP00|A0A7J6DP00_CANSA	A0A5N3XT29	26.8	425	447	444	1.66e-40	147	88.1	88.1
tr|A0A7J6DP00|A0A7J6DP00_CANSA	A0A6J1Y9S1	27.4	427	447	444	1.66e-40	147	88.1	88.1
tr|A0A7J6DP00|A0A7J6DP00_CANSA	A0A8C3YP80	26.2	427	447	444	1.66e-40	147	88.1	88.1
tr|A0A7J6DP00|A0A7J6DP00_CANSA	A0A8D2B8T4	27.1	450	447	444	1.66e-40	147	91.9	91.9
tr|A0A7J6DP00|A0A7J6DP00_CANSA	I3MN09	26.4	443	447	444	1.66e-40	147	91.9	91.9
tr|A0A7J6DP00|A0A7J6DP00_CANSA	A0A340XT28	26.7	424	447	424	2.24e-40	147	88.1	91.5
tr|A0A7J6DP00|A0A7J6DP00_CANSA	A0A5E4B1S8	27.1	442	447	444	2.30e-40	147	91.9	91.9
tr|A0A7J6DP00|A0A7J6DP00_CANSA	A0A8C5L4Y9	28.2	447	447	444	2.30e-40	147	91.9	91.9
tr|A0A7J6DP00|A0A7J6DP00_CANSA	A0A9V1DYJ1	27.8	414	447	398	2.65e-40	146	88.1	86.7
tr|A0A7J6DP00|A0A7J6DP00_CANSA	A0A8C5YNB8	26.9	442	447	436	2.77e-40	147	91.9	93.6
tr|A0A7J6DP00|A0A7J6DP00_CANSA	A0A485NIT7	27.2	427	447	444	3.17e-40	147	88.1	88.1
tr|A0A7J6DP00|A0A7J6DP00_CANSA	A0A667I757	27.2	427	447	444	3.17e-40	147	88.1	88.1
tr|A0A7J6DP00|A0A7J6DP00_CANSA	A0A6J3BQ89	26.5	441	447	444	3.17e-40	147	91.9	91.9
tr|A0A7J6DP00|A0A7J6DP00_CANSA	A0ACF8I8R0	26.9	442	447	444	3.17e-40	147	91.9	91.9
tr|A0A7J6DP00|A0A7J6DP00_CANSA	A0A667HQU3	27.2	427	447	452	3.63e-40	147	88.1	86.5
tr|A0A7J6DP00|A0A7J6DP00_CANSA	A0A3Q7R172	26.8	444	447	444	4.39e-40	146	91.9	91.9
tr|A0A7J6DP00|A0A7J6DP00_CANSA	A0A6J2BYR2	26.8	444	447	444	4.39e-40	146	91.9	91.9
tr|A0A7J6DP00|A0A7J6DP00_CANSA	A0A8B7VPM7	28.3	421	447	444	4.39e-40	146	88.1	88.1
tr|A0A7J6DP00|A0A7J6DP00_CANSA	A0A2U3WMF1	26.1	441	447	444	6.06e-40	146	91.9	91.9
tr|A0A7J6DP00|A0A7J6DP00_CANSA	A0ACF6GY87	28.1	448	447	444	6.06e-40	146	91.9	91.9
tr|A0A7J6DP00|A0A7J6DP00_CANSA	A0A2K6MTW7	26.9	442	447	444	8.38e-40	145	91.9	91.9
tr|A0A7J6DP00|A0A7J6DP00_CANSA	A0A2K6QZH9	26.9	442	447	444	8.38e-40	145	91.9	91.9
tr|A0A7J6DP00|A0A7J6DP00_CANSA	A0A8C2M1T6	28.2	454	447	444	8.38e-40	145	91.9	91.9
tr|A0A7J6DP00|A0A7J6DP00_CANSA	A0ACF8NVM1	26.9	442	447	444	8.38e-40	145	91.9	91.9
tr|A0A7J6DP00|A0A7J6DP00_CANSA	A0A8C6I4C1	28.5	425	447	434	9.78e-40	145	88.1	90.1
tr|A0A7J6DP00|A0A7J6DP00_CANSA	A0A8I3RWD0	26.9	417	447	442	1.12e-39	145	88.1	88.0
tr|A0A7J6DP00|A0A7J6DP00_CANSA	A0A8B6Y5Q9	26.4	424	447	443	1.14e-39	145	88.1	88.3
tr|A0A7J6DP00|A0A7J6DP00_CANSA	A0A3Q7RBB5	26.8	418	447	444	1.16e-39	145	88.1	88.1
tr|A0A7J6DP00|A0A7J6DP00_CANSA	A0A8C0KGD9	26.8	418	447	444	1.16e-39	145	88.1	88.1
tr|A0A7J6DP00|A0A7J6DP00_CANSA	A0AC58R0G0	26.4	424	447	444	1.16e-39	145	88.1	88.1
tr|A0A7J6DP00|A0A7J6DP00_CANSA	A0A1S3G6I7	27.8	439	447	447	1.22e-39	145	91.9	91.3
tr|A0A7J6DP00|A0A7J6DP00_CANSA	A0ABM4HDD4	25.9	448	447	472	1.31e-39	145	88.1	88.8
tr|A0A7J6DP00|A0A7J6DP00_CANSA	A0A8B7A5H7	26.4	432	447	398	1.35e-39	144	91.9	91.0
tr|A0A7J6DP00|A0A7J6DP00_CANSA	A0A2K5KFD0	26.9	442	447	444	1.60e-39	145	91.9	91.9
tr|A0A7J6DP00|A0A7J6DP00_CANSA	A0A2R9BKZ6	26.5	449	447	444	1.60e-39	145	93.5	93.5
tr|A0A7J6DP00|A0A7J6DP00_CANSA	A0AAU9ZP26	27.9	456	447	444	1.60e-39	145	91.9	91.9
tr|A0A7J6DP00|A0A7J6DP00_CANSA	A0ABM0S421	27.3	433	447	444	1.60e-39	145	88.1	88.1
tr|A0A7J6DP00|A0A7J6DP00_CANSA	A0ACM8R4S8	26.5	449	447	444	1.60e-39	145	93.5	93.5
tr|A0A7J6DP00|A0A7J6DP00_CANSA	H2Q3U8	26.5	449	447	444	1.60e-39	145	93.5	93.5
tr|A0A7J6DP00|A0A7J6DP00_CANSA	G3SV00	26.8	444	447	447	1.68e-39	145	91.9	91.3
tr|A0A7J6DP00|A0A7J6DP00_CANSA	A0ACI8TAQ9	26.9	454	447	452	1.82e-39	145	93.5	93.6
tr|A0A7J6DP00|A0A7J6DP00_CANSA	A0AA41T7J5	26.9	450	447	444	2.21e-39	144	91.9	91.9
tr|A0A7J6DP00|A0A7J6DP00_CANSA	K7BG07	26.5	449	447	444	2.21e-39	144	93.5	93.5
tr|A0A7J6DP00|A0A7J6DP00_CANSA	A0ABQ0FSE9	28.2	439	447	426	2.25e-39	144	88.1	91.8
tr|A0A7J6DP00|A0A7J6DP00_CANSA	A0A340XSB0	26.4	424	447	427	2.29e-39	144	88.1	91.6
tr|A0A7J6DP00|A0A7J6DP00_CANSA	A0A0D9R2C8	27.3	425	447	444	3.05e-39	144	88.1	88.1
tr|A0A7J6DP00|A0A7J6DP00_CANSA	A0A2K5NWS9	27.3	425	447	444	3.05e-39	144	88.1	88.1
tr|A0A7J6DP00|A0A7J6DP00_CANSA	A0A2K6D4T4	27.3	425	447	444	3.05e-39	144	88.1	88.1
tr|A0A7J6DP00|A0A7J6DP00_CANSA	A0A340XLC4	26.4	424	447	444	3.05e-39	144	88.1	88.1
tr|A0A7J6DP00|A0A7J6DP00_CANSA	A0A671DRA6	27.2	449	447	444	3.05e-39	144	91.9	91.9
tr|A0A7J6DP00|A0A7J6DP00_CANSA	A0A6I9MEG9	27.5	458	447	444	3.05e-39	144	91.9	91.9
tr|A0A7J6DP00|A0A7J6DP00_CANSA	A0A8C9GT53	26.9	442	447	444	3.05e-39	144	91.9	91.9
tr|A0A7J6DP00|A0A7J6DP00_CANSA	A0A8D2FBF1	27.3	425	447	444	3.05e-39	144	88.1	88.1
tr|A0A7J6DP00|A0A7J6DP00_CANSA	F6YUF6	27.3	425	447	444	3.05e-39	144	88.1	88.1
tr|A0A7J6DP00|A0A7J6DP00_CANSA	H9G216	27.3	425	447	444	3.05e-39	144	88.1	88.1
tr|A0A7J6DP00|A0A7J6DP00_CANSA	A0A6P5IRF7	27.6	434	447	446	3.15e-39	144	91.9	91.5
tr|A0A7J6DP00|A0A7J6DP00_CANSA	A0A1D5Q079	27.3	425	447	457	3.76e-39	144	88.1	85.6
tr|A0A7J6DP00|A0A7J6DP00_CANSA	A0A7N9CBC3	27.3	425	447	457	3.76e-39	144	88.1	85.6
tr|A0A7J6DP00|A0A7J6DP00_CANSA	A0A2Y9JS87	26.4	444	447	444	4.22e-39	144	91.9	91.9
tr|A0A7J6DP00|A0A7J6DP00_CANSA	A0A7J7RH61	26.2	442	447	444	4.22e-39	144	91.9	91.9
tr|A0A7J6DP00|A0A7J6DP00_CANSA	A0A6P5P6I7	27.6	442	447	444	5.82e-39	143	91.9	91.9
tr|A0A7J6DP00|A0A7J6DP00_CANSA	A0A6I8N6K6	27.6	431	447	407	5.88e-39	142	91.9	91.2
tr|A0A7J6DP00|A0A7J6DP00_CANSA	A0ACI8TA33	26.1	449	447	443	7.91e-39	143	93.5	93.5
tr|A0A7J6DP00|A0A7J6DP00_CANSA	A0A2Y9PVZ8	26.8	418	447	444	8.04e-39	143	88.1	88.1
tr|A0A7J6DP00|A0A7J6DP00_CANSA	A0A673TLX2	26.6	444	447	444	8.04e-39	143	91.9	91.9
tr|A0A7J6DP00|A0A7J6DP00_CANSA	A0A8C6C1G1	26.8	418	447	444	8.04e-39	143	88.1	88.1
tr|A0A7J6DP00|A0A7J6DP00_CANSA	A0AA40HR57	26.2	442	447	444	8.04e-39	143	91.9	91.9
tr|A0A7J6DP00|A0A7J6DP00_CANSA	A0A7J8EQ56	26.1	410	447	390	8.21e-39	142	88.1	90.8
tr|A0A7J6DP00|A0A7J6DP00_CANSA	A0A341BRA6	26.3	418	447	444	1.11e-38	142	88.1	88.1
tr|A0A7J6DP00|A0A7J6DP00_CANSA	A0A6J3RQ21	26.6	418	447	444	1.11e-38	142	88.1	88.1
tr|A0A7J6DP00|A0A7J6DP00_CANSA	A0A8C9CC49	26.3	418	447	444	1.11e-38	142	88.1	88.1
tr|A0A7J6DP00|A0A7J6DP00_CANSA	A0A8B7SFT2	26.7	449	447	444	2.11e-38	142	91.9	91.9
tr|A0A7J6DP00|A0A7J6DP00_CANSA	A0A5G2QYW5	26.4	417	447	407	2.97e-38	140	88.1	87.0
tr|A0A7J6DP00|A0A7J6DP00_CANSA	A0A7N4NYQ1	27.0	441	447	446	3.01e-38	141	91.9	91.5
tr|A0A7J6DP00|A0A7J6DP00_CANSA	A0A3Q2HMZ7	26.4	428	447	432	3.31e-38	141	88.1	90.5
tr|A0A7J6DP00|A0A7J6DP00_CANSA	A0A8C4LS91	26.4	428	447	432	3.31e-38	141	88.1	90.5
tr|A0A7J6DP00|A0A7J6DP00_CANSA	A0ABM4JZQ6	26.4	428	447	444	4.02e-38	141	88.1	88.1
tr|A0A7J6DP00|A0A7J6DP00_CANSA	A0A8B8Y3A2	26.3	418	447	444	5.55e-38	140	88.1	88.1
tr|A0A7J6DP00|A0A7J6DP00_CANSA	A0ABM3U182	26.3	418	447	444	5.55e-38	140	88.1	88.1
tr|A0A7J6DP00|A0A7J6DP00_CANSA	D2HUF7	27.6	434	447	444	5.55e-38	140	88.1	88.1
tr|A0A7J6DP00|A0A7J6DP00_CANSA	A0A7N4PD85	27.0	441	447	488	5.59e-38	141	91.9	83.6
tr|A0A7J6DP00|A0A7J6DP00_CANSA	A0A5N4DLW8	26.0	430	447	459	6.99e-38	140	88.1	88.5
tr|A0A7J6DP00|A0A7J6DP00_CANSA	A0ACI6Q519	26.1	417	447	407	7.85e-38	139	88.1	87.0
tr|A0A7J6DP00|A0A7J6DP00_CANSA	A0A3Q2HPL9	26.4	428	447	490	7.90e-38	141	88.1	79.8
tr|A0A7J6DP00|A0A7J6DP00_CANSA	A0A8J8YDV0	25.9	441	447	444	1.06e-37	140	91.9	91.9
tr|A0A7J6DP00|A0A7J6DP00_CANSA	U3EAX4	25.9	441	447	444	1.06e-37	140	91.9	91.9
tr|A0A7J6DP00|A0A7J6DP00_CANSA	A0A8C5W438	26.3	445	447	427	1.11e-37	139	91.9	95.6
tr|A0A7J6DP00|A0A7J6DP00_CANSA	A0A9L0RMC9	25.9	441	447	469	1.12e-37	140	88.1	88.7
tr|A0A7J6DP00|A0A7J6DP00_CANSA	A0ACI8RCU9	27.2	445	447	398	1.28e-37	139	93.5	92.7
tr|A0A7J6DP00|A0A7J6DP00_CANSA	A0A9L0S1H2	26.1	440	447	460	1.35e-37	140	88.1	88.5
tr|A0A7J6DP00|A0A7J6DP00_CANSA	A0A4X2K3C7	26.8	436	447	446	1.50e-37	139	91.9	91.5
tr|A0A7J6DP00|A0A7J6DP00_CANSA	A0AC58R0E2	26.7	415	447	398	2.44e-37	138	88.1	86.7
tr|A0A7J6DP00|A0A7J6DP00_CANSA	A0A6P3QLI8	26.1	448	447	444	2.76e-37	139	91.9	91.9
tr|A0A7J6DP00|A0A7J6DP00_CANSA	A0A1D5QW98	27.8	421	447	409	4.09e-37	137	88.1	87.0
tr|A0A7J6DP00|A0A7J6DP00_CANSA	A0A2K5U5T7	27.8	421	447	409	4.09e-37	137	88.1	87.0
tr|A0A7J6DP00|A0A7J6DP00_CANSA	A0A2K5ZTN0	27.8	421	447	409	4.09e-37	137	88.1	87.0
tr|A0A7J6DP00|A0A7J6DP00_CANSA	A0A2K5ZTJ1	27.5	422	447	422	5.09e-37	137	88.1	87.4
tr|A0A7J6DP00|A0A7J6DP00_CANSA	A0A096N608	27.5	422	447	409	5.65e-37	137	88.1	87.0
tr|A0A7J6DP00|A0A7J6DP00_CANSA	A0A7J8GYE7	25.6	441	447	444	7.23e-37	137	91.9	91.9
tr|A0A7J6DP00|A0A7J6DP00_CANSA	A0A8M1GUG8	26.7	424	447	444	7.23e-37	137	88.1	88.1
tr|A0A7J6DP00|A0A7J6DP00_CANSA	H0WQ14	25.7	435	447	447	1.04e-36	137	91.9	91.3
tr|A0A7J6DP00|A0A7J6DP00_CANSA	A0A6J3RQR0	26.3	415	447	398	1.23e-36	136	88.1	86.7
tr|A0A7J6DP00|A0A7J6DP00_CANSA	A0A7J7FD96	25.4	437	447	444	1.37e-36	137	91.9	91.9
tr|A0A7J6DP00|A0A7J6DP00_CANSA	A0ABM0I036	25.4	437	447	444	1.37e-36	137	91.9	91.9
tr|A0A7J6DP00|A0A7J6DP00_CANSA	A0A2K6UA82	25.6	441	447	444	1.89e-36	136	91.9	91.9
tr|A0A7J6DP00|A0A7J6DP00_CANSA	A0A2K5PNC7	25.6	441	447	444	2.60e-36	136	91.9	91.9
tr|A0A7J6DP00|A0A7J6DP00_CANSA	A0A6J2LZM4	25.8	442	447	444	2.60e-36	136	91.9	91.9
tr|A0A7J6DP00|A0A7J6DP00_CANSA	A0A6J3IAN6	25.6	441	447	444	2.60e-36	136	91.9	91.9
tr|A0A7J6DP00|A0A7J6DP00_CANSA	L8Y1X2	26.2	439	447	453	2.97e-36	136	88.1	88.3
tr|A0A7J6DP00|A0A7J6DP00_CANSA	A0A8I6A6F8	26.5	441	447	407	3.77e-36	135	91.9	91.2
tr|A0A7J6DP00|A0A7J6DP00_CANSA	A0A2K5EUF8	25.1	435	447	444	6.78e-36	135	91.9	91.9
tr|A0A7J6DP00|A0A7J6DP00_CANSA	A0ABM4HDC7	25.0	440	447	435	1.12e-35	134	88.1	87.8
tr|A0A7J6DP00|A0A7J6DP00_CANSA	A0ACI6S0X0	25.7	413	447	424	2.47e-35	133	88.1	85.4
tr|A0A7J6DP00|A0A7J6DP00_CANSA	A0A3Q2L545	25.0	420	447	407	9.33e-35	131	88.1	87.0
tr|A0A7J6DP00|A0A7J6DP00_CANSA	A0A8I5TZB8	24.7	434	447	407	1.77e-34	130	93.5	92.9
tr|A0A7J6DP00|A0A7J6DP00_CANSA	A0A4X2K0X7	25.5	458	447	478	1.87e-34	131	91.9	92.1
tr|A0A7J6DP00|A0A7J6DP00_CANSA	A0A2Y9GPL9	25.6	433	447	402	3.97e-33	126	91.9	91.0
tr|A0A7J6DP00|A0A7J6DP00_CANSA	L5KQ77	26.0	438	447	379	1.35e-32	124	91.9	90.5
tr|A0A7J6DP00|A0A7J6DP00_CANSA	A0A8C9CKS5	24.9	406	447	410	1.47e-31	122	88.1	87.1
tr|A0A7J6DP00|A0A7J6DP00_CANSA	A0A8I5ZWZ8	25.8	446	447	410	3.78e-31	121	91.9	91.2
tr|A0A7J6DP00|A0A7J6DP00_CANSA	A0A2K5ZTD4	25.4	433	447	437	3.96e-31	121	88.1	87.9
tr|A0A7J6DP00|A0A7J6DP00_CANSA	A0A8C4LLG8	24.8	416	447	410	1.82e-30	119	88.1	87.1
tr|A0A7J6DP00|A0A7J6DP00_CANSA	F6SIL5	24.8	416	447	410	1.82e-30	119	88.1	87.1
tr|A0A7J6DP00|A0A7J6DP00_CANSA	A0ACI8QW41	25.4	453	447	402	3.05e-30	118	93.5	92.8
tr|A0A7J6DP00|A0A7J6DP00_CANSA	A0A9L0R8Q0	24.8	416	447	402	5.72e-30	117	88.1	86.8
tr|A0A7J6DP00|A0A7J6DP00_CANSA	A0A7J7RTH3	24.9	397	447	386	3.00e-29	115	81.7	93.8
tr|A0A7J6DP00|A0A7J6DP00_CANSA	A0A7J8ER13	25.4	389	447	386	5.62e-29	114	81.7	93.8
tr|A0A7J6DP00|A0A7J6DP00_CANSA	A0A287BJC4	25.5	396	447	402	7.01e-29	114	81.7	90.0
tr|A0A7J6DP00|A0A7J6DP00_CANSA	A0A5N3XHK2	23.4	428	447	411	2.00e-28	113	88.1	87.1
tr|A0A7J6DP00|A0A7J6DP00_CANSA	A0A6I8N7H0	27.1	395	447	402	8.46e-28	111	81.7	90.0
tr|A0A7J6DP00|A0A7J6DP00_CANSA	A0AAX6QFU4	30.1	229	447	436	1.26e-27	111	46.8	50.0
tr|A0A7J6DP00|A0A7J6DP00_CANSA	A0A7J8EQA1	25.3	388	447	460	1.59e-27	111	81.4	78.5
tr|A0A7J6DP00|A0A7J6DP00_CANSA	A0AAX6SE18	30.1	229	447	472	1.77e-27	111	46.8	46.2
tr|A0A7J6DP00|A0A7J6DP00_CANSA	A0A7J7RTY1	28.9	232	447	263	4.97e-27	106	47.4	84.0
tr|A0A7J6DP00|A0A7J6DP00_CANSA	A0A140TAE1	26.1	410	447	386	6.05e-27	108	81.7	93.8
tr|A0A7J6DP00|A0A7J6DP00_CANSA	A0ACI8TAX1	24.9	414	447	402	7.40e-27	108	85.7	94.5
tr|A0A7J6DP00|A0A7J6DP00_CANSA	A0AAU9ZLW5	26.3	410	447	386	1.53e-26	107	81.7	93.8
tr|A0A7J6DP00|A0A7J6DP00_CANSA	G3R9J3	29.6	243	447	255	7.36e-26	103	48.3	88.2
tr|A0A7J6DP00|A0A7J6DP00_CANSA	A0AAW0HMZ6	29.8	248	447	318	9.31e-26	104	49.2	72.3
tr|A0A7J6DP00|A0A7J6DP00_CANSA	A0A6P6H6F8	30.1	229	447	299	1.26e-25	103	46.8	72.9
tr|A0A7J6DP00|A0A7J6DP00_CANSA	A0A8C9PAG7	25.3	391	447	368	1.44e-25	104	81.4	96.5
tr|A0A7J6DP00|A0A7J6DP00_CANSA	A0ABM0J532	28.4	229	447	386	2.47e-25	104	46.8	56.5
tr|A0A7J6DP00|A0A7J6DP00_CANSA	A0A4W2C7R9	28.4	229	447	469	5.45e-25	104	46.8	46.5
tr|A0A7J6DP00|A0A7J6DP00_CANSA	A0A455CBT0	29.3	229	447	263	5.78e-25	100	46.8	82.9
tr|A0A7J6DP00|A0A7J6DP00_CANSA	A0A4W2E825	28.4	229	447	594	9.79e-25	104	46.8	36.7
tr|A0A7J6DP00|A0A7J6DP00_CANSA	A0A7J8GYM1	24.1	395	447	386	1.14e-24	102	81.7	93.8
tr|A0A7J6DP00|A0A7J6DP00_CANSA	A0A7N4PCZ6	30.5	226	447	513	1.30e-24	103	46.8	42.5
tr|A0A7J6DP00|A0A7J6DP00_CANSA	A0A7F8QHJ6	29.3	229	447	294	2.64e-24	99.8	46.8	74.1
tr|A0A7J6DP00|A0A7J6DP00_CANSA	A0A7N5KRR1	30.6	229	447	682	3.75e-24	102	46.8	32.0
tr|A0A7J6DP00|A0A7J6DP00_CANSA	A0A811XXW4	25.4	335	447	602	1.39e-23	100	71.4	51.2
tr|A0A7J6DP00|A0A7J6DP00_CANSA	L5LCQ8	22.6	430	447	383	1.45e-22	96.3	91.9	95.0
tr|A0A7J6DP00|A0A7J6DP00_CANSA	A0ACI8TB36	22.0	422	447	344	1.69e-22	95.5	93.5	91.6
tr|A0A7J6DP00|A0A7J6DP00_CANSA	A0A1S3G0K3	30.1	226	447	494	1.06e-21	94.7	46.8	44.1
tr|A0A7J6DP00|A0A7J6DP00_CANSA	A0A8D0VQW6	25.8	260	447	307	2.36e-18	82.8	55.3	73.3
tr|A0A7J6DP00|A0A7J6DP00_CANSA	A0A7F8QKG8	29.2	185	447	252	1.22e-17	79.7	36.9	69.0
tr|A0A7J6DP00|A0A7J6DP00_CANSA	A0A7N5KQ70	27.6	217	447	488	2.69e-17	81.3	46.8	37.7
tr|A0A7J6DP00|A0A7J6DP00_CANSA	A0A7J7RHE6	27.0	185	447	211	2.34e-16	75.1	36.9	82.5
tr|A0A7J6DP00|A0A7J6DP00_CANSA	A0A8J5ZV45	29.5	183	447	633	3.50e-16	78.2	36.9	27.5
tr|A0A7J6DP00|A0A7J6DP00_CANSA	A0A7J8EQ12	49.2	61	447	265	1.03e-15	74.3	13.6	23.0
tr|A0A7J6DP00|A0A7J6DP00_CANSA	F6YXC7	26.6	192	447	224	1.36e-15	73.2	36.9	77.7
tr|A0A7J6DP00|A0A7J6DP00_CANSA	A0ACI8RTL1	24.5	253	447	307	1.70e-15	74.3	55.7	77.2
tr|A0A7J6DP00|A0A7J6DP00_CANSA	A0A5N4E140	28.0	189	447	239	5.83e-15	71.6	37.8	74.5
tr|A0A7J6DP00|A0A7J6DP00_CANSA	A0ACF8K989	44.4	54	447	224	9.53e-14	67.8	12.1	24.1
tr|A0A7J6DP00|A0A7J6DP00_CANSA	A0ACB9UWW7	41.5	53	447	106	2.43e-13	63.5	11.9	50.0
tr|A0A7J6DP00|A0A7J6DP00_CANSA	A0A452QWW6	45.3	53	447	318	5.09e-13	67.0	11.9	16.7
tr|A0A7J6DP00|A0A7J6DP00_CANSA	A0A1A6FYU7	31.1	148	447	181	5.17e-13	64.7	29.8	74.0
tr|A0A7J6DP00|A0A7J6DP00_CANSA	G1Q9U6	26.7	180	447	201	2.50e-12	63.2	36.0	83.6
tr|A0A7J6DP00|A0A7J6DP00_CANSA	A0A7J7RH08	43.4	53	447	279	2.83e-12	64.3	11.9	19.0
tr|A0A7J6DP00|A0A7J6DP00_CANSA	A0A8B7KGW4	30.8	104	447	207	6.84e-12	62.0	21.5	50.2
tr|A0A7J6DP00|A0A7J6DP00_CANSA	A0A452EYR0	45.9	61	447	363	2.88e-11	62.0	13.6	16.5
tr|A0A7J6DP00|A0A7J6DP00_CANSA	A0ABQ9UTF0	41.3	46	447	151	2.46e-10	56.2	10.3	30.5
tr|A0A7J6DW75|A0A7J6DW75_CANSA	A0A7J7RTY1	40.5	74	1487	263	7.01e-10	58.9	4.8	27.8
tr|A0A7J6DW75|A0A7J6DW75_CANSA	A0ABP0AGF8	41.9	74	1487	444	1.50e-09	59.3	4.8	16.4
tr|A0A7J6DW75|A0A7J6DW75_CANSA	A0A7J7RTH3	40.5	74	1487	386	1.65e-09	58.9	4.8	18.9
tr|A0A7J6DW75|A0A7J6DW75_CANSA	A0A7J7RTC3	40.5	74	1487	444	1.99e-09	58.9	4.8	16.4
tr|A0A7J6DW75|A0A7J6DW75_CANSA	A0A673TLX2	40.3	72	1487	444	3.46e-09	58.2	4.8	16.2
tr|A0A7J6DW75|A0A7J6DW75_CANSA	A0A452QWW6	37.5	72	1487	318	3.60e-09	57.4	4.8	22.6
tr|A0A7J6DW75|A0A7J6DW75_CANSA	A0A7J7RHE6	36.1	72	1487	211	5.19e-09	55.5	4.8	34.1
tr|A0A7J6DW75|A0A7J6DW75_CANSA	A0A8M1GUG8	37.5	72	1487	444	6.02e-09	57.4	4.8	16.2
tr|A0A7J6DW75|A0A7J6DW75_CANSA	D2HUF7	37.5	72	1487	444	6.02e-09	57.4	4.8	16.2
tr|A0A7J6DW75|A0A7J6DW75_CANSA	A0A7N5KQ70	37.5	72	1487	488	6.60e-09	57.4	4.8	14.8
tr|A0A7J6DW75|A0A7J6DW75_CANSA	A0A8D2H2L7	39.7	73	1487	444	7.94e-09	57.0	4.8	16.2
tr|A0A7J6DW75|A0A7J6DW75_CANSA	A0A7N5KRR1	37.5	72	1487	682	8.27e-09	57.4	4.8	10.6
tr|A0A7J6DW75|A0A7J6DW75_CANSA	A0A7F8QKG8	33.3	99	1487	252	8.72e-09	55.5	6.6	36.1
tr|A0A7J6DW75|A0A7J6DW75_CANSA	A0AAX6SEX2	47.1	51	1487	397	9.20e-09	56.6	3.4	12.8
tr|A0A7J6DW75|A0A7J6DW75_CANSA	A0A8C5YNB8	39.7	73	1487	436	1.03e-08	56.6	4.8	16.5
tr|A0A7J6DW75|A0A7J6DW75_CANSA	A0AAX6QFU4	47.1	51	1487	436	1.03e-08	56.6	3.4	11.7
tr|A0A7J6DW75|A0A7J6DW75_CANSA	A0A0P6J9I4	47.1	51	1487	443	1.05e-08	56.6	3.4	11.5
tr|A0A7J6DW75|A0A7J6DW75_CANSA	A0A5E4B1S8	39.7	73	1487	444	1.05e-08	56.6	4.8	16.2
tr|A0A7J6DW75|A0A7J6DW75_CANSA	A0A8C5L4Y9	36.1	72	1487	444	1.05e-08	56.6	4.8	16.2
tr|A0A7J6DW75|A0A7J6DW75_CANSA	A0AA40HR57	37.0	73	1487	444	1.05e-08	56.6	4.8	16.4
tr|A0A7J6DW75|A0A7J6DW75_CANSA	A0ABM0S421	37.5	72	1487	444	1.05e-08	56.6	4.8	16.2
tr|A0A7J6DW75|A0A7J6DW75_CANSA	I3MN09	39.7	73	1487	444	1.05e-08	56.6	4.8	16.2
tr|A0A7J6DW75|A0A7J6DW75_CANSA	A0AAX6SE18	47.1	51	1487	472	1.11e-08	56.6	3.4	10.8
tr|A0A7J6DW75|A0A7J6DW75_CANSA	A0AAX6SFR9	47.1	51	1487	479	1.13e-08	56.6	3.4	10.6
tr|A0A7J6DW75|A0A7J6DW75_CANSA	A0A7J7RH08	36.1	72	1487	279	1.13e-08	55.5	4.8	25.8
tr|A0A7J6DW75|A0A7J6DW75_CANSA	A0ABM0J532	38.9	72	1487	386	1.17e-08	56.2	4.8	18.7
tr|A0A7J6DW75|A0A7J6DW75_CANSA	A0A7F8QHJ6	33.3	99	1487	294	1.28e-08	55.5	6.6	31.0
tr|A0A7J6DW75|A0A7J6DW75_CANSA	A0A6B0RMM1	37.0	73	1487	427	1.33e-08	56.2	4.8	17.1
tr|A0A7J6DW75|A0A7J6DW75_CANSA	A0A8J5ZV45	41.1	73	1487	633	1.37e-08	56.6	4.8	11.4
tr|A0A7J6DW75|A0A7J6DW75_CANSA	A0A097P7B2	37.0	73	1487	444	1.38e-08	56.2	4.8	16.4
tr|A0A7J6DW75|A0A7J6DW75_CANSA	A0A452EQV5	37.0	73	1487	444	1.38e-08	56.2	4.8	16.4
tr|A0A7J6DW75|A0A7J6DW75_CANSA	A0A481SFW3	37.0	73	1487	444	1.38e-08	56.2	4.8	16.4
tr|A0A7J6DW75|A0A7J6DW75_CANSA	A0A4W2DUM0	37.0	73	1487	444	1.38e-08	56.2	4.8	16.4
tr|A0A7J6DW75|A0A7J6DW75_CANSA	A0A5N3W3I1	37.0	73	1487	444	1.38e-08	56.2	4.8	16.4
tr|A0A7J6DW75|A0A7J6DW75_CANSA	A0A5N3XT29	37.0	73	1487	444	1.38e-08	56.2	4.8	16.4
tr|A0A7J6DW75|A0A7J6DW75_CANSA	A0A6P3IK26	37.0	73	1487	444	1.38e-08	56.2	4.8	16.4
tr|A0A7J6DW75|A0A7J6DW75_CANSA	A0A6P5BJW1	37.0	73	1487	444	1.38e-08	56.2	4.8	16.4
tr|A0A7J6DW75|A0A7J6DW75_CANSA	A0A8C6FN98	37.0	73	1487	444	1.38e-08	56.2	4.8	16.4
tr|A0A7J6DW75|A0A7J6DW75_CANSA	A0AAD4Y1H9	37.0	73	1487	444	1.38e-08	56.2	4.8	16.4
tr|A0A7J6DW75|A0A7J6DW75_CANSA	A0ABN8YZR8	37.0	73	1487	444	1.38e-08	56.2	4.8	16.4
tr|A0A7J6DW75|A0A7J6DW75_CANSA	A0ACB9U9D1	37.0	73	1487	444	1.38e-08	56.2	4.8	16.4
tr|A0A7J6DW75|A0A7J6DW75_CANSA	A0ACI6R8K8	37.0	73	1487	444	1.38e-08	56.2	4.8	16.4
tr|A0A7J6DW75|A0A7J6DW75_CANSA	A0A7N4NYQ1	38.7	75	1487	446	1.39e-08	56.2	4.9	16.6
tr|A0A7J6DW75|A0A7J6DW75_CANSA	A0A1A6FYU7	43.1	51	1487	181	1.45e-08	53.5	3.4	28.2
tr|A0A7J6DW75|A0A7J6DW75_CANSA	A0A4W2C7R9	37.0	73	1487	469	1.46e-08	56.2	4.8	15.6
tr|A0A7J6DW75|A0A7J6DW75_CANSA	A0A7N4PCZ6	38.7	75	1487	513	1.57e-08	56.2	4.9	14.4
tr|A0A7J6DW75|A0A7J6DW75_CANSA	A0A287BJC4	38.9	72	1487	402	1.63e-08	55.8	4.8	17.9
tr|A0A7J6DW75|A0A7J6DW75_CANSA	A0A9L0R8Q0	37.5	72	1487	402	1.63e-08	55.8	4.8	17.9
tr|A0A7J6DW75|A0A7J6DW75_CANSA	A0A8C4LLG8	37.5	72	1487	410	1.67e-08	55.8	4.8	17.6
tr|A0A7J6DW75|A0A7J6DW75_CANSA	F6SIL5	37.5	72	1487	410	1.67e-08	55.8	4.8	17.6
tr|A0A7J6DW75|A0A7J6DW75_CANSA	A0A4W2E825	37.0	73	1487	594	1.74e-08	56.2	4.8	12.3
tr|A0A7J6DW75|A0A7J6DW75_CANSA	F1RKS7	38.9	72	1487	427	1.75e-08	55.8	4.8	16.9
tr|A0A7J6DW75|A0A7J6DW75_CANSA	A0A3Q2HMZ7	37.5	72	1487	432	1.77e-08	55.8	4.8	16.7
tr|A0A7J6DW75|A0A7J6DW75_CANSA	A0A8C4LS91	37.5	72	1487	432	1.77e-08	55.8	4.8	16.7
tr|A0A7J6DW75|A0A7J6DW75_CANSA	A0A8I3RWD0	37.5	72	1487	442	1.82e-08	55.8	4.8	16.3
tr|A0A7J6DW75|A0A7J6DW75_CANSA	A0A3Q7RBB5	37.5	72	1487	444	1.82e-08	55.8	4.8	16.2
tr|A0A7J6DW75|A0A7J6DW75_CANSA	A0A6P3FJ34	39.2	74	1487	444	1.82e-08	55.8	4.8	16.4
tr|A0A7J6DW75|A0A7J6DW75_CANSA	A0A8C0KGD9	37.5	72	1487	444	1.82e-08	55.8	4.8	16.2
tr|A0A7J6DW75|A0A7J6DW75_CANSA	A0ABM4JZQ6	37.5	72	1487	444	1.82e-08	55.8	4.8	16.2
tr|A0A7J6DW75|A0A7J6DW75_CANSA	D2XT13	38.9	72	1487	444	1.82e-08	55.8	4.8	16.2
tr|A0A7J6DW75|A0A7J6DW75_CANSA	L8Y1X2	37.5	72	1487	453	1.86e-08	55.8	4.8	15.9
tr|A0A7J6DW75|A0A7J6DW75_CANSA	A0A9L0S1H2	37.5	72	1487	460	1.89e-08	55.8	4.8	15.7
tr|A0A7J6DW75|A0A7J6DW75_CANSA	A0A9L0RMC9	37.5	72	1487	469	1.92e-08	55.8	4.8	15.4
tr|A0A7J6DW75|A0A7J6DW75_CANSA	A0A3Q2HPL9	37.5	72	1487	490	2.00e-08	55.8	4.8	14.7
tr|A0A7J6DW75|A0A7J6DW75_CANSA	A0A8B7A5H7	37.5	72	1487	398	2.13e-08	55.5	4.8	18.1
tr|A0A7J6DW75|A0A7J6DW75_CANSA	A0A2Y9GPL9	33.3	99	1487	402	2.16e-08	55.5	6.6	22.6
tr|A0A7J6DW75|A0A7J6DW75_CANSA	A0A2Y9DZ14	37.5	72	1487	444	2.41e-08	55.5	4.8	16.2
tr|A0A7J6DW75|A0A7J6DW75_CANSA	A0A2Y9GTG8	33.3	99	1487	444	2.41e-08	55.5	6.6	20.5
tr|A0A7J6DW75|A0A7J6DW75_CANSA	A0A6J0ZEQ7	37.0	73	1487	444	2.41e-08	55.5	4.8	16.4
tr|A0A7J6DW75|A0A7J6DW75_CANSA	A0A7J7RH61	36.1	72	1487	444	2.41e-08	55.5	4.8	16.2
tr|A0A7J6DW75|A0A7J6DW75_CANSA	G3SV00	37.5	72	1487	447	2.42e-08	55.5	4.8	16.1
tr|A0A7J6DW75|A0A7J6DW75_CANSA	A0ABM4HDD4	37.0	73	1487	472	2.55e-08	55.5	4.8	15.5
tr|A0A7J6DW75|A0A7J6DW75_CANSA	A0A7N4PD85	39.7	73	1487	488	2.62e-08	55.5	4.8	14.8
tr|A0A7J6DW75|A0A7J6DW75_CANSA	A0A7J8ER13	37.5	72	1487	386	2.71e-08	55.1	4.8	18.7
tr|A0A7J6DW75|A0A7J6DW75_CANSA	A0A6J3RQR0	37.0	73	1487	398	2.82e-08	55.1	4.8	18.3
tr|A0A7J6DW75|A0A7J6DW75_CANSA	A0A8C9CKS5	37.0	73	1487	410	2.92e-08	55.1	4.8	17.8
tr|A0A7J6DW75|A0A7J6DW75_CANSA	A0A6P6H6F8	36.1	72	1487	299	3.13e-08	54.3	4.8	24.1
tr|A0A7J6DW75|A0A7J6DW75_CANSA	A0A455CBT0	35.6	73	1487	263	3.14e-08	53.9	4.8	27.8
tr|A0A7J6DW75|A0A7J6DW75_CANSA	A0A2U3WMF1	37.5	72	1487	444	3.17e-08	55.1	4.8	16.2
tr|A0A7J6DW75|A0A7J6DW75_CANSA	A0A2Y9PVZ8	37.0	73	1487	444	3.17e-08	55.1	4.8	16.4
tr|A0A7J6DW75|A0A7J6DW75_CANSA	A0A341BRA6	37.0	73	1487	444	3.17e-08	55.1	4.8	16.4
tr|A0A7J6DW75|A0A7J6DW75_CANSA	A0A6J3RQ21	37.0	73	1487	444	3.17e-08	55.1	4.8	16.4
tr|A0A7J6DW75|A0A7J6DW75_CANSA	A0A7J8EPY8	37.5	72	1487	444	3.17e-08	55.1	4.8	16.2
tr|A0A7J6DW75|A0A7J6DW75_CANSA	A0A8B7VPM7	37.5	72	1487	444	3.17e-08	55.1	4.8	16.2
tr|A0A7J6DW75|A0A7J6DW75_CANSA	A0A8C6C1G1	37.0	73	1487	444	3.17e-08	55.1	4.8	16.4
tr|A0A7J6DW75|A0A7J6DW75_CANSA	A0A8C7BV79	37.5	72	1487	444	3.17e-08	55.1	4.8	16.2
tr|A0A7J6DW75|A0A7J6DW75_CANSA	A0A8C9CC49	37.0	73	1487	444	3.17e-08	55.1	4.8	16.4
tr|A0A7J6DW75|A0A7J6DW75_CANSA	A0A8D2B8T4	37.5	72	1487	444	3.17e-08	55.1	4.8	16.2
tr|A0A7J6DW75|A0A7J6DW75_CANSA	A0AA41T7J5	37.5	72	1487	444	3.17e-08	55.1	4.8	16.2
tr|A0A7J6DW75|A0A7J6DW75_CANSA	M3YRP0	37.5	72	1487	444	3.17e-08	55.1	4.8	16.2
tr|A0A7J6DW75|A0A7J6DW75_CANSA	A0A7J8EQA1	37.5	72	1487	460	3.28e-08	55.1	4.8	15.7
tr|A0A7J6DW75|A0A7J6DW75_CANSA	L5LCQ8	36.1	72	1487	383	3.55e-08	54.7	4.8	18.8
tr|A0A7J6DW75|A0A7J6DW75_CANSA	A0A2Y9JS87	37.5	72	1487	444	4.18e-08	54.7	4.8	16.2
tr|A0A7J6DW75|A0A7J6DW75_CANSA	A0ACB9UWW7	39.2	51	1487	106	4.78e-08	50.1	3.4	48.1
tr|A0A7J6DW75|A0A7J6DW75_CANSA	A0A6J1Y9U7	36.1	72	1487	398	4.92e-08	54.3	4.8	18.1
tr|A0A7J6DW75|A0A7J6DW75_CANSA	A0A9V1DYJ1	36.1	72	1487	398	4.92e-08	54.3	4.8	18.1
tr|A0A7J6DW75|A0A7J6DW75_CANSA	A0ACF8K989	42.0	50	1487	224	4.98e-08	52.8	3.4	22.3
tr|A0A7J6DW75|A0A7J6DW75_CANSA	F6YXC7	36.8	76	1487	224	4.98e-08	52.8	5.0	33.5
tr|A0A7J6DW75|A0A7J6DW75_CANSA	A0A340XT28	37.5	72	1487	424	5.27e-08	54.3	4.8	17.0
tr|A0A7J6DW75|A0A7J6DW75_CANSA	A0A340XSB0	37.5	72	1487	427	5.31e-08	54.3	4.8	16.9
tr|A0A7J6DW75|A0A7J6DW75_CANSA	A0A2K6FU00	36.1	72	1487	444	5.52e-08	54.3	4.8	16.2
tr|A0A7J6DW75|A0A7J6DW75_CANSA	A0A340XLC4	37.5	72	1487	444	5.52e-08	54.3	4.8	16.2
tr|A0A7J6DW75|A0A7J6DW75_CANSA	A0A485NIT7	36.1	72	1487	444	5.52e-08	54.3	4.8	16.2
tr|A0A7J6DW75|A0A7J6DW75_CANSA	A0A667I757	36.1	72	1487	444	5.52e-08	54.3	4.8	16.2
tr|A0A7J6DW75|A0A7J6DW75_CANSA	A0A671DRA6	34.7	72	1487	444	5.52e-08	54.3	4.8	16.2
tr|A0A7J6DW75|A0A7J6DW75_CANSA	A0A6J1Y9S1	36.1	72	1487	444	5.52e-08	54.3	4.8	16.2
tr|A0A7J6DW75|A0A7J6DW75_CANSA	A0A8B7SFT2	36.1	72	1487	444	5.52e-08	54.3	4.8	16.2
tr|A0A7J6DW75|A0A7J6DW75_CANSA	A0A8C8WZ21	36.1	72	1487	444	5.52e-08	54.3	4.8	16.2
tr|A0A7J6DW75|A0A7J6DW75_CANSA	A0A9W2VB67	36.1	72	1487	444	5.52e-08	54.3	4.8	16.2
tr|A0A7J6DW75|A0A7J6DW75_CANSA	A0ABI7ZRS6	36.1	72	1487	444	5.52e-08	54.3	4.8	16.2
tr|A0A7J6DW75|A0A7J6DW75_CANSA	A0A1S3G6I7	45.1	51	1487	447	5.55e-08	54.3	3.4	11.4
tr|A0A7J6DW75|A0A7J6DW75_CANSA	A0A667HQU3	36.1	72	1487	452	5.61e-08	54.3	4.8	15.9
tr|A0A7J6DW75|A0A7J6DW75_CANSA	A0AAW0HMZ6	43.1	51	1487	318	6.24e-08	53.5	3.4	16.0
tr|A0A7J6DW75|A0A7J6DW75_CANSA	A0A8C5W438	36.1	72	1487	427	7.01e-08	53.9	4.8	16.9
tr|A0A7J6DW75|A0A7J6DW75_CANSA	A0A1U7U4P0	37.0	73	1487	444	7.27e-08	53.9	4.8	16.2
tr|A0A7J6DW75|A0A7J6DW75_CANSA	A0A6J2LZM4	37.5	72	1487	444	7.27e-08	53.9	4.8	16.2
tr|A0A7J6DW75|A0A7J6DW75_CANSA	A0A6P3QLI8	45.1	51	1487	444	7.27e-08	53.9	3.4	11.5
tr|A0A7J6DW75|A0A7J6DW75_CANSA	A0A8C3YP80	32.3	99	1487	444	7.27e-08	53.9	6.6	20.5
tr|A0A7J6DW75|A0A7J6DW75_CANSA	A0A6P5IRF7	37.3	75	1487	446	7.30e-08	53.9	4.9	16.6
tr|A0A7J6DW75|A0A7J6DW75_CANSA	L5KQ77	45.1	51	1487	379	8.11e-08	53.5	3.4	13.5
tr|A0A7J6DW75|A0A7J6DW75_CANSA	A0A140TAE1	43.1	51	1487	386	8.29e-08	53.5	3.4	13.2
tr|A0A7J6DW75|A0A7J6DW75_CANSA	A0AC58R0E2	37.5	72	1487	398	8.59e-08	53.5	4.8	18.1
tr|A0A7J6DW75|A0A7J6DW75_CANSA	A0A8I5ZWZ8	43.1	51	1487	410	8.87e-08	53.5	3.4	12.4
tr|A0A7J6DW75|A0A7J6DW75_CANSA	A0ABQ0FSE9	43.1	51	1487	426	9.23e-08	53.5	3.4	12.0
tr|A0A7J6DW75|A0A7J6DW75_CANSA	A0A8C6I4C1	43.1	51	1487	434	9.39e-08	53.5	3.4	11.8
tr|A0A7J6DW75|A0A7J6DW75_CANSA	A0A8B6Y5Q9	37.5	72	1487	443	9.57e-08	53.5	4.8	16.3
tr|A0A7J6DW75|A0A7J6DW75_CANSA	A0A1S2ZY34	37.0	73	1487	444	9.59e-08	53.5	4.8	16.2
tr|A0A7J6DW75|A0A7J6DW75_CANSA	A0A6I9MEG9	43.1	51	1487	444	9.59e-08	53.5	3.4	11.5
tr|A0A7J6DW75|A0A7J6DW75_CANSA	A0A6P5P6I7	43.1	51	1487	444	9.59e-08	53.5	3.4	11.5
tr|A0A7J6DW75|A0A7J6DW75_CANSA	A0A8C6I4F4	43.1	51	1487	444	9.59e-08	53.5	3.4	11.5
tr|A0A7J6DW75|A0A7J6DW75_CANSA	A0AC58R0G0	37.5	72	1487	444	9.59e-08	53.5	4.8	16.2
tr|A0A7J6DW75|A0A7J6DW75_CANSA	A0ACF6GY87	43.1	51	1487	444	9.59e-08	53.5	3.4	11.5
tr|A0A7J6DW75|A0A7J6DW75_CANSA	A0A5N4DLW8	37.5	72	1487	459	9.88e-08	53.5	4.8	15.7
tr|A0A7J6DW75|A0A7J6DW75_CANSA	A0A7J8GYM1	39.2	51	1487	386	1.10e-07	53.1	3.4	13.2
tr|A0A7J6DW75|A0A7J6DW75_CANSA	A0AAU9ZLW5	43.1	51	1487	386	1.10e-07	53.1	3.4	13.2
tr|A0A7J6DW75|A0A7J6DW75_CANSA	G3R9J3	42.0	50	1487	255	1.25e-07	52.0	3.4	19.6
tr|A0A7J6DW75|A0A7J6DW75_CANSA	A0A8C6D993	34.2	73	1487	443	1.26e-07	53.1	4.8	16.5
tr|A0A7J6DW75|A0A7J6DW75_CANSA	A0A0U3TC30	44.2	52	1487	444	1.26e-07	53.1	3.5	11.7
tr|A0A7J6DW75|A0A7J6DW75_CANSA	A0A1U7Q654	43.1	51	1487	444	1.26e-07	53.1	3.4	11.5
tr|A0A7J6DW75|A0A7J6DW75_CANSA	A0A6J3BQ89	37.5	72	1487	444	1.26e-07	53.1	4.8	16.2
tr|A0A7J6DW75|A0A7J6DW75_CANSA	A0A7J8GYE7	39.2	51	1487	444	1.26e-07	53.1	3.4	11.5
tr|A0A7J6DW75|A0A7J6DW75_CANSA	A0A8B8Y3A2	35.6	73	1487	444	1.26e-07	53.1	4.8	16.4
tr|A0A7J6DW75|A0A7J6DW75_CANSA	A0A8C2M1T6	43.1	51	1487	444	1.26e-07	53.1	3.4	11.5
tr|A0A7J6DW75|A0A7J6DW75_CANSA	A0A8C6R659	44.0	50	1487	444	1.26e-07	53.1	3.4	11.3
tr|A0A7J6DW75|A0A7J6DW75_CANSA	A0A8J8YDV0	37.0	73	1487	444	1.26e-07	53.1	4.8	16.2
tr|A0A7J6DW75|A0A7J6DW75_CANSA	A0AAU9ZP26	43.1	51	1487	444	1.26e-07	53.1	3.4	11.5
tr|A0A7J6DW75|A0A7J6DW75_CANSA	A0ABM3U182	35.6	73	1487	444	1.26e-07	53.1	4.8	16.4
tr|A0A7J6DW75|A0A7J6DW75_CANSA	G1SJU8	44.2	52	1487	444	1.26e-07	53.1	3.5	11.7
tr|A0A7J6DW75|A0A7J6DW75_CANSA	U3EAX4	37.0	73	1487	444	1.26e-07	53.1	4.8	16.2
tr|A0A7J6DW75|A0A7J6DW75_CANSA	A0A4X2K3C7	36.0	75	1487	446	1.27e-07	53.1	4.9	16.6
tr|A0A7J6DW75|A0A7J6DW75_CANSA	A0ABQ9UTF0	42.6	47	1487	151	1.30e-07	50.1	3.2	31.1
tr|A0A7J6DW75|A0A7J6DW75_CANSA	A0A4X2K0X7	36.0	75	1487	478	1.34e-07	53.1	4.9	15.5
tr|A0A7J6DW75|A0A7J6DW75_CANSA	A0A096N608	42.0	50	1487	409	1.54e-07	52.8	3.4	12.2
tr|A0A7J6DW75|A0A7J6DW75_CANSA	A0A1D5QW98	42.0	50	1487	409	1.54e-07	52.8	3.4	12.2
tr|A0A7J6DW75|A0A7J6DW75_CANSA	A0A2K5U5T7	42.0	50	1487	409	1.54e-07	52.8	3.4	12.2
tr|A0A7J6DW75|A0A7J6DW75_CANSA	A0A2K5ZTN0	42.0	50	1487	409	1.54e-07	52.8	3.4	12.2
tr|A0A7J6DW75|A0A7J6DW75_CANSA	A0A2K5ZTJ1	42.0	50	1487	422	1.59e-07	52.8	3.4	11.8
tr|A0A7J6DW75|A0A7J6DW75_CANSA	A0A2K5ZTD4	42.0	50	1487	437	1.64e-07	52.8	3.4	11.4
tr|A0A7J6DW75|A0A7J6DW75_CANSA	A0A0D9R2C8	42.0	50	1487	444	1.67e-07	52.8	3.4	11.3
tr|A0A7J6DW75|A0A7J6DW75_CANSA	A0A2K5KFD0	42.0	50	1487	444	1.67e-07	52.8	3.4	11.3
tr|A0A7J6DW75|A0A7J6DW75_CANSA	A0A2K5NWS9	42.0	50	1487	444	1.67e-07	52.8	3.4	11.3
tr|A0A7J6DW75|A0A7J6DW75_CANSA	A0A2K6D4T4	42.0	50	1487	444	1.67e-07	52.8	3.4	11.3
tr|A0A7J6DW75|A0A7J6DW75_CANSA	A0A2K6MTW7	42.0	50	1487	444	1.67e-07	52.8	3.4	11.3
tr|A0A7J6DW75|A0A7J6DW75_CANSA	A0A2K6QZH9	42.0	50	1487	444	1.67e-07	52.8	3.4	11.3
tr|A0A7J6DW75|A0A7J6DW75_CANSA	A0A3Q7R172	36.1	72	1487	444	1.67e-07	52.8	4.8	16.2
tr|A0A7J6DW75|A0A7J6DW75_CANSA	A0A6J2BYR2	36.1	72	1487	444	1.67e-07	52.8	4.8	16.2
tr|A0A7J6DW75|A0A7J6DW75_CANSA	A0A8C9GT53	42.0	50	1487	444	1.67e-07	52.8	3.4	11.3
tr|A0A7J6DW75|A0A7J6DW75_CANSA	A0A8D2FBF1	42.0	50	1487	444	1.67e-07	52.8	3.4	11.3
tr|A0A7J6DW75|A0A7J6DW75_CANSA	A0ACF8I8R0	42.0	50	1487	444	1.67e-07	52.8	3.4	11.3
tr|A0A7J6DW75|A0A7J6DW75_CANSA	A0ACF8NVM1	42.0	50	1487	444	1.67e-07	52.8	3.4	11.3
tr|A0A7J6DW75|A0A7J6DW75_CANSA	F6YUF6	42.0	50	1487	444	1.67e-07	52.8	3.4	11.3
tr|A0A7J6DW75|A0A7J6DW75_CANSA	H9G216	42.0	50	1487	444	1.67e-07	52.8	3.4	11.3
tr|A0A7J6DW75|A0A7J6DW75_CANSA	A0A1D5Q079	42.0	50	1487	457	1.71e-07	52.8	3.4	10.9
tr|A0A7J6DW75|A0A7J6DW75_CANSA	A0A7N9CBC3	42.0	50	1487	457	1.71e-07	52.8	3.4	10.9
tr|A0A7J6DW75|A0A7J6DW75_CANSA	A0A5G2QYW5	42.0	50	1487	407	2.03e-07	52.4	3.4	12.3
tr|A0A7J6DW75|A0A7J6DW75_CANSA	A0ACI8TB36	42.0	50	1487	344	2.19e-07	52.0	3.4	14.5
tr|A0A7J6DW75|A0A7J6DW75_CANSA	A0A7J7FD96	42.0	50	1487	444	2.20e-07	52.4	3.4	11.3
tr|A0A7J6DW75|A0A7J6DW75_CANSA	A0A9B0U7Q0	44.0	50	1487	444	2.20e-07	52.4	3.4	11.3
tr|A0A7J6DW75|A0A7J6DW75_CANSA	A0ABM0I036	42.0	50	1487	444	2.20e-07	52.4	3.4	11.3
tr|A0A7J6DW75|A0A7J6DW75_CANSA	A0ACI8RCU9	42.0	50	1487	398	2.61e-07	52.0	3.4	12.6
tr|A0A7J6DW75|A0A7J6DW75_CANSA	A0ACI8QW41	42.0	50	1487	402	2.64e-07	52.0	3.4	12.4
tr|A0A7J6DW75|A0A7J6DW75_CANSA	A0ACI8TAX1	42.0	50	1487	402	2.64e-07	52.0	3.4	12.4
tr|A0A7J6DW75|A0A7J6DW75_CANSA	A0A8I6A6F8	42.9	49	1487	407	2.67e-07	52.0	3.3	12.0
tr|A0A7J6DW75|A0A7J6DW75_CANSA	A0ACI8TA36	42.0	50	1487	422	2.77e-07	52.0	3.4	11.8
tr|A0A7J6DW75|A0A7J6DW75_CANSA	A0ACI8TA33	42.0	50	1487	443	2.89e-07	52.0	3.4	11.3
tr|A0A7J6DW75|A0A7J6DW75_CANSA	A0A2R9BKZ6	42.0	50	1487	444	2.90e-07	52.0	3.4	11.3
tr|A0A7J6DW75|A0A7J6DW75_CANSA	A0A8C9AGB6	36.1	72	1487	444	2.90e-07	52.0	4.8	16.2
tr|A0A7J6DW75|A0A7J6DW75_CANSA	A0ABM0LNH9	41.2	51	1487	444	2.90e-07	52.0	3.4	11.5
tr|A0A7J6DW75|A0A7J6DW75_CANSA	A0ACM8R4S8	42.0	50	1487	444	2.90e-07	52.0	3.4	11.3
tr|A0A7J6DW75|A0A7J6DW75_CANSA	H2Q3U8	42.0	50	1487	444	2.90e-07	52.0	3.4	11.3
tr|A0A7J6DW75|A0A7J6DW75_CANSA	K7BG07	42.0	50	1487	444	2.90e-07	52.0	3.4	11.3
tr|A0A7J6DW75|A0A7J6DW75_CANSA	H0WQ14	42.0	50	1487	447	2.91e-07	52.0	3.4	11.2
tr|A0A7J6DW75|A0A7J6DW75_CANSA	A0ACI8TAQ9	42.0	50	1487	452	2.94e-07	52.0	3.4	11.1
tr|A0A7J6DW75|A0A7J6DW75_CANSA	A0A8D0VQW6	44.7	47	1487	307	3.23e-07	51.2	3.2	15.3
tr|A0A7J6DW75|A0A7J6DW75_CANSA	A0ACI6Q519	40.8	49	1487	407	3.53e-07	51.6	3.3	12.0
tr|A0A7J6DW75|A0A7J6DW75_CANSA	A0A2K6UA82	42.0	50	1487	444	3.82e-07	51.6	3.4	11.3
tr|A0A7J6DW75|A0A7J6DW75_CANSA	A0A5N3XHK2	34.7	75	1487	411	4.70e-07	51.2	5.0	18.2
tr|A0A7J6DW75|A0A7J6DW75_CANSA	A0ABM4HDC7	40.8	49	1487	435	6.52e-07	50.8	3.3	11.3
tr|A0A7J6DW75|A0A7J6DW75_CANSA	A0ACI8RTL1	42.6	47	1487	307	7.59e-07	50.1	3.2	15.3
tr|A0A7J6DW75|A0A7J6DW75_CANSA	A0A7J8EQ12	44.7	47	1487	265	7.75e-07	49.7	3.2	17.7
tr|A0A7J6DW75|A0A7J6DW75_CANSA	A0A3Q2L545	41.7	48	1487	407	8.11e-07	50.4	3.2	11.8
tr|A0A7J6DW75|A0A7J6DW75_CANSA	A0A8I5TZB8	41.7	48	1487	407	8.11e-07	50.4	3.2	11.8
tr|A0A7J6DW75|A0A7J6DW75_CANSA	A0A2K5EUF8	42.0	50	1487	444	8.74e-07	50.4	3.4	11.3
tr|A0A7J6DW75|A0A7J6DW75_CANSA	A0A2K5PNC7	42.0	50	1487	444	8.74e-07	50.4	3.4	11.3
tr|A0A7J6DW75|A0A7J6DW75_CANSA	A0A6J3IAN6	42.0	50	1487	444	8.74e-07	50.4	3.4	11.3
tr|A0A7J6DW75|A0A7J6DW75_CANSA	A0A8C9PAG7	38.0	71	1487	368	9.67e-07	50.1	4.6	19.0
tr|A0A7J6DW75|A0A7J6DW75_CANSA	A0A7J8EQ56	43.8	48	1487	390	1.03e-06	50.1	3.2	12.3
tr|A0A7J6DW75|A0A7J6DW75_CANSA	A0ACI6S0X0	39.2	51	1487	424	1.11e-06	50.1	3.4	12.0
tr|A0A7J6DW75|A0A7J6DW75_CANSA	A0A811XXW4	42.6	47	1487	602	1.39e-06	50.1	3.2	7.8
tr|A0A7J6DW75|A0A7J6DW75_CANSA	A0A6I8N7H0	35.6	73	1487	402	1.40e-06	49.7	4.8	17.9
tr|A0A7J6DW75|A0A7J6DW75_CANSA	A0A6I8NAX3	35.6	73	1487	444	1.52e-06	49.7	4.8	16.2
tr|A0A7J6DW75|A0A7J6DW75_CANSA	A0A8B7KGW4	34.7	72	1487	207	2.57e-06	47.4	4.8	34.8
tr|A0A7J6DW75|A0A7J6DW75_CANSA	G1Q9U6	41.5	53	1487	201	5.82e-06	46.2	3.6	25.4
tr|A0A7J6DZJ3|A0A7J6DZJ3_CANSA	A0A7J7RTY1	40.5	74	1642	263	7.83e-10	58.9	4.4	27.8
tr|A0A7J6DZJ3|A0A7J6DZJ3_CANSA	A0ABP0AGF8	41.9	74	1642	444	1.69e-09	59.3	4.4	16.4
tr|A0A7J6DZJ3|A0A7J6DZJ3_CANSA	A0A7J7RTH3	40.5	74	1642	386	1.85e-09	58.9	4.4	18.9
tr|A0A7J6DZJ3|A0A7J6DZJ3_CANSA	A0A7J7RTC3	40.5	74	1642	444	2.23e-09	58.9	4.4	16.4
tr|A0A7J6DZJ3|A0A7J6DZJ3_CANSA	A0A673TLX2	40.3	72	1642	444	3.88e-09	58.2	4.3	16.2
tr|A0A7J6DZJ3|A0A7J6DZJ3_CANSA	A0A452QWW6	37.5	72	1642	318	4.03e-09	57.4	4.3	22.6
tr|A0A7J6DZJ3|A0A7J6DZJ3_CANSA	A0A7J7RHE6	36.1	72	1642	211	5.78e-09	55.5	4.3	34.1
tr|A0A7J6DZJ3|A0A7J6DZJ3_CANSA	A0A8M1GUG8	37.5	72	1642	444	6.75e-09	57.4	4.3	16.2
tr|A0A7J6DZJ3|A0A7J6DZJ3_CANSA	D2HUF7	37.5	72	1642	444	6.75e-09	57.4	4.3	16.2
tr|A0A7J6DZJ3|A0A7J6DZJ3_CANSA	A0A7N5KQ70	37.5	72	1642	488	7.41e-09	57.4	4.3	14.8
tr|A0A7J6DZJ3|A0A7J6DZJ3_CANSA	A0A8D2H2L7	39.7	73	1642	444	8.91e-09	57.0	4.3	16.2
tr|A0A7J6DZJ3|A0A7J6DZJ3_CANSA	A0A7N5KRR1	37.5	72	1642	682	9.29e-09	57.4	4.3	10.6
tr|A0A7J6DZJ3|A0A7J6DZJ3_CANSA	A0A7F8QKG8	33.3	99	1642	252	9.74e-09	55.5	6.0	36.1
tr|A0A7J6DZJ3|A0A7J6DZJ3_CANSA	A0AAX6SEX2	47.1	51	1642	397	1.03e-08	56.6	3.1	12.8
tr|A0A7J6DZJ3|A0A7J6DZJ3_CANSA	A0A8C5YNB8	39.7	73	1642	436	1.15e-08	56.6	4.3	16.5
tr|A0A7J6DZJ3|A0A7J6DZJ3_CANSA	A0AAX6QFU4	47.1	51	1642	436	1.15e-08	56.6	3.1	11.7
tr|A0A7J6DZJ3|A0A7J6DZJ3_CANSA	A0A0P6J9I4	47.1	51	1642	443	1.17e-08	56.6	3.1	11.5
tr|A0A7J6DZJ3|A0A7J6DZJ3_CANSA	A0A5E4B1S8	39.7	73	1642	444	1.17e-08	56.6	4.3	16.2
tr|A0A7J6DZJ3|A0A7J6DZJ3_CANSA	A0A8C5L4Y9	36.1	72	1642	444	1.17e-08	56.6	4.3	16.2
tr|A0A7J6DZJ3|A0A7J6DZJ3_CANSA	A0AA40HR57	37.0	73	1642	444	1.17e-08	56.6	4.4	16.4
tr|A0A7J6DZJ3|A0A7J6DZJ3_CANSA	A0ABM0S421	37.5	72	1642	444	1.17e-08	56.6	4.3	16.2
tr|A0A7J6DZJ3|A0A7J6DZJ3_CANSA	I3MN09	39.7	73	1642	444	1.17e-08	56.6	4.3	16.2
tr|A0A7J6DZJ3|A0A7J6DZJ3_CANSA	A0AAX6SE18	47.1	51	1642	472	1.25e-08	56.6	3.1	10.8
tr|A0A7J6DZJ3|A0A7J6DZJ3_CANSA	A0A7J7RH08	36.1	72	1642	279	1.26e-08	55.5	4.3	25.8
tr|A0A7J6DZJ3|A0A7J6DZJ3_CANSA	A0AAX6SFR9	47.1	51	1642	479	1.26e-08	56.6	3.1	10.6
tr|A0A7J6DZJ3|A0A7J6DZJ3_CANSA	A0ABM0J532	38.9	72	1642	386	1.31e-08	56.2	4.3	18.7
tr|A0A7J6DZJ3|A0A7J6DZJ3_CANSA	A0A7F8QHJ6	33.3	99	1642	294	1.43e-08	55.5	6.0	31.0
tr|A0A7J6DZJ3|A0A7J6DZJ3_CANSA	A0A6B0RMM1	37.0	73	1642	427	1.49e-08	56.2	4.4	17.1
tr|A0A7J6DZJ3|A0A7J6DZJ3_CANSA	A0A8J5ZV45	41.1	73	1642	633	1.54e-08	56.6	4.3	11.4
tr|A0A7J6DZJ3|A0A7J6DZJ3_CANSA	A0A097P7B2	37.0	73	1642	444	1.55e-08	56.2	4.4	16.4
tr|A0A7J6DZJ3|A0A7J6DZJ3_CANSA	A0A452EQV5	37.0	73	1642	444	1.55e-08	56.2	4.4	16.4
tr|A0A7J6DZJ3|A0A7J6DZJ3_CANSA	A0A481SFW3	37.0	73	1642	444	1.55e-08	56.2	4.4	16.4
tr|A0A7J6DZJ3|A0A7J6DZJ3_CANSA	A0A4W2DUM0	37.0	73	1642	444	1.55e-08	56.2	4.4	16.4
tr|A0A7J6DZJ3|A0A7J6DZJ3_CANSA	A0A5N3W3I1	37.0	73	1642	444	1.55e-08	56.2	4.4	16.4
tr|A0A7J6DZJ3|A0A7J6DZJ3_CANSA	A0A5N3XT29	37.0	73	1642	444	1.55e-08	56.2	4.4	16.4
tr|A0A7J6DZJ3|A0A7J6DZJ3_CANSA	A0A6P3IK26	37.0	73	1642	444	1.55e-08	56.2	4.4	16.4
tr|A0A7J6DZJ3|A0A7J6DZJ3_CANSA	A0A6P5BJW1	37.0	73	1642	444	1.55e-08	56.2	4.4	16.4
tr|A0A7J6DZJ3|A0A7J6DZJ3_CANSA	A0A8C6FN98	37.0	73	1642	444	1.55e-08	56.2	4.4	16.4
tr|A0A7J6DZJ3|A0A7J6DZJ3_CANSA	A0AAD4Y1H9	37.0	73	1642	444	1.55e-08	56.2	4.4	16.4
tr|A0A7J6DZJ3|A0A7J6DZJ3_CANSA	A0ABN8YZR8	37.0	73	1642	444	1.55e-08	56.2	4.4	16.4
tr|A0A7J6DZJ3|A0A7J6DZJ3_CANSA	A0ACB9U9D1	37.0	73	1642	444	1.55e-08	56.2	4.4	16.4
tr|A0A7J6DZJ3|A0A7J6DZJ3_CANSA	A0ACI6R8K8	37.0	73	1642	444	1.55e-08	56.2	4.4	16.4
tr|A0A7J6DZJ3|A0A7J6DZJ3_CANSA	A0A7N4NYQ1	38.7	75	1642	446	1.56e-08	56.2	4.4	16.6
tr|A0A7J6DZJ3|A0A7J6DZJ3_CANSA	A0A1A6FYU7	43.1	51	1642	181	1.61e-08	53.5	3.1	28.2
tr|A0A7J6DZJ3|A0A7J6DZJ3_CANSA	A0A4W2C7R9	37.0	73	1642	469	1.63e-08	56.2	4.4	15.6
tr|A0A7J6DZJ3|A0A7J6DZJ3_CANSA	A0A7N4PCZ6	38.7	75	1642	513	1.76e-08	56.2	4.4	14.4
tr|A0A7J6DZJ3|A0A7J6DZJ3_CANSA	A0A287BJC4	38.9	72	1642	402	1.83e-08	55.8	4.3	17.9
tr|A0A7J6DZJ3|A0A7J6DZJ3_CANSA	A0A9L0R8Q0	37.5	72	1642	402	1.83e-08	55.8	4.3	17.9
tr|A0A7J6DZJ3|A0A7J6DZJ3_CANSA	A0A8C4LLG8	37.5	72	1642	410	1.87e-08	55.8	4.3	17.6
tr|A0A7J6DZJ3|A0A7J6DZJ3_CANSA	F6SIL5	37.5	72	1642	410	1.87e-08	55.8	4.3	17.6
tr|A0A7J6DZJ3|A0A7J6DZJ3_CANSA	A0A4W2E825	37.0	73	1642	594	1.95e-08	56.2	4.4	12.3
tr|A0A7J6DZJ3|A0A7J6DZJ3_CANSA	F1RKS7	38.9	72	1642	427	1.96e-08	55.8	4.3	16.9
tr|A0A7J6DZJ3|A0A7J6DZJ3_CANSA	A0A3Q2HMZ7	37.5	72	1642	432	1.99e-08	55.8	4.3	16.7
tr|A0A7J6DZJ3|A0A7J6DZJ3_CANSA	A0A8C4LS91	37.5	72	1642	432	1.99e-08	55.8	4.3	16.7
tr|A0A7J6DZJ3|A0A7J6DZJ3_CANSA	A0A8I3RWD0	37.5	72	1642	442	2.03e-08	55.8	4.3	16.3
tr|A0A7J6DZJ3|A0A7J6DZJ3_CANSA	A0A3Q7RBB5	37.5	72	1642	444	2.04e-08	55.8	4.3	16.2
tr|A0A7J6DZJ3|A0A7J6DZJ3_CANSA	A0A6P3FJ34	39.2	74	1642	444	2.04e-08	55.8	4.4	16.4
tr|A0A7J6DZJ3|A0A7J6DZJ3_CANSA	A0A8C0KGD9	37.5	72	1642	444	2.04e-08	55.8	4.3	16.2
tr|A0A7J6DZJ3|A0A7J6DZJ3_CANSA	A0ABM4JZQ6	37.5	72	1642	444	2.04e-08	55.8	4.3	16.2
tr|A0A7J6DZJ3|A0A7J6DZJ3_CANSA	D2XT13	38.9	72	1642	444	2.04e-08	55.8	4.3	16.2
tr|A0A7J6DZJ3|A0A7J6DZJ3_CANSA	L8Y1X2	37.5	72	1642	453	2.08e-08	55.8	4.3	15.9
tr|A0A7J6DZJ3|A0A7J6DZJ3_CANSA	A0A9L0S1H2	37.5	72	1642	460	2.12e-08	55.8	4.3	15.7
tr|A0A7J6DZJ3|A0A7J6DZJ3_CANSA	A0A9L0RMC9	37.5	72	1642	469	2.15e-08	55.8	4.3	15.4
tr|A0A7J6DZJ3|A0A7J6DZJ3_CANSA	A0A3Q2HPL9	37.5	72	1642	490	2.24e-08	55.8	4.3	14.7
tr|A0A7J6DZJ3|A0A7J6DZJ3_CANSA	A0A8B7A5H7	37.5	72	1642	398	2.39e-08	55.5	4.3	18.1
tr|A0A7J6DZJ3|A0A7J6DZJ3_CANSA	A0A2Y9GPL9	33.3	99	1642	402	2.42e-08	55.5	6.0	22.6
tr|A0A7J6DZJ3|A0A7J6DZJ3_CANSA	A0A2Y9DZ14	37.5	72	1642	444	2.70e-08	55.5	4.3	16.2
tr|A0A7J6DZJ3|A0A7J6DZJ3_CANSA	A0A2Y9GTG8	33.3	99	1642	444	2.70e-08	55.5	6.0	20.5
tr|A0A7J6DZJ3|A0A7J6DZJ3_CANSA	A0A6J0ZEQ7	37.0	73	1642	444	2.70e-08	55.5	4.4	16.4
tr|A0A7J6DZJ3|A0A7J6DZJ3_CANSA	A0A7J7RH61	36.1	72	1642	444	2.70e-08	55.5	4.3	16.2
tr|A0A7J6DZJ3|A0A7J6DZJ3_CANSA	G3SV00	37.5	72	1642	447	2.71e-08	55.5	4.3	16.1
tr|A0A7J6DZJ3|A0A7J6DZJ3_CANSA	A0ABM4HDD4	37.0	73	1642	472	2.85e-08	55.5	4.4	15.5
tr|A0A7J6DZJ3|A0A7J6DZJ3_CANSA	A0A7N4PD85	39.7	73	1642	488	2.94e-08	55.5	4.3	14.8
tr|A0A7J6DZJ3|A0A7J6DZJ3_CANSA	A0A7J8ER13	37.5	72	1642	386	3.04e-08	55.1	4.3	18.7
tr|A0A7J6DZJ3|A0A7J6DZJ3_CANSA	A0A6J3RQR0	37.0	73	1642	398	3.16e-08	55.1	4.4	18.3
tr|A0A7J6DZJ3|A0A7J6DZJ3_CANSA	A0A8C9CKS5	37.0	73	1642	410	3.27e-08	55.1	4.4	17.8
tr|A0A7J6DZJ3|A0A7J6DZJ3_CANSA	A0A455CBT0	35.6	73	1642	263	3.50e-08	53.9	4.4	27.8
tr|A0A7J6DZJ3|A0A7J6DZJ3_CANSA	A0A6P6H6F8	36.1	72	1642	299	3.50e-08	54.3	4.3	24.1
tr|A0A7J6DZJ3|A0A7J6DZJ3_CANSA	A0A2U3WMF1	37.5	72	1642	444	3.55e-08	55.1	4.3	16.2
tr|A0A7J6DZJ3|A0A7J6DZJ3_CANSA	A0A2Y9PVZ8	37.0	73	1642	444	3.55e-08	55.1	4.4	16.4
tr|A0A7J6DZJ3|A0A7J6DZJ3_CANSA	A0A341BRA6	37.0	73	1642	444	3.55e-08	55.1	4.4	16.4
tr|A0A7J6DZJ3|A0A7J6DZJ3_CANSA	A0A6J3RQ21	37.0	73	1642	444	3.55e-08	55.1	4.4	16.4
tr|A0A7J6DZJ3|A0A7J6DZJ3_CANSA	A0A7J8EPY8	37.5	72	1642	444	3.55e-08	55.1	4.3	16.2
tr|A0A7J6DZJ3|A0A7J6DZJ3_CANSA	A0A8B7VPM7	37.5	72	1642	444	3.55e-08	55.1	4.3	16.2
tr|A0A7J6DZJ3|A0A7J6DZJ3_CANSA	A0A8C6C1G1	37.0	73	1642	444	3.55e-08	55.1	4.4	16.4
tr|A0A7J6DZJ3|A0A7J6DZJ3_CANSA	A0A8C7BV79	37.5	72	1642	444	3.55e-08	55.1	4.3	16.2
tr|A0A7J6DZJ3|A0A7J6DZJ3_CANSA	A0A8C9CC49	37.0	73	1642	444	3.55e-08	55.1	4.4	16.4
tr|A0A7J6DZJ3|A0A7J6DZJ3_CANSA	A0A8D2B8T4	37.5	72	1642	444	3.55e-08	55.1	4.3	16.2
tr|A0A7J6DZJ3|A0A7J6DZJ3_CANSA	A0AA41T7J5	37.5	72	1642	444	3.55e-08	55.1	4.3	16.2
tr|A0A7J6DZJ3|A0A7J6DZJ3_CANSA	M3YRP0	37.5	72	1642	444	3.55e-08	55.1	4.3	16.2
tr|A0A7J6DZJ3|A0A7J6DZJ3_CANSA	A0A7J8EQA1	37.5	72	1642	460	3.67e-08	55.1	4.3	15.7
tr|A0A7J6DZJ3|A0A7J6DZJ3_CANSA	L5LCQ8	36.1	72	1642	383	3.98e-08	54.7	4.3	18.8
tr|A0A7J6DZJ3|A0A7J6DZJ3_CANSA	A0A2Y9JS87	37.5	72	1642	444	4.69e-08	54.7	4.3	16.2
tr|A0A7J6DZJ3|A0A7J6DZJ3_CANSA	A0ACB9UWW7	39.2	51	1642	106	5.30e-08	50.1	3.1	48.1
tr|A0A7J6DZJ3|A0A7J6DZJ3_CANSA	A0A6J1Y9U7	36.1	72	1642	398	5.51e-08	54.3	4.3	18.1
tr|A0A7J6DZJ3|A0A7J6DZJ3_CANSA	A0A9V1DYJ1	36.1	72	1642	398	5.51e-08	54.3	4.3	18.1
tr|A0A7J6DZJ3|A0A7J6DZJ3_CANSA	A0ACF8K989	42.0	50	1642	224	5.55e-08	52.8	3.0	22.3
tr|A0A7J6DZJ3|A0A7J6DZJ3_CANSA	F6YXC7	36.8	76	1642	224	5.55e-08	52.8	4.5	33.5
tr|A0A7J6DZJ3|A0A7J6DZJ3_CANSA	A0A340XT28	37.5	72	1642	424	5.91e-08	54.3	4.3	17.0
tr|A0A7J6DZJ3|A0A7J6DZJ3_CANSA	A0A340XSB0	37.5	72	1642	427	5.95e-08	54.3	4.3	16.9
tr|A0A7J6DZJ3|A0A7J6DZJ3_CANSA	A0A2K6FU00	36.1	72	1642	444	6.18e-08	54.3	4.3	16.2
tr|A0A7J6DZJ3|A0A7J6DZJ3_CANSA	A0A340XLC4	37.5	72	1642	444	6.18e-08	54.3	4.3	16.2
tr|A0A7J6DZJ3|A0A7J6DZJ3_CANSA	A0A485NIT7	36.1	72	1642	444	6.18e-08	54.3	4.3	16.2
tr|A0A7J6DZJ3|A0A7J6DZJ3_CANSA	A0A667I757	36.1	72	1642	444	6.18e-08	54.3	4.3	16.2
tr|A0A7J6DZJ3|A0A7J6DZJ3_CANSA	A0A671DRA6	34.7	72	1642	444	6.18e-08	54.3	4.3	16.2
tr|A0A7J6DZJ3|A0A7J6DZJ3_CANSA	A0A6J1Y9S1	36.1	72	1642	444	6.18e-08	54.3	4.3	16.2
tr|A0A7J6DZJ3|A0A7J6DZJ3_CANSA	A0A8B7SFT2	36.1	72	1642	444	6.18e-08	54.3	4.3	16.2
tr|A0A7J6DZJ3|A0A7J6DZJ3_CANSA	A0A8C8WZ21	36.1	72	1642	444	6.18e-08	54.3	4.3	16.2
tr|A0A7J6DZJ3|A0A7J6DZJ3_CANSA	A0A9W2VB67	36.1	72	1642	444	6.18e-08	54.3	4.3	16.2
tr|A0A7J6DZJ3|A0A7J6DZJ3_CANSA	A0ABI7ZRS6	36.1	72	1642	444	6.18e-08	54.3	4.3	16.2
tr|A0A7J6DZJ3|A0A7J6DZJ3_CANSA	A0A1S3G6I7	45.1	51	1642	447	6.22e-08	54.3	3.1	11.4
tr|A0A7J6DZJ3|A0A7J6DZJ3_CANSA	A0A667HQU3	36.1	72	1642	452	6.28e-08	54.3	4.3	15.9
tr|A0A7J6DZJ3|A0A7J6DZJ3_CANSA	A0AAW0HMZ6	43.1	51	1642	318	6.97e-08	53.5	3.1	16.0
tr|A0A7J6DZJ3|A0A7J6DZJ3_CANSA	A0A8C5W438	36.1	72	1642	427	7.85e-08	53.9	4.3	16.9
tr|A0A7J6DZJ3|A0A7J6DZJ3_CANSA	A0A1U7U4P0	37.0	73	1642	444	8.15e-08	53.9	4.3	16.2
tr|A0A7J6DZJ3|A0A7J6DZJ3_CANSA	A0A6J2LZM4	37.5	72	1642	444	8.15e-08	53.9	4.3	16.2
tr|A0A7J6DZJ3|A0A7J6DZJ3_CANSA	A0A6P3QLI8	45.1	51	1642	444	8.15e-08	53.9	3.1	11.5
tr|A0A7J6DZJ3|A0A7J6DZJ3_CANSA	A0A8C3YP80	32.3	99	1642	444	8.15e-08	53.9	6.0	20.5
tr|A0A7J6DZJ3|A0A7J6DZJ3_CANSA	A0A6P5IRF7	37.3	75	1642	446	8.18e-08	53.9	4.4	16.6
tr|A0A7J6DZJ3|A0A7J6DZJ3_CANSA	L5KQ77	45.1	51	1642	379	9.07e-08	53.5	3.1	13.5
tr|A0A7J6DZJ3|A0A7J6DZJ3_CANSA	A0A140TAE1	43.1	51	1642	386	9.28e-08	53.5	3.1	13.2
tr|A0A7J6DZJ3|A0A7J6DZJ3_CANSA	A0AC58R0E2	37.5	72	1642	398	9.62e-08	53.5	4.3	18.1
tr|A0A7J6DZJ3|A0A7J6DZJ3_CANSA	A0A8I5ZWZ8	43.1	51	1642	410	9.93e-08	53.5	3.1	12.4
tr|A0A7J6DZJ3|A0A7J6DZJ3_CANSA	A0ABQ0FSE9	43.1	51	1642	426	1.03e-07	53.5	3.1	12.0
tr|A0A7J6DZJ3|A0A7J6DZJ3_CANSA	A0A8C6I4C1	43.1	51	1642	434	1.05e-07	53.5	3.1	11.8
tr|A0A7J6DZJ3|A0A7J6DZJ3_CANSA	A0A8B6Y5Q9	37.5	72	1642	443	1.07e-07	53.5	4.3	16.3
tr|A0A7J6DZJ3|A0A7J6DZJ3_CANSA	A0A1S2ZY34	37.0	73	1642	444	1.07e-07	53.5	4.3	16.2
tr|A0A7J6DZJ3|A0A7J6DZJ3_CANSA	A0A6I9MEG9	43.1	51	1642	444	1.07e-07	53.5	3.1	11.5
tr|A0A7J6DZJ3|A0A7J6DZJ3_CANSA	A0A6P5P6I7	43.1	51	1642	444	1.07e-07	53.5	3.1	11.5
tr|A0A7J6DZJ3|A0A7J6DZJ3_CANSA	A0A8C6I4F4	43.1	51	1642	444	1.07e-07	53.5	3.1	11.5
tr|A0A7J6DZJ3|A0A7J6DZJ3_CANSA	A0AC58R0G0	37.5	72	1642	444	1.07e-07	53.5	4.3	16.2
tr|A0A7J6DZJ3|A0A7J6DZJ3_CANSA	A0ACF6GY87	43.1	51	1642	444	1.07e-07	53.5	3.1	11.5
tr|A0A7J6DZJ3|A0A7J6DZJ3_CANSA	A0A5N4DLW8	37.5	72	1642	459	1.11e-07	53.5	4.3	15.7
tr|A0A7J6DZJ3|A0A7J6DZJ3_CANSA	A0A7J8GYM1	39.2	51	1642	386	1.23e-07	53.1	3.1	13.2
tr|A0A7J6DZJ3|A0A7J6DZJ3_CANSA	A0AAU9ZLW5	43.1	51	1642	386	1.23e-07	53.1	3.1	13.2
tr|A0A7J6DZJ3|A0A7J6DZJ3_CANSA	G3R9J3	42.0	50	1642	255	1.39e-07	52.0	3.0	19.6
tr|A0A7J6DZJ3|A0A7J6DZJ3_CANSA	A0A8C6D993	34.2	73	1642	443	1.41e-07	53.1	4.4	16.5
tr|A0A7J6DZJ3|A0A7J6DZJ3_CANSA	A0A0U3TC30	44.2	52	1642	444	1.42e-07	53.1	3.2	11.7
tr|A0A7J6DZJ3|A0A7J6DZJ3_CANSA	A0A1U7Q654	43.1	51	1642	444	1.42e-07	53.1	3.1	11.5
tr|A0A7J6DZJ3|A0A7J6DZJ3_CANSA	A0A6J3BQ89	37.5	72	1642	444	1.42e-07	53.1	4.3	16.2
tr|A0A7J6DZJ3|A0A7J6DZJ3_CANSA	A0A7J8GYE7	39.2	51	1642	444	1.42e-07	53.1	3.1	11.5
tr|A0A7J6DZJ3|A0A7J6DZJ3_CANSA	A0A8B8Y3A2	35.6	73	1642	444	1.42e-07	53.1	4.4	16.4
tr|A0A7J6DZJ3|A0A7J6DZJ3_CANSA	A0A8C2M1T6	43.1	51	1642	444	1.42e-07	53.1	3.1	11.5
tr|A0A7J6DZJ3|A0A7J6DZJ3_CANSA	A0A8C6R659	44.0	50	1642	444	1.42e-07	53.1	3.0	11.3
tr|A0A7J6DZJ3|A0A7J6DZJ3_CANSA	A0A8J8YDV0	37.0	73	1642	444	1.42e-07	53.1	4.3	16.2
tr|A0A7J6DZJ3|A0A7J6DZJ3_CANSA	A0AAU9ZP26	43.1	51	1642	444	1.42e-07	53.1	3.1	11.5
tr|A0A7J6DZJ3|A0A7J6DZJ3_CANSA	A0ABM3U182	35.6	73	1642	444	1.42e-07	53.1	4.4	16.4
tr|A0A7J6DZJ3|A0A7J6DZJ3_CANSA	G1SJU8	44.2	52	1642	444	1.42e-07	53.1	3.2	11.7
tr|A0A7J6DZJ3|A0A7J6DZJ3_CANSA	U3EAX4	37.0	73	1642	444	1.42e-07	53.1	4.3	16.2
tr|A0A7J6DZJ3|A0A7J6DZJ3_CANSA	A0A4X2K3C7	36.0	75	1642	446	1.42e-07	53.1	4.4	16.6
tr|A0A7J6DZJ3|A0A7J6DZJ3_CANSA	A0ABQ9UTF0	42.6	47	1642	151	1.44e-07	50.1	2.9	31.1
tr|A0A7J6DZJ3|A0A7J6DZJ3_CANSA	A0A4X2K0X7	36.0	75	1642	478	1.51e-07	53.1	4.4	15.5
tr|A0A7J6DZJ3|A0A7J6DZJ3_CANSA	A0A096N608	42.0	50	1642	409	1.73e-07	52.8	3.0	12.2
tr|A0A7J6DZJ3|A0A7J6DZJ3_CANSA	A0A1D5QW98	42.0	50	1642	409	1.73e-07	52.8	3.0	12.2
tr|A0A7J6DZJ3|A0A7J6DZJ3_CANSA	A0A2K5U5T7	42.0	50	1642	409	1.73e-07	52.8	3.0	12.2
tr|A0A7J6DZJ3|A0A7J6DZJ3_CANSA	A0A2K5ZTN0	42.0	50	1642	409	1.73e-07	52.8	3.0	12.2
tr|A0A7J6DZJ3|A0A7J6DZJ3_CANSA	A0A2K5ZTJ1	42.0	50	1642	422	1.78e-07	52.8	3.0	11.8
tr|A0A7J6DZJ3|A0A7J6DZJ3_CANSA	A0A2K5ZTD4	42.0	50	1642	437	1.84e-07	52.8	3.0	11.4
tr|A0A7J6DZJ3|A0A7J6DZJ3_CANSA	A0A0D9R2C8	42.0	50	1642	444	1.87e-07	52.8	3.0	11.3
tr|A0A7J6DZJ3|A0A7J6DZJ3_CANSA	A0A2K5KFD0	42.0	50	1642	444	1.87e-07	52.8	3.0	11.3
tr|A0A7J6DZJ3|A0A7J6DZJ3_CANSA	A0A2K5NWS9	42.0	50	1642	444	1.87e-07	52.8	3.0	11.3
tr|A0A7J6DZJ3|A0A7J6DZJ3_CANSA	A0A2K6D4T4	42.0	50	1642	444	1.87e-07	52.8	3.0	11.3
tr|A0A7J6DZJ3|A0A7J6DZJ3_CANSA	A0A2K6MTW7	42.0	50	1642	444	1.87e-07	52.8	3.0	11.3
tr|A0A7J6DZJ3|A0A7J6DZJ3_CANSA	A0A2K6QZH9	42.0	50	1642	444	1.87e-07	52.8	3.0	11.3
tr|A0A7J6DZJ3|A0A7J6DZJ3_CANSA	A0A3Q7R172	36.1	72	1642	444	1.87e-07	52.8	4.3	16.2
tr|A0A7J6DZJ3|A0A7J6DZJ3_CANSA	A0A6J2BYR2	36.1	72	1642	444	1.87e-07	52.8	4.3	16.2
tr|A0A7J6DZJ3|A0A7J6DZJ3_CANSA	A0A8C9GT53	42.0	50	1642	444	1.87e-07	52.8	3.0	11.3
tr|A0A7J6DZJ3|A0A7J6DZJ3_CANSA	A0A8D2FBF1	42.0	50	1642	444	1.87e-07	52.8	3.0	11.3
tr|A0A7J6DZJ3|A0A7J6DZJ3_CANSA	A0ACF8I8R0	42.0	50	1642	444	1.87e-07	52.8	3.0	11.3
tr|A0A7J6DZJ3|A0A7J6DZJ3_CANSA	A0ACF8NVM1	42.0	50	1642	444	1.87e-07	52.8	3.0	11.3
tr|A0A7J6DZJ3|A0A7J6DZJ3_CANSA	F6YUF6	42.0	50	1642	444	1.87e-07	52.8	3.0	11.3
tr|A0A7J6DZJ3|A0A7J6DZJ3_CANSA	H9G216	42.0	50	1642	444	1.87e-07	52.8	3.0	11.3
tr|A0A7J6DZJ3|A0A7J6DZJ3_CANSA	A0A1D5Q079	42.0	50	1642	457	1.91e-07	52.8	3.0	10.9
tr|A0A7J6DZJ3|A0A7J6DZJ3_CANSA	A0A7N9CBC3	42.0	50	1642	457	1.91e-07	52.8	3.0	10.9
tr|A0A7J6DZJ3|A0A7J6DZJ3_CANSA	A0A5G2QYW5	42.0	50	1642	407	2.27e-07	52.4	3.0	12.3
tr|A0A7J6DZJ3|A0A7J6DZJ3_CANSA	A0ACI8TB36	42.0	50	1642	344	2.45e-07	52.0	3.0	14.5
tr|A0A7J6DZJ3|A0A7J6DZJ3_CANSA	A0A7J7FD96	42.0	50	1642	444	2.46e-07	52.4	3.0	11.3
tr|A0A7J6DZJ3|A0A7J6DZJ3_CANSA	A0A9B0U7Q0	44.0	50	1642	444	2.46e-07	52.4	3.0	11.3
tr|A0A7J6DZJ3|A0A7J6DZJ3_CANSA	A0ABM0I036	42.0	50	1642	444	2.46e-07	52.4	3.0	11.3
tr|A0A7J6DZJ3|A0A7J6DZJ3_CANSA	A0ACI8RCU9	42.0	50	1642	398	2.92e-07	52.0	3.0	12.6
tr|A0A7J6DZJ3|A0A7J6DZJ3_CANSA	A0ACI8QW41	42.0	50	1642	402	2.96e-07	52.0	3.0	12.4
tr|A0A7J6DZJ3|A0A7J6DZJ3_CANSA	A0ACI8TAX1	42.0	50	1642	402	2.96e-07	52.0	3.0	12.4
tr|A0A7J6DZJ3|A0A7J6DZJ3_CANSA	A0A8I6A6F8	42.9	49	1642	407	2.99e-07	52.0	3.0	12.0
tr|A0A7J6DZJ3|A0A7J6DZJ3_CANSA	A0ACI8TA36	42.0	50	1642	422	3.10e-07	52.0	3.0	11.8
tr|A0A7J6DZJ3|A0A7J6DZJ3_CANSA	A0ACI8TA33	42.0	50	1642	443	3.24e-07	52.0	3.0	11.3
tr|A0A7J6DZJ3|A0A7J6DZJ3_CANSA	A0A2R9BKZ6	42.0	50	1642	444	3.24e-07	52.0	3.0	11.3
tr|A0A7J6DZJ3|A0A7J6DZJ3_CANSA	A0A8C9AGB6	36.1	72	1642	444	3.24e-07	52.0	4.3	16.2
tr|A0A7J6DZJ3|A0A7J6DZJ3_CANSA	A0ABM0LNH9	41.2	51	1642	444	3.24e-07	52.0	3.1	11.5
tr|A0A7J6DZJ3|A0A7J6DZJ3_CANSA	A0ACM8R4S8	42.0	50	1642	444	3.24e-07	52.0	3.0	11.3
tr|A0A7J6DZJ3|A0A7J6DZJ3_CANSA	H2Q3U8	42.0	50	1642	444	3.24e-07	52.0	3.0	11.3
tr|A0A7J6DZJ3|A0A7J6DZJ3_CANSA	K7BG07	42.0	50	1642	444	3.24e-07	52.0	3.0	11.3
tr|A0A7J6DZJ3|A0A7J6DZJ3_CANSA	H0WQ14	42.0	50	1642	447	3.26e-07	52.0	3.0	11.2
tr|A0A7J6DZJ3|A0A7J6DZJ3_CANSA	A0ACI8TAQ9	42.0	50	1642	452	3.29e-07	52.0	3.0	11.1
tr|A0A7J6DZJ3|A0A7J6DZJ3_CANSA	A0A8D0VQW6	44.7	47	1642	307	3.61e-07	51.2	2.9	15.3
tr|A0A7J6DZJ3|A0A7J6DZJ3_CANSA	A0ACI6Q519	40.8	49	1642	407	3.95e-07	51.6	3.0	12.0
tr|A0A7J6DZJ3|A0A7J6DZJ3_CANSA	A0A2K6UA82	42.0	50	1642	444	4.27e-07	51.6	3.0	11.3
tr|A0A7J6DZJ3|A0A7J6DZJ3_CANSA	A0A5N3XHK2	34.7	75	1642	411	5.26e-07	51.2	4.5	18.2
tr|A0A7J6DZJ3|A0A7J6DZJ3_CANSA	A0ABM4HDC7	40.8	49	1642	435	7.30e-07	50.8	3.0	11.3
tr|A0A7J6DZJ3|A0A7J6DZJ3_CANSA	A0ACI8RTL1	42.6	47	1642	307	8.47e-07	50.1	2.9	15.3
tr|A0A7J6DZJ3|A0A7J6DZJ3_CANSA	A0A7J8EQ12	44.7	47	1642	265	8.64e-07	49.7	2.9	17.7
tr|A0A7J6DZJ3|A0A7J6DZJ3_CANSA	A0A3Q2L545	41.7	48	1642	407	9.07e-07	50.4	2.9	11.8
tr|A0A7J6DZJ3|A0A7J6DZJ3_CANSA	A0A8I5TZB8	41.7	48	1642	407	9.07e-07	50.4	2.9	11.8
tr|A0A7J6DZJ3|A0A7J6DZJ3_CANSA	A0A2K5EUF8	42.0	50	1642	444	9.78e-07	50.4	3.0	11.3
tr|A0A7J6DZJ3|A0A7J6DZJ3_CANSA	A0A2K5PNC7	42.0	50	1642	444	9.78e-07	50.4	3.0	11.3
tr|A0A7J6DZJ3|A0A7J6DZJ3_CANSA	A0A6J3IAN6	42.0	50	1642	444	9.78e-07	50.4	3.0	11.3
tr|A0A7J6DZJ3|A0A7J6DZJ3_CANSA	A0A8C9PAG7	38.0	71	1642	368	1.08e-06	50.1	4.2	19.0
tr|A0A7J6DZJ3|A0A7J6DZJ3_CANSA	A0A7J8EQ56	43.8	48	1642	390	1.15e-06	50.1	2.9	12.3
tr|A0A7J6DZJ3|A0A7J6DZJ3_CANSA	A0ACI6S0X0	39.2	51	1642	424	1.24e-06	50.1	3.1	12.0
tr|A0A7J6DZJ3|A0A7J6DZJ3_CANSA	A0A811XXW4	42.6	47	1642	602	1.55e-06	50.1	2.9	7.8
tr|A0A7J6DZJ3|A0A7J6DZJ3_CANSA	A0A6I8N7H0	35.6	73	1642	402	1.56e-06	49.7	4.3	17.9
tr|A0A7J6DZJ3|A0A7J6DZJ3_CANSA	A0A6I8NAX3	35.6	73	1642	444	1.70e-06	49.7	4.3	16.2
tr|A0A7J6DZJ3|A0A7J6DZJ3_CANSA	A0A8B7KGW4	34.7	72	1642	207	2.86e-06	47.4	4.3	34.8
tr|A0A7J6DZJ3|A0A7J6DZJ3_CANSA	G1Q9U6	41.5	53	1642	201	6.47e-06	46.2	3.2	25.4
tr|A0A7J6F6K5|A0A7J6F6K5_CANSA	A0A7J7RTY1	33.8	77	238	263	5.06e-08	49.7	31.9	29.3
tr|A0A7J6F6K5|A0A7J6F6K5_CANSA	A0A7J7RTH3	33.8	77	238	386	7.00e-08	49.7	31.9	19.9
tr|A0A7J6F6K5|A0A7J6F6K5_CANSA	A0A6I8N7H0	30.9	81	238	402	7.15e-08	49.7	33.6	20.1
tr|A0A7J6F6K5|A0A7J6F6K5_CANSA	A0A6I8NAX3	30.9	81	238	444	7.49e-08	49.7	33.6	18.2
tr|A0A7J6F6K5|A0A7J6F6K5_CANSA	A0A7J7RTC3	33.8	77	238	444	7.49e-08	49.7	31.9	17.3
tr|A0A7J6F6K5|A0A7J6F6K5_CANSA	A0A6J3BQ89	31.3	83	238	444	1.01e-07	49.3	33.6	18.2
tr|A0A7J6F6K5|A0A7J6F6K5_CANSA	A0AC58R0E2	31.3	83	238	398	1.72e-07	48.5	33.6	20.4
tr|A0A7J6F6K5|A0A7J6F6K5_CANSA	A0A8B6Y5Q9	31.3	83	238	443	1.81e-07	48.5	33.6	18.3
tr|A0A7J6F6K5|A0A7J6F6K5_CANSA	A0A2Y9DZ14	31.3	83	238	444	1.81e-07	48.5	33.6	18.2
tr|A0A7J6F6K5|A0A7J6F6K5_CANSA	A0ABP0AGF8	33.8	77	238	444	1.81e-07	48.5	31.9	17.3
tr|A0A7J6F6K5|A0A7J6F6K5_CANSA	A0AC58R0G0	31.3	83	238	444	1.81e-07	48.5	33.6	18.2
tr|A0A7J6F6K5|A0A7J6F6K5_CANSA	A0A5N4DLW8	31.3	83	238	459	1.84e-07	48.5	33.6	17.6
tr|A0A7J6F6K5|A0A7J6F6K5_CANSA	A0A8J8YDV0	28.4	81	238	444	3.26e-07	47.8	33.6	18.2
tr|A0A7J6F6K5|A0A7J6F6K5_CANSA	U3EAX4	28.4	81	238	444	3.26e-07	47.8	33.6	18.2
tr|A0A7J6F6K5|A0A7J6F6K5_CANSA	A0A8B7A5H7	30.1	83	238	398	4.15e-07	47.4	33.6	20.4
tr|A0A7J6F6K5|A0A7J6F6K5_CANSA	A0A2K6UA82	28.9	83	238	444	5.85e-07	47.0	33.6	18.2
tr|A0A7J6F6K5|A0A7J6F6K5_CANSA	A0ABM0S421	30.1	83	238	444	5.85e-07	47.0	33.6	18.2
tr|A0A7J6F6K5|A0A7J6F6K5_CANSA	G3SV00	30.1	83	238	447	5.87e-07	47.0	33.6	18.1
tr|A0A7J6F6K5|A0A7J6F6K5_CANSA	L8Y1X2	30.1	83	238	453	5.90e-07	47.0	33.6	17.9
tr|A0A7J6F6K5|A0A7J6F6K5_CANSA	A0ABM0J532	30.1	83	238	386	7.35e-07	46.6	33.6	21.0
tr|A0A7J6F6K5|A0A7J6F6K5_CANSA	A0A455CBT0	30.4	79	238	263	7.42e-07	46.2	31.9	29.3
tr|A0A7J6F6K5|A0A7J6F6K5_CANSA	A0A6J0ZEQ7	31.6	79	238	444	7.84e-07	46.6	31.9	17.3
tr|A0A7J6F6K5|A0A7J6F6K5_CANSA	A0A7J7FD96	30.5	82	238	444	7.84e-07	46.6	33.6	18.2
tr|A0A7J6F6K5|A0A7J6F6K5_CANSA	A0ABM0I036	30.5	82	238	444	7.84e-07	46.6	33.6	18.2
tr|A0A7J6F6K5|A0A7J6F6K5_CANSA	A0ABM4HDD4	31.6	79	238	472	8.03e-07	46.6	31.9	16.3
tr|A0A7J6F6K5|A0A7J6F6K5_CANSA	A0A8J5ZV45	29.6	81	238	633	8.82e-07	46.6	33.6	12.8
tr|A0A7J6F6K5|A0A7J6F6K5_CANSA	A0A7J8ER13	31.3	83	238	386	9.85e-07	46.2	33.6	21.0
tr|A0A7J6F6K5|A0A7J6F6K5_CANSA	A0A2K5EUF8	28.9	83	238	444	1.05e-06	46.2	33.6	18.2
tr|A0A7J6F6K5|A0A7J6F6K5_CANSA	A0A2K5PNC7	28.9	83	238	444	1.05e-06	46.2	33.6	18.2
tr|A0A7J6F6K5|A0A7J6F6K5_CANSA	A0A6J3IAN6	28.9	83	238	444	1.05e-06	46.2	33.6	18.2
tr|A0A7J6F6K5|A0A7J6F6K5_CANSA	A0A7J8EPY8	31.3	83	238	444	1.05e-06	46.2	33.6	18.2
tr|A0A7J6F6K5|A0A7J6F6K5_CANSA	A0A8D2H2L7	33.9	56	238	444	1.05e-06	46.2	23.5	12.6
tr|A0A7J6F6K5|A0A7J6F6K5_CANSA	A0A7J8EQA1	31.3	83	238	460	1.07e-06	46.2	33.6	17.6
tr|A0A7J6F6K5|A0A7J6F6K5_CANSA	F6YXC7	30.0	80	238	224	1.10e-06	45.4	33.2	35.7
tr|A0A7J6F6K5|A0A7J6F6K5_CANSA	H0WQ14	28.4	81	238	447	1.41e-06	45.8	33.6	18.1
tr|A0A7J6F6K5|A0A7J6F6K5_CANSA	A0ACF8K989	28.9	83	238	224	1.49e-06	45.1	33.6	36.2
tr|A0A7J6F6K5|A0A7J6F6K5_CANSA	A0A6J3RQR0	30.4	79	238	398	1.80e-06	45.4	31.9	19.3
tr|A0A7J6F6K5|A0A7J6F6K5_CANSA	A0A9V1DYJ1	28.4	81	238	398	1.80e-06	45.4	33.6	20.4
tr|A0A7J6F6K5|A0A7J6F6K5_CANSA	A0A8C9CKS5	30.4	79	238	410	1.82e-06	45.4	31.9	18.8
tr|A0A7J6F6K5|A0A7J6F6K5_CANSA	A0A340XT28	30.4	79	238	424	1.85e-06	45.4	31.9	18.2
tr|A0A7J6F6K5|A0A7J6F6K5_CANSA	A0A340XSB0	30.4	79	238	427	1.85e-06	45.4	31.9	18.0
tr|A0A7J6F6K5|A0A7J6F6K5_CANSA	A0A2Y9PVZ8	30.4	79	238	444	1.89e-06	45.4	31.9	17.3
tr|A0A7J6F6K5|A0A7J6F6K5_CANSA	A0A340XLC4	30.4	79	238	444	1.89e-06	45.4	31.9	17.3
tr|A0A7J6F6K5|A0A7J6F6K5_CANSA	A0A341BRA6	30.4	79	238	444	1.89e-06	45.4	31.9	17.3
tr|A0A7J6F6K5|A0A7J6F6K5_CANSA	A0A6J3RQ21	30.4	79	238	444	1.89e-06	45.4	31.9	17.3
tr|A0A7J6F6K5|A0A7J6F6K5_CANSA	A0A8B8Y3A2	30.4	79	238	444	1.89e-06	45.4	31.9	17.3
tr|A0A7J6F6K5|A0A7J6F6K5_CANSA	A0A8C6C1G1	30.4	79	238	444	1.89e-06	45.4	31.9	17.3
tr|A0A7J6F6K5|A0A7J6F6K5_CANSA	A0A8C8WZ21	28.4	81	238	444	1.89e-06	45.4	33.6	18.2
tr|A0A7J6F6K5|A0A7J6F6K5_CANSA	A0A8C9CC49	30.4	79	238	444	1.89e-06	45.4	31.9	17.3
tr|A0A7J6F6K5|A0A7J6F6K5_CANSA	A0A9B0U7Q0	30.1	83	238	444	1.89e-06	45.4	33.6	18.2
tr|A0A7J6F6K5|A0A7J6F6K5_CANSA	A0A9W2VB67	28.4	81	238	444	1.89e-06	45.4	33.6	18.2
tr|A0A7J6F6K5|A0A7J6F6K5_CANSA	A0ABM3U182	30.4	79	238	444	1.89e-06	45.4	31.9	17.3
tr|A0A7J6F6K5|A0A7J6F6K5_CANSA	A0A7N4NYQ1	31.3	80	238	446	1.89e-06	45.4	33.2	17.9
tr|A0A7J6F6K5|A0A7J6F6K5_CANSA	A0A7N4PD85	31.3	80	238	488	1.95e-06	45.4	33.2	16.4
tr|A0A7J6F6K5|A0A7J6F6K5_CANSA	A0A7N4PCZ6	31.3	80	238	513	1.99e-06	45.4	33.2	15.6
tr|A0A7J6F6K5|A0A7J6F6K5_CANSA	A0A9L0R8Q0	28.4	81	238	402	2.42e-06	45.1	33.6	20.1
tr|A0A7J6F6K5|A0A7J6F6K5_CANSA	A0A8C4LLG8	28.4	81	238	410	2.44e-06	45.1	33.6	19.8
tr|A0A7J6F6K5|A0A7J6F6K5_CANSA	F6SIL5	28.4	81	238	410	2.44e-06	45.1	33.6	19.8
tr|A0A7J6F6K5|A0A7J6F6K5_CANSA	A0A8C5YNB8	32.1	56	238	436	2.51e-06	45.1	23.5	12.8
tr|A0A7J6F6K5|A0A7J6F6K5_CANSA	A0A1U7U4P0	28.9	83	238	444	2.52e-06	45.1	33.6	18.2
tr|A0A7J6F6K5|A0A7J6F6K5_CANSA	A0A2K5KFD0	28.9	83	238	444	2.52e-06	45.1	33.6	18.2
tr|A0A7J6F6K5|A0A7J6F6K5_CANSA	A0A2K6MTW7	28.9	83	238	444	2.52e-06	45.1	33.6	18.2
tr|A0A7J6F6K5|A0A7J6F6K5_CANSA	A0A2K6QZH9	28.9	83	238	444	2.52e-06	45.1	33.6	18.2
tr|A0A7J6F6K5|A0A7J6F6K5_CANSA	A0A5E4B1S8	32.1	56	238	444	2.52e-06	45.1	23.5	12.6
tr|A0A7J6F6K5|A0A7J6F6K5_CANSA	A0A8C9GT53	28.9	83	238	444	2.52e-06	45.1	33.6	18.2
tr|A0A7J6F6K5|A0A7J6F6K5_CANSA	A0ABM4JZQ6	28.4	81	238	444	2.52e-06	45.1	33.6	18.2
tr|A0A7J6F6K5|A0A7J6F6K5_CANSA	A0ACF8I8R0	28.9	83	238	444	2.52e-06	45.1	33.6	18.2
tr|A0A7J6F6K5|A0A7J6F6K5_CANSA	A0ACF8NVM1	28.9	83	238	444	2.52e-06	45.1	33.6	18.2
tr|A0A7J6F6K5|A0A7J6F6K5_CANSA	I3MN09	32.1	56	238	444	2.52e-06	45.1	23.5	12.6
tr|A0A7J6F6K5|A0A7J6F6K5_CANSA	A0A9L0S1H2	28.4	81	238	460	2.56e-06	45.1	33.6	17.6
tr|A0A7J6F6K5|A0A7J6F6K5_CANSA	A0A9L0RMC9	28.4	81	238	469	2.58e-06	45.1	33.6	17.3
tr|A0A7J6F6K5|A0A7J6F6K5_CANSA	A0A3Q2HPL9	28.4	81	238	490	2.62e-06	45.1	33.6	16.5
tr|A0A7J6F6K5|A0A7J6F6K5_CANSA	A0A6P6H6F8	28.4	81	238	299	2.72e-06	44.7	33.6	27.1
tr|A0A7J6F6K5|A0A7J6F6K5_CANSA	A0A7F8QKG8	28.4	81	238	252	3.13e-06	44.3	33.6	32.1
tr|A0A7J6F6K5|A0A7J6F6K5_CANSA	G3R9J3	28.9	83	238	255	3.17e-06	44.3	33.6	31.8
tr|A0A7J6F6K5|A0A7J6F6K5_CANSA	A0A6J1Y9U7	28.4	81	238	398	3.22e-06	44.7	33.6	20.4
tr|A0A7J6F6K5|A0A7J6F6K5_CANSA	A0A7J7RHE6	27.2	81	238	211	3.36e-06	43.9	33.6	38.4
tr|A0A7J6F6K5|A0A7J6F6K5_CANSA	A0A2K6FU00	27.2	81	238	444	3.38e-06	44.7	33.6	18.2
tr|A0A7J6F6K5|A0A7J6F6K5_CANSA	A0A485NIT7	28.4	81	238	444	3.38e-06	44.7	33.6	18.2
tr|A0A7J6F6K5|A0A7J6F6K5_CANSA	A0A667I757	28.4	81	238	444	3.38e-06	44.7	33.6	18.2
tr|A0A7J6F6K5|A0A7J6F6K5_CANSA	A0A6J1Y9S1	28.4	81	238	444	3.38e-06	44.7	33.6	18.2
tr|A0A7J6F6K5|A0A7J6F6K5_CANSA	A0A6P3QLI8	29.1	79	238	444	3.38e-06	44.7	31.9	17.3
tr|A0A7J6F6K5|A0A7J6F6K5_CANSA	A0A8C6R659	32.1	56	238	444	3.38e-06	44.7	23.5	12.6
tr|A0A7J6F6K5|A0A7J6F6K5_CANSA	A0A8C9AGB6	27.2	81	238	444	3.38e-06	44.7	33.6	18.2
tr|A0A7J6F6K5|A0A7J6F6K5_CANSA	A0ABI7ZRS6	28.4	81	238	444	3.38e-06	44.7	33.6	18.2
tr|A0A7J6F6K5|A0A7J6F6K5_CANSA	A0A667HQU3	28.4	81	238	452	3.40e-06	44.7	33.6	17.9
tr|A0A7J6F6K5|A0A7J6F6K5_CANSA	A0A7F8QHJ6	28.4	81	238	294	3.60e-06	44.3	33.6	27.6
tr|A0A7J6F6K5|A0A7J6F6K5_CANSA	A0ACI8TB36	28.9	83	238	344	4.00e-06	44.3	33.6	23.5
tr|A0A7J6F6K5|A0A7J6F6K5_CANSA	L5KQ77	29.1	79	238	379	4.22e-06	44.3	31.9	20.3
tr|A0A7J6F6K5|A0A7J6F6K5_CANSA	L5LCQ8	27.2	81	238	383	4.24e-06	44.3	33.6	21.1
tr|A0A7J6F6K5|A0A7J6F6K5_CANSA	A0ACI8RCU9	28.9	83	238	398	4.32e-06	44.3	33.6	20.4
tr|A0A7J6F6K5|A0A7J6F6K5_CANSA	A0A287BJC4	28.4	81	238	402	4.34e-06	44.3	33.6	20.1
tr|A0A7J6F6K5|A0A7J6F6K5_CANSA	A0A2Y9GPL9	28.4	81	238	402	4.34e-06	44.3	33.6	20.1
tr|A0A7J6F6K5|A0A7J6F6K5_CANSA	A0ACI8QW41	28.9	83	238	402	4.34e-06	44.3	33.6	20.1
tr|A0A7J6F6K5|A0A7J6F6K5_CANSA	A0ACI8TAX1	28.9	83	238	402	4.34e-06	44.3	33.6	20.1
tr|A0A7J6F6K5|A0A7J6F6K5_CANSA	A0ACI8TA36	28.9	83	238	422	4.43e-06	44.3	33.6	19.2
tr|A0A7J6F6K5|A0A7J6F6K5_CANSA	A0A6B0RMM1	30.4	79	238	427	4.45e-06	44.3	31.9	18.0
tr|A0A7J6F6K5|A0A7J6F6K5_CANSA	F1RKS7	28.4	81	238	427	4.45e-06	44.3	33.6	19.0
tr|A0A7J6F6K5|A0A7J6F6K5_CANSA	A0A8C6D993	31.6	79	238	443	4.52e-06	44.3	31.9	17.4
tr|A0A7J6F6K5|A0A7J6F6K5_CANSA	A0ACI8TA33	28.9	83	238	443	4.52e-06	44.3	33.6	18.3
tr|A0A7J6F6K5|A0A7J6F6K5_CANSA	A0A097P7B2	30.4	79	238	444	4.53e-06	44.3	31.9	17.3
tr|A0A7J6F6K5|A0A7J6F6K5_CANSA	A0A2R9BKZ6	28.9	83	238	444	4.53e-06	44.3	33.6	18.2
tr|A0A7J6F6K5|A0A7J6F6K5_CANSA	A0A2U3WMF1	28.4	81	238	444	4.53e-06	44.3	33.6	18.2
tr|A0A7J6F6K5|A0A7J6F6K5_CANSA	A0A2Y9GTG8	28.4	81	238	444	4.53e-06	44.3	33.6	18.2
tr|A0A7J6F6K5|A0A7J6F6K5_CANSA	A0A2Y9JS87	28.4	81	238	444	4.53e-06	44.3	33.6	18.2
tr|A0A7J6F6K5|A0A7J6F6K5_CANSA	A0A452EQV5	30.4	79	238	444	4.53e-06	44.3	31.9	17.3
tr|A0A7J6F6K5|A0A7J6F6K5_CANSA	A0A481SFW3	30.4	79	238	444	4.53e-06	44.3	31.9	17.3
tr|A0A7J6F6K5|A0A7J6F6K5_CANSA	A0A4W2DUM0	30.4	79	238	444	4.53e-06	44.3	31.9	17.3
tr|A0A7J6F6K5|A0A7J6F6K5_CANSA	A0A5N3W3I1	30.4	79	238	444	4.53e-06	44.3	31.9	17.3
tr|A0A7J6F6K5|A0A7J6F6K5_CANSA	A0A5N3XT29	30.4	79	238	444	4.53e-06	44.3	31.9	17.3
tr|A0A7J6F6K5|A0A7J6F6K5_CANSA	A0A671DRA6	28.9	83	238	444	4.53e-06	44.3	33.6	18.2
tr|A0A7J6F6K5|A0A7J6F6K5_CANSA	A0A6P3IK26	30.4	79	238	444	4.53e-06	44.3	31.9	17.3
tr|A0A7J6F6K5|A0A7J6F6K5_CANSA	A0A6P5BJW1	30.4	79	238	444	4.53e-06	44.3	31.9	17.3
tr|A0A7J6F6K5|A0A7J6F6K5_CANSA	A0A8B7VPM7	30.4	56	238	444	4.53e-06	44.3	23.5	12.6
tr|A0A7J6F6K5|A0A7J6F6K5_CANSA	A0A8C6FN98	30.4	79	238	444	4.53e-06	44.3	31.9	17.3
tr|A0A7J6F6K5|A0A7J6F6K5_CANSA	A0A8C7BV79	28.4	81	238	444	4.53e-06	44.3	33.6	18.2
tr|A0A7J6F6K5|A0A7J6F6K5_CANSA	A0AAD4Y1H9	30.4	79	238	444	4.53e-06	44.3	31.9	17.3
tr|A0A7J6F6K5|A0A7J6F6K5_CANSA	A0ABN8YZR8	30.4	79	238	444	4.53e-06	44.3	31.9	17.3
tr|A0A7J6F6K5|A0A7J6F6K5_CANSA	A0ACB9U9D1	30.4	79	238	444	4.53e-06	44.3	31.9	17.3
tr|A0A7J6F6K5|A0A7J6F6K5_CANSA	A0ACI6R8K8	30.4	79	238	444	4.53e-06	44.3	31.9	17.3
tr|A0A7J6F6K5|A0A7J6F6K5_CANSA	A0ACM8R4S8	28.9	83	238	444	4.53e-06	44.3	33.6	18.2
tr|A0A7J6F6K5|A0A7J6F6K5_CANSA	D2XT13	28.4	81	238	444	4.53e-06	44.3	33.6	18.2
tr|A0A7J6F6K5|A0A7J6F6K5_CANSA	H2Q3U8	28.9	83	238	444	4.53e-06	44.3	33.6	18.2
tr|A0A7J6F6K5|A0A7J6F6K5_CANSA	K7BG07	28.9	83	238	444	4.53e-06	44.3	33.6	18.2
tr|A0A7J6F6K5|A0A7J6F6K5_CANSA	M3YRP0	28.4	81	238	444	4.53e-06	44.3	33.6	18.2
tr|A0A7J6F6K5|A0A7J6F6K5_CANSA	A0ACI8TAQ9	28.9	83	238	452	4.56e-06	44.3	33.6	17.9
tr|A0A7J6F6K5|A0A7J6F6K5_CANSA	A0A4W2C7R9	30.4	79	238	469	4.62e-06	44.3	31.9	16.4
tr|A0A7J6F6K5|A0A7J6F6K5_CANSA	A0A7J7RH08	27.2	81	238	279	4.64e-06	43.9	33.6	29.0
tr|A0A7J6F6K5|A0A7J6F6K5_CANSA	A0A4W2E825	30.4	79	238	594	4.98e-06	44.3	31.9	13.0
tr|A0A7J6F6K5|A0A7J6F6K5_CANSA	A0A452QWW6	28.6	77	238	318	5.11e-06	43.9	31.9	24.2
tr|A0A7J6F6K5|A0A7J6F6K5_CANSA	A0A8I3RWD0	28.6	77	238	442	6.05e-06	43.9	31.9	17.4
tr|A0A7J6F6K5|A0A7J6F6K5_CANSA	A0A3Q7R172	28.4	81	238	444	6.06e-06	43.9	33.6	18.2
tr|A0A7J6F6K5|A0A7J6F6K5_CANSA	A0A3Q7RBB5	28.6	77	238	444	6.06e-06	43.9	31.9	17.3
tr|A0A7J6F6K5|A0A7J6F6K5_CANSA	A0A6J2BYR2	28.4	81	238	444	6.06e-06	43.9	33.6	18.2
tr|A0A7J6F6K5|A0A7J6F6K5_CANSA	A0A7J7RH61	27.2	81	238	444	6.06e-06	43.9	33.6	18.2
tr|A0A7J6F6K5|A0A7J6F6K5_CANSA	A0A8B7SFT2	30.4	56	238	444	6.06e-06	43.9	23.5	12.6
tr|A0A7J6F6K5|A0A7J6F6K5_CANSA	A0A8C0KGD9	28.6	77	238	444	6.06e-06	43.9	31.9	17.3
tr|A0A7J6F6K5|A0A7J6F6K5_CANSA	A0A8C5L4Y9	28.6	56	238	444	6.06e-06	43.9	23.5	12.6
tr|A0A7J6F6K5|A0A7J6F6K5_CANSA	A0A8M1GUG8	28.6	77	238	444	6.06e-06	43.9	31.9	17.3
tr|A0A7J6F6K5|A0A7J6F6K5_CANSA	D2HUF7	28.6	77	238	444	6.06e-06	43.9	31.9	17.3
tr|A0A7J6F6K5|A0A7J6F6K5_CANSA	A0A7N5KQ70	28.6	77	238	488	6.27e-06	43.9	31.9	15.8
tr|A0A7J6F6K5|A0A7J6F6K5_CANSA	A0A7N5KRR1	28.6	77	238	682	6.89e-06	43.9	31.9	11.3
tr|A0A7J6F6K5|A0A7J6F6K5_CANSA	A0A7J8GYM1	29.5	78	238	386	7.63e-06	43.5	31.9	19.9
tr|A0A7J6F6K5|A0A7J6F6K5_CANSA	A0A096N608	30.4	56	238	409	7.84e-06	43.5	23.5	13.7
tr|A0A7J6F6K5|A0A7J6F6K5_CANSA	A0A1D5QW98	30.4	56	238	409	7.84e-06	43.5	23.5	13.7
tr|A0A7J6F6K5|A0A7J6F6K5_CANSA	A0A2K5U5T7	30.4	56	238	409	7.84e-06	43.5	23.5	13.7
tr|A0A7J6F6K5|A0A7J6F6K5_CANSA	A0A2K5ZTN0	30.4	56	238	409	7.84e-06	43.5	23.5	13.7
tr|A0A7J6F6K5|A0A7J6F6K5_CANSA	A0A2K5ZTJ1	30.4	56	238	422	7.94e-06	43.5	23.5	13.3
tr|A0A7J6F6K5|A0A7J6F6K5_CANSA	A0A3Q2HMZ7	28.6	77	238	432	8.02e-06	43.5	31.9	17.8
tr|A0A7J6F6K5|A0A7J6F6K5_CANSA	A0A8C4LS91	28.6	77	238	432	8.02e-06	43.5	31.9	17.8
tr|A0A7J6F6K5|A0A7J6F6K5_CANSA	A0A2K5ZTD4	30.4	56	238	437	8.05e-06	43.5	23.5	12.8
tr|A0A7J6F6K5|A0A7J6F6K5_CANSA	A0A0D9R2C8	30.4	56	238	444	8.11e-06	43.5	23.5	12.6
tr|A0A7J6F6K5|A0A7J6F6K5_CANSA	A0A1S2ZY34	28.4	81	238	444	8.11e-06	43.5	33.6	18.2
tr|A0A7J6F6K5|A0A7J6F6K5_CANSA	A0A2K5NWS9	30.4	56	238	444	8.11e-06	43.5	23.5	12.6
tr|A0A7J6F6K5|A0A7J6F6K5_CANSA	A0A2K6D4T4	30.4	56	238	444	8.11e-06	43.5	23.5	12.6
tr|A0A7J6F6K5|A0A7J6F6K5_CANSA	A0A673TLX2	28.4	81	238	444	8.11e-06	43.5	33.6	18.2
tr|A0A7J6F6K5|A0A7J6F6K5_CANSA	A0A6J2LZM4	28.4	81	238	444	8.11e-06	43.5	33.6	18.2
tr|A0A7J6F6K5|A0A7J6F6K5_CANSA	A0A7J8GYE7	29.5	78	238	444	8.11e-06	43.5	31.9	17.3
tr|A0A7J6F6K5|A0A7J6F6K5_CANSA	A0A8C3YP80	27.2	81	238	444	8.11e-06	43.5	33.6	18.2
tr|A0A7J6F6K5|A0A7J6F6K5_CANSA	A0A8D2B8T4	30.4	56	238	444	8.11e-06	43.5	23.5	12.6
tr|A0A7J6F6K5|A0A7J6F6K5_CANSA	A0A8D2FBF1	30.4	56	238	444	8.11e-06	43.5	23.5	12.6
tr|A0A7J6F6K5|A0A7J6F6K5_CANSA	A0AA40HR57	28.6	77	238	444	8.11e-06	43.5	31.9	17.3
tr|A0A7J6F6K5|A0A7J6F6K5_CANSA	F6YUF6	30.4	56	238	444	8.11e-06	43.5	23.5	12.6
tr|A0A7J6F6K5|A0A7J6F6K5_CANSA	H9G216	30.4	56	238	444	8.11e-06	43.5	23.5	12.6
tr|A0A7J6F6K5|A0A7J6F6K5_CANSA	A0A1D5Q079	30.4	56	238	457	8.19e-06	43.5	23.5	12.3
tr|A0A7J6F6K5|A0A7J6F6K5_CANSA	A0A7N9CBC3	30.4	56	238	457	8.19e-06	43.5	23.5	12.3
tr|A0A7J6F905|A0A7J6F905_CANSA	A0A8C6R659	27.3	439	447	444	1.82e-45	161	91.9	91.9
tr|A0A7J6F905|A0A7J6F905_CANSA	A0ABM0LNH9	27.8	439	447	444	9.39e-45	159	91.9	91.9
tr|A0A7J6F905|A0A7J6F905_CANSA	A0A0P6J9I4	28.0	410	447	443	6.58e-44	157	88.4	88.5
tr|A0A7J6F905|A0A7J6F905_CANSA	A0A6P3FJ34	28.2	426	447	444	6.70e-44	157	91.9	91.9
tr|A0A7J6F905|A0A7J6F905_CANSA	A0AAX6SEX2	27.5	407	447	397	1.92e-43	154	88.4	87.2
tr|A0A7J6F905|A0A7J6F905_CANSA	A0A6I8NAX3	27.8	436	447	444	9.14e-43	154	91.9	91.9
tr|A0A7J6F905|A0A7J6F905_CANSA	A0A8C7BV79	26.2	446	447	444	1.27e-42	153	91.9	91.9
tr|A0A7J6F905|A0A7J6F905_CANSA	A0A8C5L4Y9	25.9	456	447	444	1.75e-42	153	94.2	94.1
tr|A0A7J6F905|A0A7J6F905_CANSA	A0AAU9ZP26	26.5	452	447	444	2.43e-42	152	91.9	91.9
tr|A0A7J6F905|A0A7J6F905_CANSA	A0A1S3G6I7	27.4	434	447	447	2.56e-42	152	91.9	91.3
tr|A0A7J6F905|A0A7J6F905_CANSA	A0A8B7VPM7	28.7	432	447	444	3.37e-42	152	91.9	91.9
tr|A0A7J6F905|A0A7J6F905_CANSA	A0A8C2M1T6	26.5	446	447	444	3.37e-42	152	91.9	91.9
tr|A0A7J6F905|A0A7J6F905_CANSA	A0A8C6I4F4	27.3	433	447	444	4.66e-42	152	91.9	91.9
tr|A0A7J6F905|A0A7J6F905_CANSA	A0ABN8YZR8	27.4	446	447	444	4.66e-42	152	94.2	94.1
tr|A0A7J6F905|A0A7J6F905_CANSA	D2XT13	25.9	455	447	444	4.66e-42	152	94.0	93.9
tr|A0A7J6F905|A0A7J6F905_CANSA	A0A8C6I4C1	27.3	433	447	434	7.48e-42	151	91.9	94.0
tr|A0A7J6F905|A0A7J6F905_CANSA	A0A2K6FU00	26.9	431	447	444	8.93e-42	151	91.9	91.9
tr|A0A7J6F905|A0A7J6F905_CANSA	A0A8D2H2L7	26.9	431	447	444	8.93e-42	151	91.9	91.9
tr|A0A7J6F905|A0A7J6F905_CANSA	M3YRP0	27.0	437	447	444	8.93e-42	151	91.9	91.9
tr|A0A7J6F905|A0A7J6F905_CANSA	A0ABQ0FSE9	26.7	430	447	426	1.24e-41	150	88.4	92.0
tr|A0A7J6F905|A0A7J6F905_CANSA	A0A2Y9DZ14	27.1	431	447	444	1.71e-41	150	91.9	91.9
tr|A0A7J6F905|A0A7J6F905_CANSA	A0ACF6GY87	26.0	446	447	444	1.71e-41	150	91.9	91.9
tr|A0A7J6F905|A0A7J6F905_CANSA	F1RKS7	26.0	446	447	427	2.43e-41	149	91.9	95.6
tr|A0A7J6F905|A0A7J6F905_CANSA	A0A6I9MEG9	26.0	446	447	444	3.28e-41	149	91.9	91.9
tr|A0A7J6F905|A0A7J6F905_CANSA	A0A5E4B1S8	26.5	431	447	444	6.28e-41	149	91.9	91.9
tr|A0A7J6F905|A0A7J6F905_CANSA	A0A8D2B8T4	26.5	431	447	444	6.28e-41	149	91.9	91.9
tr|A0A7J6F905|A0A7J6F905_CANSA	A0A0U3TC30	26.0	446	447	444	8.68e-41	148	91.9	91.9
tr|A0A7J6F905|A0A7J6F905_CANSA	A0A1U7Q654	26.0	446	447	444	8.68e-41	148	91.9	91.9
tr|A0A7J6F905|A0A7J6F905_CANSA	A0A6J0ZEQ7	27.1	446	447	444	8.68e-41	148	94.2	94.1
tr|A0A7J6F905|A0A7J6F905_CANSA	A0A8C9AGB6	26.9	431	447	444	8.68e-41	148	91.9	91.9
tr|A0A7J6F905|A0A7J6F905_CANSA	G1SJU8	26.0	446	447	444	8.68e-41	148	91.9	91.9
tr|A0A7J6F905|A0A7J6F905_CANSA	I3MN09	26.5	431	447	444	8.68e-41	148	91.9	91.9
tr|A0A7J6F905|A0A7J6F905_CANSA	A0A6P5P6I7	27.0	433	447	444	1.20e-40	148	91.9	91.9
tr|A0A7J6F905|A0A7J6F905_CANSA	A0A097P7B2	27.1	447	447	444	1.66e-40	147	94.2	94.1
tr|A0A7J6F905|A0A7J6F905_CANSA	A0A4W2DUM0	26.9	446	447	444	2.30e-40	147	94.2	94.1
tr|A0A7J6F905|A0A7J6F905_CANSA	A0A6P3IK26	26.9	446	447	444	2.30e-40	147	94.2	94.1
tr|A0A7J6F905|A0A7J6F905_CANSA	A0A7J8EPY8	26.0	431	447	444	2.30e-40	147	91.9	91.9
tr|A0A7J6F905|A0A7J6F905_CANSA	A0A8C6FN98	26.9	446	447	444	2.30e-40	147	94.2	94.1
tr|A0A7J6F905|A0A7J6F905_CANSA	A0A6B0RMM1	27.1	436	447	427	2.36e-40	147	91.9	95.6
tr|A0A7J6F905|A0A7J6F905_CANSA	G3SV00	26.0	431	447	447	2.42e-40	147	91.9	91.3
tr|A0A7J6F905|A0A7J6F905_CANSA	A0A1U7U4P0	27.5	408	447	444	3.17e-40	147	88.4	88.3
tr|A0A7J6F905|A0A7J6F905_CANSA	A0A8C3YP80	26.0	443	447	444	3.17e-40	147	94.0	93.9
tr|A0A7J6F905|A0A7J6F905_CANSA	A0A340XT28	26.1	437	447	424	4.29e-40	146	91.9	95.5
tr|A0A7J6F905|A0A7J6F905_CANSA	A0A2U3WMF1	26.3	433	447	444	4.39e-40	146	91.9	91.9
tr|A0A7J6F905|A0A7J6F905_CANSA	A0A2Y9GTG8	25.8	446	447	444	4.39e-40	146	91.9	91.9
tr|A0A7J6F905|A0A7J6F905_CANSA	A0A452EQV5	26.9	446	447	444	4.39e-40	146	94.2	94.1
tr|A0A7J6F905|A0A7J6F905_CANSA	A0A481SFW3	26.9	446	447	444	4.39e-40	146	94.2	94.1
tr|A0A7J6F905|A0A7J6F905_CANSA	A0A6P5BJW1	26.9	446	447	444	4.39e-40	146	94.2	94.1
tr|A0A7J6F905|A0A7J6F905_CANSA	A0AAD4Y1H9	26.9	446	447	444	4.39e-40	146	94.2	94.1
tr|A0A7J6F905|A0A7J6F905_CANSA	A0ACB9U9D1	26.9	446	447	444	4.39e-40	146	94.2	94.1
tr|A0A7J6F905|A0A7J6F905_CANSA	A0ACI6R8K8	26.9	446	447	444	4.39e-40	146	94.2	94.1
tr|A0A7J6F905|A0A7J6F905_CANSA	A0A9B0U7Q0	26.5	423	447	444	6.06e-40	146	88.4	88.3
tr|A0A7J6F905|A0A7J6F905_CANSA	A0A8C5YNB8	26.2	431	447	436	7.32e-40	145	91.9	93.6
tr|A0A7J6F905|A0A7J6F905_CANSA	A0AAX6SFR9	26.3	441	447	479	7.65e-40	146	88.4	89.4
tr|A0A7J6F905|A0A7J6F905_CANSA	A0ACI8TA36	27.4	430	447	422	1.10e-39	145	91.9	91.5
tr|A0A7J6F905|A0A7J6F905_CANSA	A0AA41T7J5	26.2	431	447	444	1.16e-39	145	91.9	91.9
tr|A0A7J6F905|A0A7J6F905_CANSA	A0A8I3RWD0	26.4	444	447	442	1.55e-39	145	91.9	91.9
tr|A0A7J6F905|A0A7J6F905_CANSA	A0A0D9R2C8	26.5	431	447	444	1.60e-39	145	91.9	91.9
tr|A0A7J6F905|A0A7J6F905_CANSA	A0A2K5NWS9	26.5	431	447	444	1.60e-39	145	91.9	91.9
tr|A0A7J6F905|A0A7J6F905_CANSA	A0A2K6D4T4	26.5	431	447	444	1.60e-39	145	91.9	91.9
tr|A0A7J6F905|A0A7J6F905_CANSA	A0A485NIT7	26.0	446	447	444	1.60e-39	145	91.9	91.9
tr|A0A7J6F905|A0A7J6F905_CANSA	A0A667I757	26.0	446	447	444	1.60e-39	145	91.9	91.9
tr|A0A7J6F905|A0A7J6F905_CANSA	A0A6J1Y9S1	25.8	446	447	444	1.60e-39	145	91.9	91.9
tr|A0A7J6F905|A0A7J6F905_CANSA	A0A8D2FBF1	26.5	431	447	444	1.60e-39	145	91.9	91.9
tr|A0A7J6F905|A0A7J6F905_CANSA	A0ABI7ZRS6	25.8	446	447	444	1.60e-39	145	91.9	91.9
tr|A0A7J6F905|A0A7J6F905_CANSA	F6YUF6	26.5	431	447	444	1.60e-39	145	91.9	91.9
tr|A0A7J6F905|A0A7J6F905_CANSA	H9G216	26.5	431	447	444	1.60e-39	145	91.9	91.9
tr|A0A7J6F905|A0A7J6F905_CANSA	A0A667HQU3	26.0	446	447	452	1.82e-39	145	91.9	90.3
tr|A0A7J6F905|A0A7J6F905_CANSA	A0A3Q7RBB5	26.2	446	447	444	2.21e-39	144	91.9	91.9
tr|A0A7J6F905|A0A7J6F905_CANSA	A0A5N3XT29	26.7	446	447	444	2.21e-39	144	94.2	94.1
tr|A0A7J6F905|A0A7J6F905_CANSA	A0A8C0KGD9	26.2	446	447	444	2.21e-39	144	91.9	91.9
tr|A0A7J6F905|A0A7J6F905_CANSA	A0ABM0S421	26.3	433	447	444	2.21e-39	144	92.4	92.3
tr|A0A7J6F905|A0A7J6F905_CANSA	A0ABP0AGF8	26.6	433	447	444	2.21e-39	144	91.9	91.9
tr|A0A7J6F905|A0A7J6F905_CANSA	A0A3Q7R172	26.6	436	447	444	3.05e-39	144	91.9	91.9
tr|A0A7J6F905|A0A7J6F905_CANSA	A0A8C8WZ21	25.8	446	447	444	3.05e-39	144	91.9	91.9
tr|A0A7J6F905|A0A7J6F905_CANSA	A0A8C9GT53	26.0	446	447	444	3.05e-39	144	91.9	91.9
tr|A0A7J6F905|A0A7J6F905_CANSA	A0A9W2VB67	25.8	446	447	444	3.05e-39	144	91.9	91.9
tr|A0A7J6F905|A0A7J6F905_CANSA	A0ACF8I8R0	26.2	431	447	444	3.05e-39	144	91.9	91.9
tr|A0A7J6F905|A0A7J6F905_CANSA	A0A1D5QW98	27.3	428	447	409	3.18e-39	143	91.9	91.2
tr|A0A7J6F905|A0A7J6F905_CANSA	A0A2K5U5T7	27.3	428	447	409	3.18e-39	143	91.9	91.2
tr|A0A7J6F905|A0A7J6F905_CANSA	A0A2K5ZTN0	27.3	428	447	409	3.18e-39	143	91.9	91.2
tr|A0A7J6F905|A0A7J6F905_CANSA	A0A8B7A5H7	26.0	427	447	398	3.60e-39	143	91.9	91.0
tr|A0A7J6F905|A0A7J6F905_CANSA	A0ACI8TA33	26.5	431	447	443	4.15e-39	144	91.9	91.9
tr|A0A7J6F905|A0A7J6F905_CANSA	A0A6J2BYR2	26.6	436	447	444	4.22e-39	144	91.9	91.9
tr|A0A7J6F905|A0A7J6F905_CANSA	A0A096N608	27.3	428	447	409	4.41e-39	143	91.9	91.2
tr|A0A7J6F905|A0A7J6F905_CANSA	A0A6J1Y9U7	27.3	428	447	398	4.98e-39	142	91.9	91.0
tr|A0A7J6F905|A0A7J6F905_CANSA	A0A2K5KFD0	26.2	431	447	444	5.82e-39	143	91.9	91.9
tr|A0A7J6F905|A0A7J6F905_CANSA	A0A2K6MTW7	26.0	431	447	444	5.82e-39	143	91.9	91.9
tr|A0A7J6F905|A0A7J6F905_CANSA	A0A2K6QZH9	26.0	431	447	444	5.82e-39	143	91.9	91.9
tr|A0A7J6F905|A0A7J6F905_CANSA	A0ACF8NVM1	26.0	431	447	444	5.82e-39	143	91.9	91.9
tr|A0A7J6F905|A0A7J6F905_CANSA	A0A2K5ZTJ1	27.9	430	447	422	7.67e-39	142	91.9	91.5
tr|A0A7J6F905|A0A7J6F905_CANSA	A0A5N3W3I1	26.7	446	447	444	8.04e-39	143	94.2	94.1
tr|A0A7J6F905|A0A7J6F905_CANSA	A0A7J8GYE7	25.4	422	447	444	8.04e-39	143	88.4	88.3
tr|A0A7J6F905|A0A7J6F905_CANSA	A0A9V1DYJ1	26.4	428	447	398	9.54e-39	142	91.9	91.0
tr|A0A7J6F905|A0A7J6F905_CANSA	A0A2R9BKZ6	26.2	431	447	444	1.11e-38	142	91.9	91.9
tr|A0A7J6F905|A0A7J6F905_CANSA	A0AA40HR57	26.5	431	447	444	1.11e-38	142	91.9	91.9
tr|A0A7J6F905|A0A7J6F905_CANSA	A0ACM8R4S8	26.2	431	447	444	1.11e-38	142	91.9	91.9
tr|A0A7J6F905|A0A7J6F905_CANSA	H2Q3U8	26.2	431	447	444	1.11e-38	142	91.9	91.9
tr|A0A7J6F905|A0A7J6F905_CANSA	A0A2Y9JS87	25.0	448	447	444	1.53e-38	142	91.9	91.9
tr|A0A7J6F905|A0A7J6F905_CANSA	A0A671DRA6	26.3	414	447	444	1.53e-38	142	88.4	88.3
tr|A0A7J6F905|A0A7J6F905_CANSA	A0A7J7RTC3	26.0	430	447	444	1.53e-38	142	88.4	88.3
tr|A0A7J6F905|A0A7J6F905_CANSA	K7BG07	26.2	431	447	444	1.53e-38	142	91.9	91.9
tr|A0A7J6F905|A0A7J6F905_CANSA	A0ABM4HDD4	26.2	465	447	472	1.71e-38	142	94.2	94.5
tr|A0A7J6F905|A0A7J6F905_CANSA	A0ACI8TAQ9	26.3	441	447	452	2.40e-38	142	91.9	92.0
tr|A0A7J6F905|A0A7J6F905_CANSA	A0ACI8RCU9	26.2	428	447	398	2.53e-38	140	91.9	91.0
tr|A0A7J6F905|A0A7J6F905_CANSA	A0A1D5Q079	26.7	415	447	457	2.59e-38	142	88.4	85.8
tr|A0A7J6F905|A0A7J6F905_CANSA	A0A7N9CBC3	26.7	415	447	457	2.59e-38	142	88.4	85.8
tr|A0A7J6F905|A0A7J6F905_CANSA	A0A7J7RH61	26.2	431	447	444	2.92e-38	141	91.9	91.9
tr|A0A7J6F905|A0A7J6F905_CANSA	D2HUF7	26.7	431	447	444	2.92e-38	141	91.9	91.9
tr|A0A7J6F905|A0A7J6F905_CANSA	A0A340XSB0	25.4	437	447	427	3.05e-38	141	91.9	95.6
tr|A0A7J6F905|A0A7J6F905_CANSA	A0A340XLC4	25.4	437	447	444	4.02e-38	141	91.9	91.9
tr|A0A7J6F905|A0A7J6F905_CANSA	A0A8B7SFT2	25.6	437	447	444	4.02e-38	141	91.9	91.9
tr|A0A7J6F905|A0A7J6F905_CANSA	A0A7N4NYQ1	26.4	435	447	446	5.73e-38	140	91.9	91.5
tr|A0A7J6F905|A0A7J6F905_CANSA	A0A673TLX2	25.6	446	447	444	7.65e-38	140	91.9	91.9
tr|A0A7J6F905|A0A7J6F905_CANSA	A0A8C5W438	26.0	431	447	427	8.01e-38	140	91.9	95.6
tr|A0A7J6F905|A0A7J6F905_CANSA	A0A3Q2HMZ7	25.5	431	447	432	8.70e-38	140	91.9	94.4
tr|A0A7J6F905|A0A7J6F905_CANSA	A0A8C4LS91	25.5	431	447	432	8.70e-38	140	91.9	94.4
tr|A0A7J6F905|A0A7J6F905_CANSA	A0ABM4JZQ6	25.5	431	447	444	1.06e-37	140	91.9	91.9
tr|A0A7J6F905|A0A7J6F905_CANSA	A0A7N4PD85	26.4	435	447	488	1.06e-37	140	91.9	83.6
tr|A0A7J6F905|A0A7J6F905_CANSA	A0A6P3QLI8	25.1	446	447	444	1.45e-37	139	91.9	91.9
tr|A0A7J6F905|A0A7J6F905_CANSA	A0A8M1GUG8	25.8	431	447	444	2.01e-37	139	91.9	91.9
tr|A0A7J6F905|A0A7J6F905_CANSA	A0A3Q2HPL9	25.5	431	447	490	2.05e-37	140	91.9	83.3
tr|A0A7J6F905|A0A7J6F905_CANSA	H0WQ14	26.4	424	447	447	2.10e-37	139	91.9	91.3
tr|A0A7J6F905|A0A7J6F905_CANSA	A0A9L0S1H2	25.7	443	447	460	2.55e-37	139	91.9	92.2
tr|A0A7J6F905|A0A7J6F905_CANSA	A0A6I8N6K6	26.6	421	447	407	2.86e-37	138	91.9	91.2
tr|A0A7J6F905|A0A7J6F905_CANSA	A0A6J3RQ21	25.5	431	447	444	3.81e-37	138	91.9	91.9
tr|A0A7J6F905|A0A7J6F905_CANSA	A0A6P5IRF7	25.3	435	447	446	3.93e-37	138	91.9	91.5
tr|A0A7J6F905|A0A7J6F905_CANSA	A0A5G2QYW5	25.0	440	447	407	3.95e-37	137	94.0	93.4
tr|A0A7J6F905|A0A7J6F905_CANSA	A0A8C6D993	27.1	428	447	443	5.17e-37	138	91.9	91.9
tr|A0A7J6F905|A0A7J6F905_CANSA	A0A2Y9PVZ8	25.5	431	447	444	5.25e-37	138	91.9	91.9
tr|A0A7J6F905|A0A7J6F905_CANSA	A0A341BRA6	25.5	431	447	444	5.25e-37	138	91.9	91.9
tr|A0A7J6F905|A0A7J6F905_CANSA	A0A8C6C1G1	25.5	431	447	444	5.25e-37	138	91.9	91.9
tr|A0A7J6F905|A0A7J6F905_CANSA	A0A8C9CC49	25.5	431	447	444	5.25e-37	138	91.9	91.9
tr|A0A7J6F905|A0A7J6F905_CANSA	A0A1S2ZY34	24.1	449	447	444	7.23e-37	137	92.6	92.6
tr|A0A7J6F905|A0A7J6F905_CANSA	A0A2K6UA82	25.6	426	447	444	9.96e-37	137	91.9	91.9
tr|A0A7J6F905|A0A7J6F905_CANSA	A0A8B8Y3A2	25.1	431	447	444	1.37e-36	137	91.9	91.9
tr|A0A7J6F905|A0A7J6F905_CANSA	A0ABM3U182	25.1	430	447	444	1.37e-36	137	91.9	91.9
tr|A0A7J6F905|A0A7J6F905_CANSA	A0A6J3BQ89	25.1	431	447	444	1.89e-36	136	91.9	91.9
tr|A0A7J6F905|A0A7J6F905_CANSA	A0A6J3RQR0	25.2	428	447	398	2.34e-36	135	91.9	91.0
tr|A0A7J6F905|A0A7J6F905_CANSA	A0A8B6Y5Q9	25.3	415	447	443	2.56e-36	136	88.4	88.5
tr|A0A7J6F905|A0A7J6F905_CANSA	A0AC58R0G0	25.3	415	447	444	2.60e-36	136	88.4	88.3
tr|A0A7J6F905|A0A7J6F905_CANSA	A0A8J8YDV0	25.3	446	447	444	3.58e-36	135	91.9	91.9
tr|A0A7J6F905|A0A7J6F905_CANSA	U3EAX4	25.3	446	447	444	3.58e-36	135	91.9	91.9
tr|A0A7J6F905|A0A7J6F905_CANSA	A0A5N4DLW8	26.0	427	447	459	6.12e-36	135	88.4	88.7
tr|A0A7J6F905|A0A7J6F905_CANSA	A0A7J7FD96	25.1	431	447	444	6.78e-36	135	91.9	91.9
tr|A0A7J6F905|A0A7J6F905_CANSA	A0ABM0I036	25.1	431	447	444	6.78e-36	135	91.9	91.9
tr|A0A7J6F905|A0A7J6F905_CANSA	A0A7J8EQ56	25.0	416	447	390	1.02e-35	133	91.9	95.1
tr|A0A7J6F905|A0A7J6F905_CANSA	A0A9L0RMC9	25.2	452	447	469	1.33e-35	134	91.9	92.3
tr|A0A7J6F905|A0A7J6F905_CANSA	A0AC58R0E2	24.8	412	447	398	1.62e-35	133	88.4	86.9
tr|A0A7J6F905|A0A7J6F905_CANSA	A0A2K5PNC7	25.0	428	447	444	4.59e-35	132	91.9	91.9
tr|A0A7J6F905|A0A7J6F905_CANSA	A0A6J3IAN6	25.0	428	447	444	4.59e-35	132	91.9	91.9
tr|A0A7J6F905|A0A7J6F905_CANSA	L8Y1X2	25.8	457	447	453	7.16e-35	132	91.9	92.1
tr|A0A7J6F905|A0A7J6F905_CANSA	L5KQ77	24.5	428	447	379	2.10e-34	129	91.9	90.5
tr|A0A7J6F905|A0A7J6F905_CANSA	A0A8I6A6F8	24.6	431	447	407	2.44e-34	130	91.9	91.2
tr|A0A7J6F905|A0A7J6F905_CANSA	A0A6J2LZM4	25.9	417	447	444	3.08e-34	130	88.4	88.3
tr|A0A7J6F905|A0A7J6F905_CANSA	A0ACI6Q519	25.8	431	447	407	3.35e-34	129	94.2	93.6
tr|A0A7J6F905|A0A7J6F905_CANSA	A0A4X2K3C7	24.0	442	447	446	4.35e-34	130	91.9	91.5
tr|A0A7J6F905|A0A7J6F905_CANSA	A0A8I5ZWZ8	25.9	444	447	410	4.84e-34	129	91.9	91.2
tr|A0A7J6F905|A0A7J6F905_CANSA	A0A2K5EUF8	25.2	424	447	444	5.81e-34	129	91.9	91.9
tr|A0A7J6F905|A0A7J6F905_CANSA	A0A3Q2L545	24.3	416	447	407	8.11e-33	125	91.9	91.2
tr|A0A7J6F905|A0A7J6F905_CANSA	A0ABM4HDC7	25.1	450	447	435	1.21e-32	125	94.2	94.0
tr|A0A7J6F905|A0A7J6F905_CANSA	A0A2K5ZTD4	25.8	434	447	437	1.71e-32	125	91.9	91.8
tr|A0A7J6F905|A0A7J6F905_CANSA	A0A2Y9GPL9	25.5	436	447	402	1.95e-32	124	91.9	91.0
tr|A0A7J6F905|A0A7J6F905_CANSA	A0A8I5TZB8	24.8	416	447	407	7.46e-32	123	91.9	91.2
tr|A0A7J6F905|A0A7J6F905_CANSA	A0A8C4LLG8	25.2	429	447	410	3.78e-31	121	91.9	91.2
tr|A0A7J6F905|A0A7J6F905_CANSA	F6SIL5	25.2	429	447	410	3.78e-31	121	91.9	91.2
tr|A0A7J6F905|A0A7J6F905_CANSA	A0ACI6S0X0	25.2	405	447	424	8.57e-31	120	88.1	85.4
tr|A0A7J6F905|A0A7J6F905_CANSA	A0A4X2K0X7	22.7	471	447	478	1.18e-30	120	91.9	92.1
tr|A0A7J6F905|A0A7J6F905_CANSA	A0ACI8QW41	25.4	429	447	402	1.63e-30	119	91.9	91.0
tr|A0A7J6F905|A0A7J6F905_CANSA	A0A8C9CKS5	25.4	429	447	410	4.67e-30	118	91.9	91.2
tr|A0A7J6F905|A0A7J6F905_CANSA	A0AAU9ZLW5	25.1	406	447	386	1.17e-29	116	81.7	93.8
tr|A0A7J6F905|A0A7J6F905_CANSA	A0A6I8N7H0	26.2	390	447	402	2.74e-29	115	81.7	90.0
tr|A0A7J6F905|A0A7J6F905_CANSA	A0A287BJC4	24.2	409	447	402	1.31e-28	114	83.7	92.3
tr|A0A7J6F905|A0A7J6F905_CANSA	A0A140TAE1	24.5	400	447	386	1.97e-28	113	81.7	93.8
tr|A0A7J6F905|A0A7J6F905_CANSA	A0A7J8ER13	24.7	385	447	386	1.75e-27	110	81.7	93.8
tr|A0A7J6F905|A0A7J6F905_CANSA	A0A9L0R8Q0	23.2	435	447	402	2.15e-27	110	91.9	91.0
tr|A0A7J6F905|A0A7J6F905_CANSA	A0A7J7RTH3	24.5	400	447	386	4.44e-27	109	81.7	93.8
tr|A0A7J6F905|A0A7J6F905_CANSA	A0A7J8GYM1	23.5	392	447	386	6.05e-27	108	81.7	93.8
tr|A0A7J6F905|A0A7J6F905_CANSA	G3R9J3	30.1	226	447	255	2.06e-26	104	46.8	85.5
tr|A0A7J6F905|A0A7J6F905_CANSA	A0A7J8EQA1	24.5	384	447	460	4.54e-26	107	81.4	78.5
tr|A0A7J6F905|A0A7J6F905_CANSA	A0ACI8TAX1	24.7	385	447	402	1.18e-25	105	81.7	90.0
tr|A0A7J6F905|A0A7J6F905_CANSA	A0A8C9PAG7	24.0	384	447	368	2.67e-25	103	81.4	96.5
tr|A0A7J6F905|A0A7J6F905_CANSA	A0A7N4PCZ6	30.0	230	447	513	7.16e-25	104	46.8	42.5
tr|A0A7J6F905|A0A7J6F905_CANSA	A0AAX6QFU4	29.2	219	447	436	1.40e-24	102	46.8	50.0
tr|A0A7J6F905|A0A7J6F905_CANSA	A0AAX6SE18	29.2	219	447	472	1.85e-24	102	46.8	46.2
tr|A0A7J6F905|A0A7J6F905_CANSA	A0A5N3XHK2	24.3	424	447	411	2.76e-24	101	90.6	89.8
tr|A0A7J6F905|A0A7J6F905_CANSA	A0A7J7RTY1	28.8	229	447	263	5.24e-24	98.2	47.4	84.0
tr|A0A7J6F905|A0A7J6F905_CANSA	L5LCQ8	23.1	428	447	383	2.34e-23	98.6	91.9	95.0
tr|A0A7J6F905|A0A7J6F905_CANSA	A0A7F8QHJ6	27.9	226	447	294	2.34e-23	97.1	46.8	74.1
tr|A0A7J6F905|A0A7J6F905_CANSA	A0A6P6H6F8	28.8	226	447	299	2.55e-23	97.1	46.8	72.9
tr|A0A7J6F905|A0A7J6F905_CANSA	A0AAW0HMZ6	27.6	232	447	318	3.44e-23	97.1	46.8	68.6
tr|A0A7J6F905|A0A7J6F905_CANSA	A0ACI8TB36	22.0	414	447	344	3.65e-23	97.4	91.9	89.5
tr|A0A7J6F905|A0A7J6F905_CANSA	A0A811XXW4	24.7	356	447	602	5.98e-23	99.0	75.2	54.0
tr|A0A7J6F905|A0A7J6F905_CANSA	A0ABM0J532	27.9	229	447	386	1.49e-22	96.3	46.8	56.5
tr|A0A7J6F905|A0A7J6F905_CANSA	A0A455CBT0	28.1	224	447	263	2.24e-22	93.6	46.3	82.1
tr|A0A7J6F905|A0A7J6F905_CANSA	A0A7N5KRR1	27.9	226	447	682	3.90e-22	96.7	46.8	32.0
tr|A0A7J6F905|A0A7J6F905_CANSA	A0A4W2C7R9	27.8	241	447	469	5.17e-22	95.5	49.0	48.6
tr|A0A7J6F905|A0A7J6F905_CANSA	A0A1S3G0K3	29.5	227	447	494	5.87e-22	95.5	46.8	44.1
tr|A0A7J6F905|A0A7J6F905_CANSA	A0A4W2E825	27.8	241	447	594	8.05e-22	95.5	49.0	38.4
tr|A0A7J6F905|A0A7J6F905_CANSA	A0A8D0VQW6	25.8	271	447	307	1.85e-20	89.0	56.6	78.5
tr|A0A7J6F905|A0A7J6F905_CANSA	A0A7J8EQ12	38.3	94	447	265	9.19e-17	77.4	21.0	34.7
tr|A0A7J6F905|A0A7J6F905_CANSA	A0A7F8QKG8	27.9	179	447	252	2.54e-16	75.9	36.2	67.9
tr|A0A7J6F905|A0A7J6F905_CANSA	A0A7N5KQ70	27.7	224	447	488	2.68e-16	78.2	46.8	37.7
tr|A0A7J6F905|A0A7J6F905_CANSA	A0ACI8RTL1	24.6	256	447	307	6.99e-16	75.5	56.6	78.5
tr|A0A7J6F905|A0A7J6F905_CANSA	A0A1A6FYU7	32.3	130	447	181	8.17e-16	72.8	25.7	68.0
tr|A0A7J6F905|A0A7J6F905_CANSA	A0A8J5ZV45	42.3	78	447	633	2.56e-15	75.5	17.4	12.3
tr|A0A7J6F905|A0A7J6F905_CANSA	A0A7J7RHE6	28.5	179	447	211	3.67e-15	71.6	36.2	81.0
tr|A0A7J6F905|A0A7J6F905_CANSA	F6YXC7	28.4	183	447	224	8.43e-15	70.9	36.2	76.3
tr|A0A7J6F905|A0A7J6F905_CANSA	A0ACF8K989	38.3	81	447	224	1.14e-14	70.5	18.1	33.0
tr|A0A7J6F905|A0A7J6F905_CANSA	A0ACB9UWW7	45.3	53	447	106	8.47e-13	62.0	11.9	50.0
tr|A0A7J6F905|A0A7J6F905_CANSA	A0A7J7RH08	31.4	121	447	279	8.66e-13	65.9	23.7	40.1
tr|A0A7J6F905|A0A7J6F905_CANSA	A0A452QWW6	29.7	128	447	318	9.14e-13	66.2	25.3	37.4
tr|A0A7J6F905|A0A7J6F905_CANSA	A0A5N4E140	25.3	174	447	239	7.96e-12	62.4	36.2	71.5
tr|A0A7J6F905|A0A7J6F905_CANSA	A0A8B7KGW4	32.6	95	447	207	1.69e-11	60.8	20.6	44.9
tr|A0A7J6F905|A0A7J6F905_CANSA	A0A452EYR0	42.6	61	447	363	2.14e-10	59.3	13.6	16.5
tr|A0A7J6F905|A0A7J6F905_CANSA	G1Q9U6	27.0	174	447	201	4.30e-10	56.6	35.3	82.1
tr|A0A7J6F905|A0A7J6F905_CANSA	A0ABQ9UTF0	45.7	46	447	151	2.87e-09	53.1	10.3	30.5
tr|A0A7J6F9Y9|A0A7J6F9Y9_CANSA	A0A8C5L4Y9	43.4	53	136	444	1.93e-08	48.9	39.0	11.9
tr|A0A7J6F9Y9|A0A7J6F9Y9_CANSA	A0A452QWW6	43.4	53	136	318	3.26e-08	48.1	39.0	16.7
tr|A0A7J6F9Y9|A0A7J6F9Y9_CANSA	A0A8C5YNB8	43.4	53	136	436	3.56e-08	48.1	39.0	12.2
tr|A0A7J6F9Y9|A0A7J6F9Y9_CANSA	A0A5E4B1S8	43.4	53	136	444	3.57e-08	48.1	39.0	11.9
tr|A0A7J6F9Y9|A0A7J6F9Y9_CANSA	A0A673TLX2	45.3	53	136	444	3.57e-08	48.1	39.0	11.9
tr|A0A7J6F9Y9|A0A7J6F9Y9_CANSA	A0A8M1GUG8	43.4	53	136	444	3.57e-08	48.1	39.0	11.9
tr|A0A7J6F9Y9|A0A7J6F9Y9_CANSA	I3MN09	43.4	53	136	444	3.57e-08	48.1	39.0	11.9
tr|A0A7J6F9Y9|A0A7J6F9Y9_CANSA	A0A0U3TC30	45.3	53	136	444	4.86e-08	47.8	39.0	11.9
tr|A0A7J6F9Y9|A0A7J6F9Y9_CANSA	A0A8C7BV79	41.4	58	136	444	4.86e-08	47.8	42.6	13.1
tr|A0A7J6F9Y9|A0A7J6F9Y9_CANSA	A0A8D2H2L7	43.4	53	136	444	4.86e-08	47.8	39.0	11.9
tr|A0A7J6F9Y9|A0A7J6F9Y9_CANSA	G1SJU8	45.3	53	136	444	4.86e-08	47.8	39.0	11.9
tr|A0A7J6F9Y9|A0A7J6F9Y9_CANSA	M3YRP0	41.4	58	136	444	4.86e-08	47.8	42.6	13.1
tr|A0A7J6F9Y9|A0A7J6F9Y9_CANSA	A0ACF8K989	43.4	53	136	224	6.37e-08	47.0	39.0	23.7
tr|A0A7J6F9Y9|A0A7J6F9Y9_CANSA	A0A287BJC4	45.3	53	136	402	6.47e-08	47.4	39.0	13.2
tr|A0A7J6F9Y9|A0A7J6F9Y9_CANSA	F1RKS7	45.3	53	136	427	6.55e-08	47.4	39.0	12.4
tr|A0A7J6F9Y9|A0A7J6F9Y9_CANSA	A0A8C6R659	45.3	53	136	444	6.61e-08	47.4	39.0	11.9
tr|A0A7J6F9Y9|A0A7J6F9Y9_CANSA	A0A8D2B8T4	45.3	53	136	444	6.61e-08	47.4	39.0	11.9
tr|A0A7J6F9Y9|A0A7J6F9Y9_CANSA	A0AA41T7J5	45.3	53	136	444	6.61e-08	47.4	39.0	11.9
tr|A0A7J6F9Y9|A0A7J6F9Y9_CANSA	A0ABM0S421	43.4	53	136	444	6.61e-08	47.4	39.0	11.9
tr|A0A7J6F9Y9|A0A7J6F9Y9_CANSA	D2XT13	45.3	53	136	444	6.61e-08	47.4	39.0	11.9
tr|A0A7J6F9Y9|A0A7J6F9Y9_CANSA	A0AAX6SEX2	45.8	59	136	397	8.78e-08	47.0	41.9	14.9
tr|A0A7J6F9Y9|A0A7J6F9Y9_CANSA	A0A8B7A5H7	43.4	53	136	398	8.78e-08	47.0	39.0	13.3
tr|A0A7J6F9Y9|A0A7J6F9Y9_CANSA	A0A1A6FYU7	45.3	53	136	181	8.79e-08	46.2	39.0	29.3
tr|A0A7J6F9Y9|A0A7J6F9Y9_CANSA	A0A096N608	43.4	53	136	409	8.84e-08	47.0	39.0	13.0
tr|A0A7J6F9Y9|A0A7J6F9Y9_CANSA	A0A1D5QW98	43.4	53	136	409	8.84e-08	47.0	39.0	13.0
tr|A0A7J6F9Y9|A0A7J6F9Y9_CANSA	A0A2K5U5T7	43.4	53	136	409	8.84e-08	47.0	39.0	13.0
tr|A0A7J6F9Y9|A0A7J6F9Y9_CANSA	A0A2K5ZTN0	43.4	53	136	409	8.84e-08	47.0	39.0	13.0
tr|A0A7J6F9Y9|A0A7J6F9Y9_CANSA	A0A2K5ZTJ1	43.4	53	136	422	8.90e-08	47.0	39.0	12.6
tr|A0A7J6F9Y9|A0A7J6F9Y9_CANSA	A0AAX6QFU4	45.8	59	136	436	8.96e-08	47.0	41.9	13.5
tr|A0A7J6F9Y9|A0A7J6F9Y9_CANSA	A0A2K5ZTD4	43.4	53	136	437	8.96e-08	47.0	39.0	12.1
tr|A0A7J6F9Y9|A0A7J6F9Y9_CANSA	A0A0P6J9I4	45.8	59	136	443	8.98e-08	47.0	41.9	13.3
tr|A0A7J6F9Y9|A0A7J6F9Y9_CANSA	A0A0D9R2C8	43.4	53	136	444	8.99e-08	47.0	39.0	11.9
tr|A0A7J6F9Y9|A0A7J6F9Y9_CANSA	A0A2K5KFD0	43.4	53	136	444	8.99e-08	47.0	39.0	11.9
tr|A0A7J6F9Y9|A0A7J6F9Y9_CANSA	A0A2K5NWS9	43.4	53	136	444	8.99e-08	47.0	39.0	11.9
tr|A0A7J6F9Y9|A0A7J6F9Y9_CANSA	A0A2K6D4T4	43.4	53	136	444	8.99e-08	47.0	39.0	11.9
tr|A0A7J6F9Y9|A0A7J6F9Y9_CANSA	A0A2K6MTW7	43.4	53	136	444	8.99e-08	47.0	39.0	11.9
tr|A0A7J6F9Y9|A0A7J6F9Y9_CANSA	A0A2K6QZH9	43.4	53	136	444	8.99e-08	47.0	39.0	11.9
tr|A0A7J6F9Y9|A0A7J6F9Y9_CANSA	A0A2Y9DZ14	45.3	53	136	444	8.99e-08	47.0	39.0	11.9
tr|A0A7J6F9Y9|A0A7J6F9Y9_CANSA	A0A8C9GT53	43.4	53	136	444	8.99e-08	47.0	39.0	11.9
tr|A0A7J6F9Y9|A0A7J6F9Y9_CANSA	A0A8D2FBF1	43.4	53	136	444	8.99e-08	47.0	39.0	11.9
tr|A0A7J6F9Y9|A0A7J6F9Y9_CANSA	A0ACF8I8R0	43.4	53	136	444	8.99e-08	47.0	39.0	11.9
tr|A0A7J6F9Y9|A0A7J6F9Y9_CANSA	A0ACF8NVM1	43.4	53	136	444	8.99e-08	47.0	39.0	11.9
tr|A0A7J6F9Y9|A0A7J6F9Y9_CANSA	D2HUF7	43.4	53	136	444	8.99e-08	47.0	39.0	11.9
tr|A0A7J6F9Y9|A0A7J6F9Y9_CANSA	F6YUF6	43.4	53	136	444	8.99e-08	47.0	39.0	11.9
tr|A0A7J6F9Y9|A0A7J6F9Y9_CANSA	H9G216	43.4	53	136	444	8.99e-08	47.0	39.0	11.9
tr|A0A7J6F9Y9|A0A7J6F9Y9_CANSA	A0A1D5Q079	43.4	53	136	457	9.04e-08	47.0	39.0	11.6
tr|A0A7J6F9Y9|A0A7J6F9Y9_CANSA	A0A7N9CBC3	43.4	53	136	457	9.04e-08	47.0	39.0	11.6
tr|A0A7J6F9Y9|A0A7J6F9Y9_CANSA	A0AAX6SE18	45.8	59	136	472	9.09e-08	47.0	41.9	12.5
tr|A0A7J6F9Y9|A0A7J6F9Y9_CANSA	A0AAX6SFR9	45.8	59	136	479	9.12e-08	47.0	41.9	12.3
tr|A0A7J6F9Y9|A0A7J6F9Y9_CANSA	A0A7N5KQ70	43.4	53	136	488	9.15e-08	47.0	39.0	10.9
tr|A0A7J6F9Y9|A0A7J6F9Y9_CANSA	A0A7N5KRR1	43.4	53	136	682	9.61e-08	47.0	39.0	7.8
tr|A0A7J6F9Y9|A0A7J6F9Y9_CANSA	A0A7F8QKG8	43.4	53	136	252	9.84e-08	46.6	39.0	21.0
tr|A0A7J6F9Y9|A0A7J6F9Y9_CANSA	A0A7F8QHJ6	43.4	53	136	294	1.09e-07	46.6	39.0	18.0
tr|A0A7J6F9Y9|A0A7J6F9Y9_CANSA	A0A6P6H6F8	43.4	53	136	299	1.09e-07	46.6	39.0	17.7
tr|A0A7J6F9Y9|A0A7J6F9Y9_CANSA	A0A7J8GYM1	41.5	53	136	386	1.19e-07	46.6	39.0	13.7
tr|A0A7J6F9Y9|A0A7J6F9Y9_CANSA	A0A6J1Y9U7	43.4	53	136	398	1.19e-07	46.6	39.0	13.3
tr|A0A7J6F9Y9|A0A7J6F9Y9_CANSA	A0A9V1DYJ1	43.4	53	136	398	1.19e-07	46.6	39.0	13.3
tr|A0A7J6F9Y9|A0A7J6F9Y9_CANSA	A0A2Y9GPL9	43.4	53	136	402	1.20e-07	46.6	39.0	13.2
tr|A0A7J6F9Y9|A0A7J6F9Y9_CANSA	A0A5G2QYW5	44.2	52	136	407	1.20e-07	46.6	38.2	12.8
tr|A0A7J6F9Y9|A0A7J6F9Y9_CANSA	A0A3Q2HMZ7	43.1	58	136	432	1.22e-07	46.6	42.6	13.4
tr|A0A7J6F9Y9|A0A7J6F9Y9_CANSA	A0A8C4LS91	43.1	58	136	432	1.22e-07	46.6	42.6	13.4
tr|A0A7J6F9Y9|A0A7J6F9Y9_CANSA	A0A1U7U4P0	43.4	53	136	444	1.22e-07	46.6	39.0	11.9
tr|A0A7J6F9Y9|A0A7J6F9Y9_CANSA	A0A2K6FU00	43.4	53	136	444	1.22e-07	46.6	39.0	11.9
tr|A0A7J6F9Y9|A0A7J6F9Y9_CANSA	A0A2U3WMF1	43.4	53	136	444	1.22e-07	46.6	39.0	11.9
tr|A0A7J6F9Y9|A0A7J6F9Y9_CANSA	A0A2Y9GTG8	43.4	53	136	444	1.22e-07	46.6	39.0	11.9
tr|A0A7J6F9Y9|A0A7J6F9Y9_CANSA	A0A485NIT7	43.4	53	136	444	1.22e-07	46.6	39.0	11.9
tr|A0A7J6F9Y9|A0A7J6F9Y9_CANSA	A0A667I757	43.4	53	136	444	1.22e-07	46.6	39.0	11.9
tr|A0A7J6F9Y9|A0A7J6F9Y9_CANSA	A0A6J1Y9S1	43.4	53	136	444	1.22e-07	46.6	39.0	11.9
tr|A0A7J6F9Y9|A0A7J6F9Y9_CANSA	A0A6P3QLI8	43.4	53	136	444	1.22e-07	46.6	39.0	11.9
tr|A0A7J6F9Y9|A0A7J6F9Y9_CANSA	A0A7J7FD96	43.4	53	136	444	1.22e-07	46.6	39.0	11.9
tr|A0A7J6F9Y9|A0A7J6F9Y9_CANSA	A0A7J8GYE7	41.5	53	136	444	1.22e-07	46.6	39.0	11.9
tr|A0A7J6F9Y9|A0A7J6F9Y9_CANSA	A0A8C8WZ21	43.4	53	136	444	1.22e-07	46.6	39.0	11.9
tr|A0A7J6F9Y9|A0A7J6F9Y9_CANSA	A0A9W2VB67	43.4	53	136	444	1.22e-07	46.6	39.0	11.9
tr|A0A7J6F9Y9|A0A7J6F9Y9_CANSA	A0ABI7ZRS6	43.4	53	136	444	1.22e-07	46.6	39.0	11.9
tr|A0A7J6F9Y9|A0A7J6F9Y9_CANSA	A0ABM0I036	43.4	53	136	444	1.22e-07	46.6	39.0	11.9
tr|A0A7J6F9Y9|A0A7J6F9Y9_CANSA	A0A667HQU3	43.4	53	136	452	1.23e-07	46.6	39.0	11.7
tr|A0A7J6F9Y9|A0A7J6F9Y9_CANSA	L8Y1X2	43.4	53	136	453	1.23e-07	46.6	39.0	11.7
tr|A0A7J6F9Y9|A0A7J6F9Y9_CANSA	G3R9J3	43.4	53	136	255	1.36e-07	46.2	39.0	20.8
tr|A0A7J6F9Y9|A0A7J6F9Y9_CANSA	A0AAW0HMZ6	45.3	53	136	318	1.53e-07	46.2	39.0	16.7
tr|A0A7J6F9Y9|A0A7J6F9Y9_CANSA	A0ACI8TB36	43.4	53	136	344	1.57e-07	46.2	39.0	15.4
tr|A0A7J6F9Y9|A0A7J6F9Y9_CANSA	L5LCQ8	43.4	53	136	383	1.61e-07	46.2	39.0	13.8
tr|A0A7J6F9Y9|A0A7J6F9Y9_CANSA	A0A140TAE1	45.3	53	136	386	1.61e-07	46.2	39.0	13.7
tr|A0A7J6F9Y9|A0A7J6F9Y9_CANSA	A0ABM0J532	41.5	53	136	386	1.61e-07	46.2	39.0	13.7
tr|A0A7J6F9Y9|A0A7J6F9Y9_CANSA	A0ACI8RCU9	43.4	53	136	398	1.63e-07	46.2	39.0	13.3
tr|A0A7J6F9Y9|A0A7J6F9Y9_CANSA	A0A9L0R8Q0	43.4	53	136	402	1.63e-07	46.2	39.0	13.2
tr|A0A7J6F9Y9|A0A7J6F9Y9_CANSA	A0ACI8QW41	43.4	53	136	402	1.63e-07	46.2	39.0	13.2
tr|A0A7J6F9Y9|A0A7J6F9Y9_CANSA	A0ACI8TAX1	43.4	53	136	402	1.63e-07	46.2	39.0	13.2
tr|A0A7J6F9Y9|A0A7J6F9Y9_CANSA	A0A8C4LLG8	43.4	53	136	410	1.64e-07	46.2	39.0	12.9
tr|A0A7J6F9Y9|A0A7J6F9Y9_CANSA	A0A8I5ZWZ8	45.3	53	136	410	1.64e-07	46.2	39.0	12.9
tr|A0A7J6F9Y9|A0A7J6F9Y9_CANSA	F6SIL5	43.4	53	136	410	1.64e-07	46.2	39.0	12.9
tr|A0A7J6F9Y9|A0A7J6F9Y9_CANSA	A0ACI8TA36	43.4	53	136	422	1.65e-07	46.2	39.0	12.6
tr|A0A7J6F9Y9|A0A7J6F9Y9_CANSA	A0ABQ0FSE9	45.3	53	136	426	1.65e-07	46.2	39.0	12.4
tr|A0A7J6F9Y9|A0A7J6F9Y9_CANSA	A0A8C5W438	43.4	53	136	427	1.65e-07	46.2	39.0	12.4
tr|A0A7J6F9Y9|A0A7J6F9Y9_CANSA	A0A8C6I4C1	45.3	53	136	434	1.66e-07	46.2	39.0	12.2
tr|A0A7J6F9Y9|A0A7J6F9Y9_CANSA	A0ACI8TA33	43.4	53	136	443	1.66e-07	46.2	39.0	12.0
tr|A0A7J6F9Y9|A0A7J6F9Y9_CANSA	A0A2R9BKZ6	43.4	53	136	444	1.66e-07	46.2	39.0	11.9
tr|A0A7J6F9Y9|A0A7J6F9Y9_CANSA	A0A671DRA6	43.4	53	136	444	1.66e-07	46.2	39.0	11.9
tr|A0A7J6F9Y9|A0A7J6F9Y9_CANSA	A0A6I9MEG9	45.3	53	136	444	1.66e-07	46.2	39.0	11.9
tr|A0A7J6F9Y9|A0A7J6F9Y9_CANSA	A0A6P5P6I7	45.3	53	136	444	1.66e-07	46.2	39.0	11.9
tr|A0A7J6F9Y9|A0A7J6F9Y9_CANSA	A0A8B7SFT2	43.4	53	136	444	1.66e-07	46.2	39.0	11.9
tr|A0A7J6F9Y9|A0A7J6F9Y9_CANSA	A0A8C6I4F4	45.3	53	136	444	1.66e-07	46.2	39.0	11.9
tr|A0A7J6F9Y9|A0A7J6F9Y9_CANSA	A0ABM4JZQ6	43.4	53	136	444	1.66e-07	46.2	39.0	11.9
tr|A0A7J6F9Y9|A0A7J6F9Y9_CANSA	A0ACF6GY87	45.3	53	136	444	1.66e-07	46.2	39.0	11.9
tr|A0A7J6F9Y9|A0A7J6F9Y9_CANSA	A0ACM8R4S8	43.4	53	136	444	1.66e-07	46.2	39.0	11.9
tr|A0A7J6F9Y9|A0A7J6F9Y9_CANSA	H2Q3U8	43.4	53	136	444	1.66e-07	46.2	39.0	11.9
tr|A0A7J6F9Y9|A0A7J6F9Y9_CANSA	K7BG07	43.4	53	136	444	1.66e-07	46.2	39.0	11.9
tr|A0A7J6F9Y9|A0A7J6F9Y9_CANSA	A0A7N4NYQ1	41.5	53	136	446	1.66e-07	46.2	39.0	11.9
tr|A0A7J6F9Y9|A0A7J6F9Y9_CANSA	A0ACI8TAQ9	43.4	53	136	452	1.67e-07	46.2	39.0	11.7
tr|A0A7J6F9Y9|A0A7J6F9Y9_CANSA	A0A9L0S1H2	43.4	53	136	460	1.67e-07	46.2	39.0	11.5
tr|A0A7J6F9Y9|A0A7J6F9Y9_CANSA	A0A9L0RMC9	43.4	53	136	469	1.68e-07	46.2	39.0	11.3
tr|A0A7J6F9Y9|A0A7J6F9Y9_CANSA	A0A3Q2HPL9	43.4	53	136	490	1.69e-07	46.2	39.0	10.8
tr|A0A7J6F9Y9|A0A7J6F9Y9_CANSA	A0A7N4PCZ6	41.5	53	136	513	1.71e-07	46.2	39.0	10.3
tr|A0A7J6F9Y9|A0A7J6F9Y9_CANSA	A0A8D0VQW6	46.0	50	136	307	2.05e-07	45.8	36.8	16.3
tr|A0A7J6F9Y9|A0A7J6F9Y9_CANSA	A0A7J7RHE6	40.7	54	136	211	2.10e-07	45.4	39.7	25.6
tr|A0A7J6F9Y9|A0A7J6F9Y9_CANSA	L5KQ77	43.4	53	136	379	2.19e-07	45.8	39.0	14.0
tr|A0A7J6F9Y9|A0A7J6F9Y9_CANSA	A0AAU9ZLW5	45.3	53	136	386	2.20e-07	45.8	39.0	13.7
tr|A0A7J6F9Y9|A0A7J6F9Y9_CANSA	A0A6B0RMM1	43.4	53	136	427	2.24e-07	45.8	39.0	12.4
tr|A0A7J6F9Y9|A0A7J6F9Y9_CANSA	A0A8I3RWD0	42.6	54	136	442	2.26e-07	45.8	39.7	12.2
tr|A0A7J6F9Y9|A0A7J6F9Y9_CANSA	A0A097P7B2	43.4	53	136	444	2.26e-07	45.8	39.0	11.9
tr|A0A7J6F9Y9|A0A7J6F9Y9_CANSA	A0A1U7Q654	45.3	53	136	444	2.26e-07	45.8	39.0	11.9
tr|A0A7J6F9Y9|A0A7J6F9Y9_CANSA	A0A3Q7RBB5	42.6	54	136	444	2.26e-07	45.8	39.7	12.2
tr|A0A7J6F9Y9|A0A7J6F9Y9_CANSA	A0A452EQV5	43.4	53	136	444	2.26e-07	45.8	39.0	11.9
tr|A0A7J6F9Y9|A0A7J6F9Y9_CANSA	A0A481SFW3	43.4	53	136	444	2.26e-07	45.8	39.0	11.9
tr|A0A7J6F9Y9|A0A7J6F9Y9_CANSA	A0A4W2DUM0	43.4	53	136	444	2.26e-07	45.8	39.0	11.9
tr|A0A7J6F9Y9|A0A7J6F9Y9_CANSA	A0A5N3W3I1	43.4	53	136	444	2.26e-07	45.8	39.0	11.9
tr|A0A7J6F9Y9|A0A7J6F9Y9_CANSA	A0A5N3XT29	43.4	53	136	444	2.26e-07	45.8	39.0	11.9
tr|A0A7J6F9Y9|A0A7J6F9Y9_CANSA	A0A6P3IK26	43.4	53	136	444	2.26e-07	45.8	39.0	11.9
tr|A0A7J6F9Y9|A0A7J6F9Y9_CANSA	A0A6P5BJW1	43.4	53	136	444	2.26e-07	45.8	39.0	11.9
tr|A0A7J6F9Y9|A0A7J6F9Y9_CANSA	A0A8C0KGD9	42.6	54	136	444	2.26e-07	45.8	39.7	12.2
tr|A0A7J6F9Y9|A0A7J6F9Y9_CANSA	A0A8C2M1T6	45.3	53	136	444	2.26e-07	45.8	39.0	11.9
tr|A0A7J6F9Y9|A0A7J6F9Y9_CANSA	A0A8C6FN98	43.4	53	136	444	2.26e-07	45.8	39.0	11.9
tr|A0A7J6F9Y9|A0A7J6F9Y9_CANSA	A0A9B0U7Q0	41.5	53	136	444	2.26e-07	45.8	39.0	11.9
tr|A0A7J6F9Y9|A0A7J6F9Y9_CANSA	A0AAD4Y1H9	43.4	53	136	444	2.26e-07	45.8	39.0	11.9
tr|A0A7J6F9Y9|A0A7J6F9Y9_CANSA	A0AAU9ZP26	45.3	53	136	444	2.26e-07	45.8	39.0	11.9
tr|A0A7J6F9Y9|A0A7J6F9Y9_CANSA	A0ACB9U9D1	43.4	53	136	444	2.26e-07	45.8	39.0	11.9
tr|A0A7J6F9Y9|A0A7J6F9Y9_CANSA	A0ACI6R8K8	43.4	53	136	444	2.26e-07	45.8	39.0	11.9
tr|A0A7J6F9Y9|A0A7J6F9Y9_CANSA	A0A4W2C7R9	43.4	53	136	469	2.29e-07	45.8	39.0	11.3
tr|A0A7J6F9Y9|A0A7J6F9Y9_CANSA	A0A4W2E825	43.4	53	136	594	2.38e-07	45.8	39.0	8.9
tr|A0A7J6F9Y9|A0A7J6F9Y9_CANSA	A0A8J5ZV45	40.7	54	136	633	2.40e-07	45.8	39.7	8.5
tr|A0A7J6F9Y9|A0A7J6F9Y9_CANSA	A0A7J7RTY1	41.5	53	136	263	2.59e-07	45.4	39.0	20.2
tr|A0A7J6F9Y9|A0A7J6F9Y9_CANSA	A0A7J7RH08	40.7	54	136	279	2.68e-07	45.4	39.7	19.4
tr|A0A7J6F9Y9|A0A7J6F9Y9_CANSA	A0A7J7RTH3	41.5	53	136	386	2.99e-07	45.4	39.0	13.7
tr|A0A7J6F9Y9|A0A7J6F9Y9_CANSA	A0A2Y9JS87	43.4	53	136	444	3.08e-07	45.4	39.0	11.9
tr|A0A7J6F9Y9|A0A7J6F9Y9_CANSA	A0A6J2LZM4	43.4	53	136	444	3.08e-07	45.4	39.0	11.9
tr|A0A7J6F9Y9|A0A7J6F9Y9_CANSA	A0A7J7RH61	40.7	54	136	444	3.08e-07	45.4	39.7	12.2
tr|A0A7J6F9Y9|A0A7J6F9Y9_CANSA	A0A7J7RTC3	41.5	53	136	444	3.08e-07	45.4	39.0	11.9
tr|A0A7J6F9Y9|A0A7J6F9Y9_CANSA	A0ABP0AGF8	39.6	53	136	444	3.08e-07	45.4	39.0	11.9
tr|A0A7J6F9Y9|A0A7J6F9Y9_CANSA	A0ACB9UWW7	41.5	53	136	106	3.08e-07	43.5	39.0	50.0
tr|A0A7J6F9Y9|A0A7J6F9Y9_CANSA	A0A4X2K3C7	41.5	53	136	446	3.08e-07	45.4	39.0	11.9
tr|A0A7J6F9Y9|A0A7J6F9Y9_CANSA	A0A4X2K0X7	41.5	53	136	478	3.12e-07	45.4	39.0	11.1
tr|A0A7J6F9Y9|A0A7J6F9Y9_CANSA	A0A3Q2L545	43.1	51	136	407	4.11e-07	45.1	37.5	12.5
tr|A0A7J6F9Y9|A0A7J6F9Y9_CANSA	A0A8I5TZB8	43.1	51	136	407	4.11e-07	45.1	37.5	12.5
tr|A0A7J6F9Y9|A0A7J6F9Y9_CANSA	A0A8I6A6F8	45.1	51	136	407	4.11e-07	45.1	37.5	12.5
tr|A0A7J6F9Y9|A0A7J6F9Y9_CANSA	A0A8C6D993	41.5	53	136	443	4.18e-07	45.1	39.0	12.0
tr|A0A7J6F9Y9|A0A7J6F9Y9_CANSA	A0A1S2ZY34	41.5	53	136	444	4.19e-07	45.1	39.0	11.9
tr|A0A7J6F9Y9|A0A7J6F9Y9_CANSA	A0A8C3YP80	43.4	53	136	444	4.19e-07	45.1	39.0	11.9
tr|A0A7J6F9Y9|A0A7J6F9Y9_CANSA	A0A8C9AGB6	43.4	53	136	444	4.19e-07	45.1	39.0	11.9
tr|A0A7J6F9Y9|A0A7J6F9Y9_CANSA	A0A6P5IRF7	41.5	53	136	446	4.19e-07	45.1	39.0	11.9
tr|A0A7J6F9Y9|A0A7J6F9Y9_CANSA	A0ACI8RTL1	44.0	50	136	307	5.18e-07	44.7	36.8	16.3
tr|A0A7J6F9Y9|A0A7J6F9Y9_CANSA	A0AC58R0E2	43.4	53	136	398	5.56e-07	44.7	39.0	13.3
tr|A0A7J6F9Y9|A0A7J6F9Y9_CANSA	A0ACI6Q519	43.1	51	136	407	5.59e-07	44.7	37.5	12.5
tr|A0A7J6F9Y9|A0A7J6F9Y9_CANSA	A0A8B6Y5Q9	43.4	53	136	443	5.69e-07	44.7	39.0	12.0
tr|A0A7J6F9Y9|A0A7J6F9Y9_CANSA	A0A8B7VPM7	41.5	53	136	444	5.69e-07	44.7	39.0	11.9
tr|A0A7J6F9Y9|A0A7J6F9Y9_CANSA	A0ABM0LNH9	43.4	53	136	444	5.69e-07	44.7	39.0	11.9
tr|A0A7J6F9Y9|A0A7J6F9Y9_CANSA	A0AC58R0G0	43.4	53	136	444	5.69e-07	44.7	39.0	11.9
tr|A0A7J6F9Y9|A0A7J6F9Y9_CANSA	A0A5N4DLW8	43.4	53	136	459	5.73e-07	44.7	39.0	11.5
tr|A0A7J6F9Y9|A0A7J6F9Y9_CANSA	A0A2K6UA82	41.5	53	136	444	7.74e-07	44.3	39.0	11.9
tr|A0A7J6F9Y9|A0A7J6F9Y9_CANSA	A0A3Q7R172	41.5	53	136	444	7.74e-07	44.3	39.0	11.9
tr|A0A7J6F9Y9|A0A7J6F9Y9_CANSA	A0A6J2BYR2	41.5	53	136	444	7.74e-07	44.3	39.0	11.9
tr|A0A7J6F9Y9|A0A7J6F9Y9_CANSA	A0A6J3BQ89	43.4	53	136	444	7.74e-07	44.3	39.0	11.9
tr|A0A7J6F9Y9|A0A7J6F9Y9_CANSA	A0A8J8YDV0	41.5	53	136	444	7.74e-07	44.3	39.0	11.9
tr|A0A7J6F9Y9|A0A7J6F9Y9_CANSA	A0ABN8YZR8	41.5	53	136	444	7.74e-07	44.3	39.0	11.9
tr|A0A7J6F9Y9|A0A7J6F9Y9_CANSA	U3EAX4	41.5	53	136	444	7.74e-07	44.3	39.0	11.9
tr|A0A7J6F9Y9|A0A7J6F9Y9_CANSA	A0A1S3G6I7	41.5	53	136	447	7.75e-07	44.3	39.0	11.9
tr|A0A7J6F9Y9|A0A7J6F9Y9_CANSA	F6YXC7	43.4	53	136	224	7.92e-07	43.9	39.0	23.7
tr|A0A7J6F9Y9|A0A7J6F9Y9_CANSA	A0A811XXW4	43.1	51	136	602	8.14e-07	44.3	37.5	8.5
tr|A0A7J6F9Y9|A0A7J6F9Y9_CANSA	A0ABQ9UTF0	42.0	50	136	151	8.52e-07	43.1	36.8	33.1
tr|A0A7J6F9Y9|A0A7J6F9Y9_CANSA	A0AA40HR57	41.5	53	136	444	1.05e-06	43.9	39.0	11.9
tr|A0A7J6F9Y9|A0A7J6F9Y9_CANSA	G3SV00	41.5	53	136	447	1.05e-06	43.9	39.0	11.9
tr|A0A7J6F9Y9|A0A7J6F9Y9_CANSA	H0WQ14	41.5	53	136	447	1.05e-06	43.9	39.0	11.9
tr|A0A7J6F9Y9|A0A7J6F9Y9_CANSA	A0A8C9PAG7	45.8	48	136	368	1.37e-06	43.5	35.3	13.0
tr|A0A7J6F9Y9|A0A7J6F9Y9_CANSA	A0ACI6S0X0	41.5	53	136	424	1.42e-06	43.5	39.0	12.5
tr|A0A7J6F9Y9|A0A7J6F9Y9_CANSA	A0A6J0ZEQ7	41.5	53	136	444	1.43e-06	43.5	39.0	11.9
tr|A0A7J6F9Y9|A0A7J6F9Y9_CANSA	A0A6P3FJ34	41.5	53	136	444	1.43e-06	43.5	39.0	11.9
tr|A0A7J6F9Y9|A0A7J6F9Y9_CANSA	A0ABM4HDD4	41.5	53	136	472	1.45e-06	43.5	39.0	11.2
tr|A0A7J6F9Y9|A0A7J6F9Y9_CANSA	A0A6J3RQR0	41.5	53	136	398	1.90e-06	43.1	39.0	13.3
tr|A0A7J6F9Y9|A0A7J6F9Y9_CANSA	A0A8C9CKS5	41.5	53	136	410	1.91e-06	43.1	39.0	12.9
tr|A0A7J6F9Y9|A0A7J6F9Y9_CANSA	A0A340XT28	41.5	53	136	424	1.93e-06	43.1	39.0	12.5
tr|A0A7J6F9Y9|A0A7J6F9Y9_CANSA	A0A340XSB0	41.5	53	136	427	1.93e-06	43.1	39.0	12.4
tr|A0A7J6F9Y9|A0A7J6F9Y9_CANSA	A0A2K5EUF8	41.5	53	136	444	1.95e-06	43.1	39.0	11.9
tr|A0A7J6F9Y9|A0A7J6F9Y9_CANSA	A0A2K5PNC7	41.5	53	136	444	1.95e-06	43.1	39.0	11.9
tr|A0A7J6F9Y9|A0A7J6F9Y9_CANSA	A0A2Y9PVZ8	41.5	53	136	444	1.95e-06	43.1	39.0	11.9
tr|A0A7J6F9Y9|A0A7J6F9Y9_CANSA	A0A340XLC4	41.5	53	136	444	1.95e-06	43.1	39.0	11.9
tr|A0A7J6F9Y9|A0A7J6F9Y9_CANSA	A0A341BRA6	41.5	53	136	444	1.95e-06	43.1	39.0	11.9
tr|A0A7J6F9Y9|A0A7J6F9Y9_CANSA	A0A6J3IAN6	41.5	53	136	444	1.95e-06	43.1	39.0	11.9
tr|A0A7J6F9Y9|A0A7J6F9Y9_CANSA	A0A6J3RQ21	41.5	53	136	444	1.95e-06	43.1	39.0	11.9
tr|A0A7J6F9Y9|A0A7J6F9Y9_CANSA	A0A8C6C1G1	41.5	53	136	444	1.95e-06	43.1	39.0	11.9
tr|A0A7J6F9Y9|A0A7J6F9Y9_CANSA	A0A8C9CC49	41.5	53	136	444	1.95e-06	43.1	39.0	11.9
tr|A0A7J6F9Y9|A0A7J6F9Y9_CANSA	A0A7N4PD85	41.2	51	136	488	1.98e-06	43.1	37.5	10.5
tr|A0A7J6F9Y9|A0A7J6F9Y9_CANSA	A0A7J8ER13	39.6	53	136	386	3.49e-06	42.4	39.0	13.7
tr|A0A7J6F9Y9|A0A7J6F9Y9_CANSA	A0ABM4HDC7	41.2	51	136	435	3.58e-06	42.4	37.5	11.7
tr|A0A7J6F9Y9|A0A7J6F9Y9_CANSA	A0A7J8EPY8	39.6	53	136	444	3.59e-06	42.4	39.0	11.9
tr|A0A7J6F9Y9|A0A7J6F9Y9_CANSA	A0A7J8EQA1	39.6	53	136	460	3.62e-06	42.4	39.0	11.5
tr|A0A7J6F9Y9|A0A7J6F9Y9_CANSA	A0A455CBT0	39.6	53	136	263	4.20e-06	42.0	39.0	20.2
tr|A0A7J6F9Y9|A0A7J6F9Y9_CANSA	A0A7J8EQ56	39.2	51	136	390	8.78e-06	41.2	37.5	13.1
tr|A0A7J6F9Y9|A0A7J6F9Y9_CANSA	A0A8B8Y3A2	39.6	53	136	444	9.02e-06	41.2	39.0	11.9
tr|A0A7J6F9Y9|A0A7J6F9Y9_CANSA	A0ABM3U182	39.6	53	136	444	9.02e-06	41.2	39.0	11.9
tr|A0A7J6FB06|A0A7J6FB06_CANSA	A0A8J5ZV45	42.7	75	133	633	1.30e-12	60.8	54.9	11.7
tr|A0A7J6FB06|A0A7J6FB06_CANSA	A0A673TLX2	42.7	75	133	444	1.67e-12	60.5	54.9	16.7
tr|A0A7J6FB06|A0A7J6FB06_CANSA	A0ABM0J532	40.5	84	133	386	2.18e-12	60.1	61.7	21.2
tr|A0A7J6FB06|A0A7J6FB06_CANSA	A0ABM0S421	42.7	75	133	444	2.27e-12	60.1	54.9	16.7
tr|A0A7J6FB06|A0A7J6FB06_CANSA	G3SV00	42.7	75	133	447	3.10e-12	59.7	54.9	16.6
tr|A0A7J6FB06|A0A7J6FB06_CANSA	L8Y1X2	42.7	75	133	453	3.11e-12	59.7	54.9	16.3
tr|A0A7J6FB06|A0A7J6FB06_CANSA	A0A7J7RHE6	41.3	75	133	211	3.28e-12	58.5	54.9	35.1
tr|A0A7J6FB06|A0A7J6FB06_CANSA	A0A2K6UA82	42.7	75	133	444	4.22e-12	59.3	54.9	16.7
tr|A0A7J6FB06|A0A7J6FB06_CANSA	A0A9B0U7Q0	40.5	84	133	444	4.22e-12	59.3	61.7	18.5
tr|A0A7J6FB06|A0A7J6FB06_CANSA	A0A9L0R8Q0	42.7	75	133	402	5.61e-12	58.9	54.9	18.4
tr|A0A7J6FB06|A0A7J6FB06_CANSA	A0A096N608	42.7	75	133	409	5.64e-12	58.9	54.9	18.1
tr|A0A7J6FB06|A0A7J6FB06_CANSA	A0A1D5QW98	42.7	75	133	409	5.64e-12	58.9	54.9	18.1
tr|A0A7J6FB06|A0A7J6FB06_CANSA	A0A2K5U5T7	42.7	75	133	409	5.64e-12	58.9	54.9	18.1
tr|A0A7J6FB06|A0A7J6FB06_CANSA	A0A2K5ZTN0	42.7	75	133	409	5.64e-12	58.9	54.9	18.1
tr|A0A7J6FB06|A0A7J6FB06_CANSA	A0A8C4LLG8	42.7	75	133	410	5.64e-12	58.9	54.9	18.0
tr|A0A7J6FB06|A0A7J6FB06_CANSA	F6SIL5	42.7	75	133	410	5.64e-12	58.9	54.9	18.0
tr|A0A7J6FB06|A0A7J6FB06_CANSA	A0A2K5ZTJ1	42.7	75	133	422	5.69e-12	58.9	54.9	17.5
tr|A0A7J6FB06|A0A7J6FB06_CANSA	A0A2K5ZTD4	42.7	75	133	437	5.73e-12	58.9	54.9	16.9
tr|A0A7J6FB06|A0A7J6FB06_CANSA	A0A7J7RH08	41.3	75	133	279	5.74e-12	58.5	54.9	26.5
tr|A0A7J6FB06|A0A7J6FB06_CANSA	A0A0D9R2C8	42.7	75	133	444	5.75e-12	58.9	54.9	16.7
tr|A0A7J6FB06|A0A7J6FB06_CANSA	A0A2K5NWS9	42.7	75	133	444	5.75e-12	58.9	54.9	16.7
tr|A0A7J6FB06|A0A7J6FB06_CANSA	A0A2K6D4T4	42.7	75	133	444	5.75e-12	58.9	54.9	16.7
tr|A0A7J6FB06|A0A7J6FB06_CANSA	A0A8D2FBF1	42.7	75	133	444	5.75e-12	58.9	54.9	16.7
tr|A0A7J6FB06|A0A7J6FB06_CANSA	A0ABM4JZQ6	42.7	75	133	444	5.75e-12	58.9	54.9	16.7
tr|A0A7J6FB06|A0A7J6FB06_CANSA	F6YUF6	42.7	75	133	444	5.75e-12	58.9	54.9	16.7
tr|A0A7J6FB06|A0A7J6FB06_CANSA	H9G216	42.7	75	133	444	5.75e-12	58.9	54.9	16.7
tr|A0A7J6FB06|A0A7J6FB06_CANSA	A0A1D5Q079	42.7	75	133	457	5.79e-12	58.9	54.9	16.2
tr|A0A7J6FB06|A0A7J6FB06_CANSA	A0A7N9CBC3	42.7	75	133	457	5.79e-12	58.9	54.9	16.2
tr|A0A7J6FB06|A0A7J6FB06_CANSA	A0A9L0S1H2	42.7	75	133	460	5.80e-12	58.9	54.9	16.1
tr|A0A7J6FB06|A0A7J6FB06_CANSA	A0A9L0RMC9	42.7	75	133	469	5.82e-12	58.9	54.9	15.8
tr|A0A7J6FB06|A0A7J6FB06_CANSA	A0A3Q2HPL9	42.7	75	133	490	5.87e-12	58.9	54.9	15.1
tr|A0A7J6FB06|A0A7J6FB06_CANSA	A0A7F8QKG8	42.7	75	133	252	6.68e-12	58.2	54.9	29.4
tr|A0A7J6FB06|A0A7J6FB06_CANSA	A0A7J7RTY1	41.3	75	133	263	7.20e-12	58.2	54.9	28.1
tr|A0A7J6FB06|A0A7J6FB06_CANSA	A0A287BJC4	36.8	95	133	402	7.65e-12	58.5	69.9	23.1
tr|A0A7J6FB06|A0A7J6FB06_CANSA	F1RKS7	36.8	95	133	427	7.77e-12	58.5	69.9	21.8
tr|A0A7J6FB06|A0A7J6FB06_CANSA	A0A1U7U4P0	41.3	75	133	444	7.84e-12	58.5	54.9	16.7
tr|A0A7J6FB06|A0A7J6FB06_CANSA	A0A2Y9DZ14	41.3	75	133	444	7.84e-12	58.5	54.9	16.7
tr|A0A7J6FB06|A0A7J6FB06_CANSA	A0A2Y9JS87	44.0	75	133	444	7.84e-12	58.5	54.9	16.7
tr|A0A7J6FB06|A0A7J6FB06_CANSA	A0A7J7RH61	41.3	75	133	444	7.84e-12	58.5	54.9	16.7
tr|A0A7J6FB06|A0A7J6FB06_CANSA	A0A8C5L4Y9	40.0	75	133	444	7.84e-12	58.5	54.9	16.7
tr|A0A7J6FB06|A0A7J6FB06_CANSA	D2XT13	36.8	95	133	444	7.84e-12	58.5	69.9	20.9
tr|A0A7J6FB06|A0A7J6FB06_CANSA	A0A7F8QHJ6	42.7	75	133	294	8.46e-12	58.2	54.9	25.2
tr|A0A7J6FB06|A0A7J6FB06_CANSA	A0A6P6H6F8	42.7	75	133	299	8.63e-12	58.2	54.9	24.7
tr|A0A7J6FB06|A0A7J6FB06_CANSA	A0A452QWW6	40.8	76	133	318	9.19e-12	58.2	55.6	23.6
tr|A0A7J6FB06|A0A7J6FB06_CANSA	A0ACF8K989	41.3	75	133	224	1.01e-11	57.4	54.9	33.0
tr|A0A7J6FB06|A0A7J6FB06_CANSA	A0A7J7RTH3	41.3	75	133	386	1.03e-11	58.2	54.9	19.2
tr|A0A7J6FB06|A0A7J6FB06_CANSA	A0A6J1Y9U7	42.7	75	133	398	1.04e-11	58.2	54.9	18.6
tr|A0A7J6FB06|A0A7J6FB06_CANSA	A0A9V1DYJ1	42.7	75	133	398	1.04e-11	58.2	54.9	18.6
tr|A0A7J6FB06|A0A7J6FB06_CANSA	A0A2Y9GPL9	42.7	75	133	402	1.04e-11	58.2	54.9	18.4
tr|A0A7J6FB06|A0A7J6FB06_CANSA	A0A2K5EUF8	42.7	75	133	444	1.07e-11	58.2	54.9	16.7
tr|A0A7J6FB06|A0A7J6FB06_CANSA	A0A2K6FU00	41.3	75	133	444	1.07e-11	58.2	54.9	16.7
tr|A0A7J6FB06|A0A7J6FB06_CANSA	A0A2U3WMF1	42.7	75	133	444	1.07e-11	58.2	54.9	16.7
tr|A0A7J6FB06|A0A7J6FB06_CANSA	A0A2Y9GTG8	42.7	75	133	444	1.07e-11	58.2	54.9	16.7
tr|A0A7J6FB06|A0A7J6FB06_CANSA	A0A485NIT7	42.7	75	133	444	1.07e-11	58.2	54.9	16.7
tr|A0A7J6FB06|A0A7J6FB06_CANSA	A0A667I757	42.7	75	133	444	1.07e-11	58.2	54.9	16.7
tr|A0A7J6FB06|A0A7J6FB06_CANSA	A0A6J1Y9S1	42.7	75	133	444	1.07e-11	58.2	54.9	16.7
tr|A0A7J6FB06|A0A7J6FB06_CANSA	A0A7J7RTC3	41.3	75	133	444	1.07e-11	58.2	54.9	16.7
tr|A0A7J6FB06|A0A7J6FB06_CANSA	A0A8B7VPM7	33.7	95	133	444	1.07e-11	58.2	69.9	20.9
tr|A0A7J6FB06|A0A7J6FB06_CANSA	A0A8C7BV79	42.7	75	133	444	1.07e-11	58.2	54.9	16.7
tr|A0A7J6FB06|A0A7J6FB06_CANSA	A0A8C8WZ21	42.7	75	133	444	1.07e-11	58.2	54.9	16.7
tr|A0A7J6FB06|A0A7J6FB06_CANSA	A0A8D2B8T4	41.3	75	133	444	1.07e-11	58.2	54.9	16.7
tr|A0A7J6FB06|A0A7J6FB06_CANSA	A0A8M1GUG8	40.8	76	133	444	1.07e-11	58.2	55.6	16.9
tr|A0A7J6FB06|A0A7J6FB06_CANSA	A0A9W2VB67	42.7	75	133	444	1.07e-11	58.2	54.9	16.7
tr|A0A7J6FB06|A0A7J6FB06_CANSA	A0AA41T7J5	41.3	75	133	444	1.07e-11	58.2	54.9	16.7
tr|A0A7J6FB06|A0A7J6FB06_CANSA	A0ABI7ZRS6	42.7	75	133	444	1.07e-11	58.2	54.9	16.7
tr|A0A7J6FB06|A0A7J6FB06_CANSA	M3YRP0	42.7	75	133	444	1.07e-11	58.2	54.9	16.7
tr|A0A7J6FB06|A0A7J6FB06_CANSA	A0A667HQU3	42.7	75	133	452	1.07e-11	58.2	54.9	16.4
tr|A0A7J6FB06|A0A7J6FB06_CANSA	L5LCQ8	41.3	75	133	383	1.40e-11	57.8	54.9	19.3
tr|A0A7J6FB06|A0A7J6FB06_CANSA	A0A8B7A5H7	41.3	75	133	398	1.42e-11	57.8	54.9	18.6
tr|A0A7J6FB06|A0A7J6FB06_CANSA	A0A8C5W438	41.3	75	133	427	1.44e-11	57.8	54.9	17.3
tr|A0A7J6FB06|A0A7J6FB06_CANSA	A0A8C5YNB8	40.0	75	133	436	1.45e-11	57.8	54.9	17.0
tr|A0A7J6FB06|A0A7J6FB06_CANSA	A0A5E4B1S8	40.0	75	133	444	1.46e-11	57.8	54.9	16.7
tr|A0A7J6FB06|A0A7J6FB06_CANSA	A0A8B7SFT2	41.3	75	133	444	1.46e-11	57.8	54.9	16.7
tr|A0A7J6FB06|A0A7J6FB06_CANSA	A0A8C9GT53	40.5	79	133	444	1.46e-11	57.8	57.9	17.6
tr|A0A7J6FB06|A0A7J6FB06_CANSA	A0ABP0AGF8	40.0	75	133	444	1.46e-11	57.8	54.9	16.7
tr|A0A7J6FB06|A0A7J6FB06_CANSA	I3MN09	40.0	75	133	444	1.46e-11	57.8	54.9	16.7
tr|A0A7J6FB06|A0A7J6FB06_CANSA	A0AAX6SEX2	38.7	75	133	397	1.93e-11	57.4	54.9	18.6
tr|A0A7J6FB06|A0A7J6FB06_CANSA	A0AAX6QFU4	38.7	75	133	436	1.98e-11	57.4	54.9	17.0
tr|A0A7J6FB06|A0A7J6FB06_CANSA	A0A0P6J9I4	38.7	75	133	443	1.98e-11	57.4	54.9	16.7
tr|A0A7J6FB06|A0A7J6FB06_CANSA	A0A2K5KFD0	41.3	75	133	444	1.98e-11	57.4	54.9	16.7
tr|A0A7J6FB06|A0A7J6FB06_CANSA	A0A2K5PNC7	42.7	75	133	444	1.98e-11	57.4	54.9	16.7
tr|A0A7J6FB06|A0A7J6FB06_CANSA	A0A2K6MTW7	41.3	75	133	444	1.98e-11	57.4	54.9	16.7
tr|A0A7J6FB06|A0A7J6FB06_CANSA	A0A2K6QZH9	41.3	75	133	444	1.98e-11	57.4	54.9	16.7
tr|A0A7J6FB06|A0A7J6FB06_CANSA	A0A452EQV5	40.5	84	133	444	1.98e-11	57.4	61.7	18.5
tr|A0A7J6FB06|A0A7J6FB06_CANSA	A0A481SFW3	40.5	84	133	444	1.98e-11	57.4	61.7	18.5
tr|A0A7J6FB06|A0A7J6FB06_CANSA	A0A671DRA6	37.8	74	133	444	1.98e-11	57.4	54.9	16.7
tr|A0A7J6FB06|A0A7J6FB06_CANSA	A0A6J3IAN6	42.7	75	133	444	1.98e-11	57.4	54.9	16.7
tr|A0A7J6FB06|A0A7J6FB06_CANSA	A0A7J7FD96	41.3	75	133	444	1.98e-11	57.4	54.9	16.7
tr|A0A7J6FB06|A0A7J6FB06_CANSA	A0A8D2H2L7	41.3	75	133	444	1.98e-11	57.4	54.9	16.7
tr|A0A7J6FB06|A0A7J6FB06_CANSA	A0A8J8YDV0	41.3	75	133	444	1.98e-11	57.4	54.9	16.7
tr|A0A7J6FB06|A0A7J6FB06_CANSA	A0AAD4Y1H9	40.5	84	133	444	1.98e-11	57.4	61.7	18.5
tr|A0A7J6FB06|A0A7J6FB06_CANSA	A0ABM0I036	41.3	75	133	444	1.98e-11	57.4	54.9	16.7
tr|A0A7J6FB06|A0A7J6FB06_CANSA	A0ACB9U9D1	40.5	84	133	444	1.98e-11	57.4	61.7	18.5
tr|A0A7J6FB06|A0A7J6FB06_CANSA	A0ACF8I8R0	41.3	75	133	444	1.98e-11	57.4	54.9	16.7
tr|A0A7J6FB06|A0A7J6FB06_CANSA	A0ACF8NVM1	41.3	75	133	444	1.98e-11	57.4	54.9	16.7
tr|A0A7J6FB06|A0A7J6FB06_CANSA	A0ACI6R8K8	40.5	84	133	444	1.98e-11	57.4	61.7	18.5
tr|A0A7J6FB06|A0A7J6FB06_CANSA	D2HUF7	41.3	75	133	444	1.98e-11	57.4	54.9	16.7
tr|A0A7J6FB06|A0A7J6FB06_CANSA	U3EAX4	41.3	75	133	444	1.98e-11	57.4	54.9	16.7
tr|A0A7J6FB06|A0A7J6FB06_CANSA	A0AAX6SE18	38.7	75	133	472	2.01e-11	57.4	54.9	15.7
tr|A0A7J6FB06|A0A7J6FB06_CANSA	A0AAX6SFR9	38.7	75	133	479	2.01e-11	57.4	54.9	15.4
tr|A0A7J6FB06|A0A7J6FB06_CANSA	A0A7N5KQ70	41.3	75	133	488	2.02e-11	57.4	54.9	15.2
tr|A0A7J6FB06|A0A7J6FB06_CANSA	A0A7N5KRR1	41.3	75	133	682	2.12e-11	57.4	54.9	10.9
tr|A0A7J6FB06|A0A7J6FB06_CANSA	G3R9J3	41.3	75	133	255	2.47e-11	56.6	54.9	29.0
tr|A0A7J6FB06|A0A7J6FB06_CANSA	A0A8I3RWD0	41.3	75	133	442	2.70e-11	57.0	54.9	16.7
tr|A0A7J6FB06|A0A7J6FB06_CANSA	A0A3Q7RBB5	41.3	75	133	444	2.70e-11	57.0	54.9	16.7
tr|A0A7J6FB06|A0A7J6FB06_CANSA	A0A6J2LZM4	42.7	75	133	444	2.70e-11	57.0	54.9	16.7
tr|A0A7J6FB06|A0A7J6FB06_CANSA	A0A8C0KGD9	41.3	75	133	444	2.70e-11	57.0	54.9	16.7
tr|A0A7J6FB06|A0A7J6FB06_CANSA	A0AA40HR57	41.3	75	133	444	2.70e-11	57.0	54.9	16.7
tr|A0A7J6FB06|A0A7J6FB06_CANSA	A0A4X2K3C7	40.0	75	133	446	2.71e-11	57.0	54.9	16.6
tr|A0A7J6FB06|A0A7J6FB06_CANSA	H0WQ14	41.3	75	133	447	2.71e-11	57.0	54.9	16.6
tr|A0A7J6FB06|A0A7J6FB06_CANSA	A0A4X2K0X7	40.0	75	133	478	2.74e-11	57.0	54.9	15.5
tr|A0A7J6FB06|A0A7J6FB06_CANSA	A0ACI8TB36	41.3	75	133	344	3.39e-11	56.6	54.9	21.5
tr|A0A7J6FB06|A0A7J6FB06_CANSA	A0AC58R0E2	42.7	75	133	398	3.59e-11	56.6	54.9	18.6
tr|A0A7J6FB06|A0A7J6FB06_CANSA	A0ACI8RCU9	41.3	75	133	398	3.59e-11	56.6	54.9	18.6
tr|A0A7J6FB06|A0A7J6FB06_CANSA	A0ACI8QW41	41.3	75	133	402	3.60e-11	56.6	54.9	18.4
tr|A0A7J6FB06|A0A7J6FB06_CANSA	A0ACI8TAX1	41.3	75	133	402	3.60e-11	56.6	54.9	18.4
tr|A0A7J6FB06|A0A7J6FB06_CANSA	A0ACI8TA36	41.3	75	133	422	3.64e-11	56.6	54.9	17.5
tr|A0A7J6FB06|A0A7J6FB06_CANSA	A0A6B0RMM1	41.3	75	133	427	3.65e-11	56.6	54.9	17.3
tr|A0A7J6FB06|A0A7J6FB06_CANSA	A0A8B6Y5Q9	42.7	75	133	443	3.68e-11	56.6	54.9	16.7
tr|A0A7J6FB06|A0A7J6FB06_CANSA	A0ACI8TA33	41.3	75	133	443	3.68e-11	56.6	54.9	16.7
tr|A0A7J6FB06|A0A7J6FB06_CANSA	A0A097P7B2	41.3	75	133	444	3.68e-11	56.6	54.9	16.7
tr|A0A7J6FB06|A0A7J6FB06_CANSA	A0A2R9BKZ6	41.3	75	133	444	3.68e-11	56.6	54.9	16.7
tr|A0A7J6FB06|A0A7J6FB06_CANSA	A0A4W2DUM0	41.3	75	133	444	3.68e-11	56.6	54.9	16.7
tr|A0A7J6FB06|A0A7J6FB06_CANSA	A0A5N3W3I1	41.3	75	133	444	3.68e-11	56.6	54.9	16.7
tr|A0A7J6FB06|A0A7J6FB06_CANSA	A0A5N3XT29	41.3	75	133	444	3.68e-11	56.6	54.9	16.7
tr|A0A7J6FB06|A0A7J6FB06_CANSA	A0A6P3FJ34	38.7	75	133	444	3.68e-11	56.6	54.9	16.7
tr|A0A7J6FB06|A0A7J6FB06_CANSA	A0A6P3IK26	41.3	75	133	444	3.68e-11	56.6	54.9	16.7
tr|A0A7J6FB06|A0A7J6FB06_CANSA	A0A6P5BJW1	41.3	75	133	444	3.68e-11	56.6	54.9	16.7
tr|A0A7J6FB06|A0A7J6FB06_CANSA	A0A8C6FN98	41.3	75	133	444	3.68e-11	56.6	54.9	16.7
tr|A0A7J6FB06|A0A7J6FB06_CANSA	A0ABN8YZR8	41.3	75	133	444	3.68e-11	56.6	54.9	16.7
tr|A0A7J6FB06|A0A7J6FB06_CANSA	A0AC58R0G0	42.7	75	133	444	3.68e-11	56.6	54.9	16.7
tr|A0A7J6FB06|A0A7J6FB06_CANSA	A0ACM8R4S8	41.3	75	133	444	3.68e-11	56.6	54.9	16.7
tr|A0A7J6FB06|A0A7J6FB06_CANSA	H2Q3U8	41.3	75	133	444	3.68e-11	56.6	54.9	16.7
tr|A0A7J6FB06|A0A7J6FB06_CANSA	K7BG07	41.3	75	133	444	3.68e-11	56.6	54.9	16.7
tr|A0A7J6FB06|A0A7J6FB06_CANSA	A0ACI8TAQ9	41.3	75	133	452	3.70e-11	56.6	54.9	16.4
tr|A0A7J6FB06|A0A7J6FB06_CANSA	A0A5N4DLW8	42.7	75	133	459	3.71e-11	56.6	54.9	16.1
tr|A0A7J6FB06|A0A7J6FB06_CANSA	A0A4W2C7R9	41.3	75	133	469	3.72e-11	56.6	54.9	15.8
tr|A0A7J6FB06|A0A7J6FB06_CANSA	A0A4W2E825	41.3	75	133	594	3.87e-11	56.6	54.9	12.5
tr|A0A7J6FB06|A0A7J6FB06_CANSA	A0A6J3BQ89	42.7	75	133	444	5.02e-11	56.2	54.9	16.7
tr|A0A7J6FB06|A0A7J6FB06_CANSA	A0A6P5IRF7	38.7	75	133	446	5.02e-11	56.2	54.9	16.6
tr|A0A7J6FB06|A0A7J6FB06_CANSA	A0A7J8ER13	40.0	75	133	386	6.61e-11	55.8	54.9	19.2
tr|A0A7J6FB06|A0A7J6FB06_CANSA	A0A8C6D993	41.3	75	133	443	6.83e-11	55.8	54.9	16.7
tr|A0A7J6FB06|A0A7J6FB06_CANSA	A0A3Q7R172	41.3	75	133	444	6.84e-11	55.8	54.9	16.7
tr|A0A7J6FB06|A0A7J6FB06_CANSA	A0A6J0ZEQ7	41.3	75	133	444	6.84e-11	55.8	54.9	16.7
tr|A0A7J6FB06|A0A7J6FB06_CANSA	A0A6J2BYR2	41.3	75	133	444	6.84e-11	55.8	54.9	16.7
tr|A0A7J6FB06|A0A7J6FB06_CANSA	A0A7J8EPY8	40.0	75	133	444	6.84e-11	55.8	54.9	16.7
tr|A0A7J6FB06|A0A7J6FB06_CANSA	A0A8C9AGB6	41.3	75	133	444	6.84e-11	55.8	54.9	16.7
tr|A0A7J6FB06|A0A7J6FB06_CANSA	A0A1S3G6I7	38.7	75	133	447	6.85e-11	55.8	54.9	16.6
tr|A0A7J6FB06|A0A7J6FB06_CANSA	A0A7J8EQA1	40.0	75	133	460	6.89e-11	55.8	54.9	16.1
tr|A0A7J6FB06|A0A7J6FB06_CANSA	A0ABM4HDD4	41.3	75	133	472	6.92e-11	55.8	54.9	15.7
tr|A0A7J6FB06|A0A7J6FB06_CANSA	A0A6J3RQR0	41.3	75	133	398	9.08e-11	55.5	54.9	18.6
tr|A0A7J6FB06|A0A7J6FB06_CANSA	A0A5G2QYW5	43.5	69	133	407	9.14e-11	55.5	51.1	17.0
tr|A0A7J6FB06|A0A7J6FB06_CANSA	A0A8C9CKS5	41.3	75	133	410	9.15e-11	55.5	54.9	18.0
tr|A0A7J6FB06|A0A7J6FB06_CANSA	A0A340XT28	41.3	75	133	424	9.22e-11	55.5	54.9	17.5
tr|A0A7J6FB06|A0A7J6FB06_CANSA	A0A340XSB0	41.3	75	133	427	9.24e-11	55.5	54.9	17.3
tr|A0A7J6FB06|A0A7J6FB06_CANSA	A0A3Q2HMZ7	41.7	72	133	432	9.26e-11	55.5	52.6	16.4
tr|A0A7J6FB06|A0A7J6FB06_CANSA	A0A8C4LS91	41.7	72	133	432	9.26e-11	55.5	52.6	16.4
tr|A0A7J6FB06|A0A7J6FB06_CANSA	A0A1S2ZY34	37.3	75	133	444	9.31e-11	55.5	54.9	16.7
tr|A0A7J6FB06|A0A7J6FB06_CANSA	A0A2Y9PVZ8	41.3	75	133	444	9.31e-11	55.5	54.9	16.7
tr|A0A7J6FB06|A0A7J6FB06_CANSA	A0A340XLC4	41.3	75	133	444	9.31e-11	55.5	54.9	16.7
tr|A0A7J6FB06|A0A7J6FB06_CANSA	A0A341BRA6	41.3	75	133	444	9.31e-11	55.5	54.9	16.7
tr|A0A7J6FB06|A0A7J6FB06_CANSA	A0A6J3RQ21	41.3	75	133	444	9.31e-11	55.5	54.9	16.7
tr|A0A7J6FB06|A0A7J6FB06_CANSA	A0A8C6C1G1	41.3	75	133	444	9.31e-11	55.5	54.9	16.7
tr|A0A7J6FB06|A0A7J6FB06_CANSA	A0A8C9CC49	41.3	75	133	444	9.31e-11	55.5	54.9	16.7
tr|A0A7J6FB06|A0A7J6FB06_CANSA	A0A7N4NYQ1	37.3	75	133	446	9.32e-11	55.5	54.9	16.6
tr|A0A7J6FB06|A0A7J6FB06_CANSA	A0A7N4PCZ6	37.3	75	133	513	9.56e-11	55.5	54.9	14.4
tr|A0A7J6FB06|A0A7J6FB06_CANSA	F6YXC7	36.7	79	133	224	9.77e-11	54.7	57.9	34.8
tr|A0A7J6FB06|A0A7J6FB06_CANSA	A0ABQ9UTF0	49.0	49	133	151	1.05e-10	53.5	36.8	32.5
tr|A0A7J6FB06|A0A7J6FB06_CANSA	A0A1A6FYU7	40.0	75	133	181	1.18e-10	53.9	54.9	40.9
tr|A0A7J6FB06|A0A7J6FB06_CANSA	A0A3Q2L545	44.1	68	133	407	1.24e-10	55.1	48.1	16.2
tr|A0A7J6FB06|A0A7J6FB06_CANSA	A0A8C6R659	41.3	75	133	444	1.27e-10	55.1	54.9	16.7
tr|A0A7J6FB06|A0A7J6FB06_CANSA	A0ABM0LNH9	41.3	75	133	444	1.27e-10	55.1	54.9	16.7
tr|A0A7J6FB06|A0A7J6FB06_CANSA	A0A455CBT0	40.0	75	133	263	1.27e-10	54.7	54.9	28.1
tr|A0A7J6FB06|A0A7J6FB06_CANSA	A0A8C3YP80	40.0	75	133	444	1.73e-10	54.7	54.9	16.7
tr|A0A7J6FB06|A0A7J6FB06_CANSA	A0A8I5TZB8	44.1	68	133	407	2.31e-10	54.3	48.1	16.2
tr|A0A7J6FB06|A0A7J6FB06_CANSA	A0A0U3TC30	38.7	75	133	444	2.35e-10	54.3	54.9	16.7
tr|A0A7J6FB06|A0A7J6FB06_CANSA	G1SJU8	38.7	75	133	444	2.35e-10	54.3	54.9	16.7
tr|A0A7J6FB06|A0A7J6FB06_CANSA	A0A7N4PD85	37.8	74	133	488	2.40e-10	54.3	54.1	15.0
tr|A0A7J6FB06|A0A7J6FB06_CANSA	A0A8D0VQW6	49.0	49	133	307	2.80e-10	53.9	36.8	16.0
tr|A0A7J6FB06|A0A7J6FB06_CANSA	A0AAW0HMZ6	40.0	75	133	318	2.87e-10	53.9	54.9	23.3
tr|A0A7J6FB06|A0A7J6FB06_CANSA	A0A140TAE1	40.0	75	133	386	3.11e-10	53.9	54.9	19.2
tr|A0A7J6FB06|A0A7J6FB06_CANSA	A0A8I5ZWZ8	40.0	75	133	410	3.15e-10	53.9	54.9	18.0
tr|A0A7J6FB06|A0A7J6FB06_CANSA	A0ABQ0FSE9	40.0	75	133	426	3.18e-10	53.9	54.9	17.4
tr|A0A7J6FB06|A0A7J6FB06_CANSA	A0A8C6I4C1	40.0	75	133	434	3.19e-10	53.9	54.9	17.1
tr|A0A7J6FB06|A0A7J6FB06_CANSA	A0A6I9MEG9	40.0	75	133	444	3.21e-10	53.9	54.9	16.7
tr|A0A7J6FB06|A0A7J6FB06_CANSA	A0A6P5P6I7	40.0	75	133	444	3.21e-10	53.9	54.9	16.7
tr|A0A7J6FB06|A0A7J6FB06_CANSA	A0A8C6I4F4	40.0	75	133	444	3.21e-10	53.9	54.9	16.7
tr|A0A7J6FB06|A0A7J6FB06_CANSA	A0ACF6GY87	40.0	75	133	444	3.21e-10	53.9	54.9	16.7
tr|A0A7J6FB06|A0A7J6FB06_CANSA	A0ACB9UWW7	39.3	84	133	106	3.40e-10	51.2	61.7	77.4
tr|A0A7J6FB06|A0A7J6FB06_CANSA	A0ACI8RTL1	49.0	49	133	307	3.83e-10	53.5	36.8	16.0
tr|A0A7J6FB06|A0A7J6FB06_CANSA	L5KQ77	37.3	75	133	379	4.21e-10	53.5	54.9	19.5
tr|A0A7J6FB06|A0A7J6FB06_CANSA	A0AAU9ZLW5	40.0	75	133	386	4.23e-10	53.5	54.9	19.2
tr|A0A7J6FB06|A0A7J6FB06_CANSA	A0A7J8EQ56	40.3	77	133	390	4.24e-10	53.5	52.6	19.7
tr|A0A7J6FB06|A0A7J6FB06_CANSA	A0A1U7Q654	40.0	75	133	444	4.37e-10	53.5	54.9	16.7
tr|A0A7J6FB06|A0A7J6FB06_CANSA	A0A8B8Y3A2	40.0	75	133	444	4.37e-10	53.5	54.9	16.7
tr|A0A7J6FB06|A0A7J6FB06_CANSA	A0A8C2M1T6	40.0	75	133	444	4.37e-10	53.5	54.9	16.7
tr|A0A7J6FB06|A0A7J6FB06_CANSA	A0AAU9ZP26	40.0	75	133	444	4.37e-10	53.5	54.9	16.7
tr|A0A7J6FB06|A0A7J6FB06_CANSA	A0ABM3U182	40.0	75	133	444	4.37e-10	53.5	54.9	16.7
tr|A0A7J6FB06|A0A7J6FB06_CANSA	A0ACI6Q519	40.5	79	133	407	5.84e-10	53.1	52.6	18.9
tr|A0A7J6FB06|A0A7J6FB06_CANSA	A0A7J8GYM1	36.0	75	133	386	7.85e-10	52.8	54.9	19.2
tr|A0A7J6FB06|A0A7J6FB06_CANSA	A0A6I8N7H0	40.0	75	133	402	7.93e-10	52.8	54.9	18.4
tr|A0A7J6FB06|A0A7J6FB06_CANSA	A0A8I6A6F8	42.6	68	133	407	7.96e-10	52.8	48.1	16.2
tr|A0A7J6FB06|A0A7J6FB06_CANSA	A0A6I8NAX3	40.0	75	133	444	8.11e-10	52.8	54.9	16.7
tr|A0A7J6FB06|A0A7J6FB06_CANSA	A0A7J8GYE7	36.0	75	133	444	8.11e-10	52.8	54.9	16.7
tr|A0A7J6FB06|A0A7J6FB06_CANSA	A0ABM4HDC7	40.5	79	133	435	1.10e-09	52.4	52.6	17.7
tr|A0A7J6FB06|A0A7J6FB06_CANSA	A0A8B7KGW4	38.7	75	133	207	1.12e-09	51.6	54.9	35.7
tr|A0A7J6FB06|A0A7J6FB06_CANSA	A0A6P3QLI8	36.0	75	133	444	2.05e-09	51.6	54.9	16.7
tr|A0A7J6FB06|A0A7J6FB06_CANSA	A0A811XXW4	46.9	49	133	602	2.15e-09	51.6	36.8	8.1
tr|A0A7J6FB06|A0A7J6FB06_CANSA	A0A7J8EQ12	46.9	49	133	265	2.21e-09	51.2	36.8	18.5
tr|A0A7J6FB06|A0A7J6FB06_CANSA	A0A5N3XHK2	38.7	75	133	411	3.74e-09	50.8	54.9	18.0
tr|A0A7J6FB06|A0A7J6FB06_CANSA	A0ACI6S0X0	39.2	79	133	424	5.12e-09	50.4	57.9	18.4
tr|A0A7J6FB06|A0A7J6FB06_CANSA	A0A6I8N6K6	46.9	49	133	407	1.75e-08	48.9	36.8	12.0
tr|A0A7J6FB06|A0A7J6FB06_CANSA	A0A5N4E140	40.0	75	133	239	3.39e-08	47.8	54.9	31.0
tr|A0A7J6FB06|A0A7J6FB06_CANSA	A0A8C9PAG7	35.2	71	133	368	4.30e-08	47.8	51.9	19.0
tr|A0A7J6FB06|A0A7J6FB06_CANSA	A0A1S3G0K3	35.5	76	133	494	2.13e-07	45.8	54.9	15.2
tr|A0A7J6FB06|A0A7J6FB06_CANSA	G1Q9U6	46.0	50	133	201	3.19e-06	42.0	37.6	23.9
tr|A0A7J6FV55|A0A7J6FV55_CANSA	A0A7J8ER13	32.4	102	134	386	8.84e-13	61.2	75.4	23.3
tr|A0A7J6FV55|A0A7J6FV55_CANSA	A0A7J8EPY8	32.4	102	134	444	9.25e-13	61.2	75.4	20.3
tr|A0A7J6FV55|A0A7J6FV55_CANSA	A0A7J8EQA1	32.4	102	134	460	9.33e-13	61.2	75.4	19.6
tr|A0A7J6FV55|A0A7J6FV55_CANSA	A0ABP0AGF8	33.7	101	134	444	5.93e-12	58.9	73.9	19.8
tr|A0A7J6FV55|A0A7J6FV55_CANSA	A0A7J7RTY1	33.7	101	134	263	1.02e-11	57.8	73.9	33.5
tr|A0A7J6FV55|A0A7J6FV55_CANSA	A0A673TLX2	39.2	74	134	444	1.10e-11	58.2	54.5	16.7
tr|A0A7J6FV55|A0A7J6FV55_CANSA	A0A452QWW6	31.1	103	134	318	1.29e-11	57.8	76.1	28.6
tr|A0A7J6FV55|A0A7J6FV55_CANSA	A0A7J7RTH3	33.7	101	134	386	1.44e-11	57.8	73.9	22.8
tr|A0A7J6FV55|A0A7J6FV55_CANSA	A0A7J7RTC3	33.7	101	134	444	1.50e-11	57.8	73.9	19.8
tr|A0A7J6FV55|A0A7J6FV55_CANSA	A0A8M1GUG8	31.1	103	134	444	1.50e-11	57.8	76.1	20.5
tr|A0A7J6FV55|A0A7J6FV55_CANSA	A0A287BJC4	33.0	100	134	402	1.99e-11	57.4	73.9	21.9
tr|A0A7J6FV55|A0A7J6FV55_CANSA	F1RKS7	33.0	100	134	427	2.03e-11	57.4	73.9	20.6
tr|A0A7J6FV55|A0A7J6FV55_CANSA	A0A2K6FU00	31.4	102	134	444	2.04e-11	57.4	75.4	20.3
tr|A0A7J6FV55|A0A7J6FV55_CANSA	A0A2Y9DZ14	33.0	100	134	444	2.04e-11	57.4	73.9	19.8
tr|A0A7J6FV55|A0A7J6FV55_CANSA	A0ABM0S421	31.4	102	134	444	2.04e-11	57.4	75.4	20.3
tr|A0A7J6FV55|A0A7J6FV55_CANSA	D2XT13	33.0	100	134	444	2.04e-11	57.4	73.9	19.8
tr|A0A7J6FV55|A0A7J6FV55_CANSA	A0A671DRA6	31.4	102	134	444	2.78e-11	57.0	75.4	20.3
tr|A0A7J6FV55|A0A7J6FV55_CANSA	A0A8C5L4Y9	30.0	100	134	444	2.78e-11	57.0	73.9	19.8
tr|A0A7J6FV55|A0A7J6FV55_CANSA	A0A7N4NYQ1	31.9	135	134	446	2.79e-11	57.0	92.5	29.1
tr|A0A7J6FV55|A0A7J6FV55_CANSA	A0A7N4PD85	31.9	138	134	488	2.84e-11	57.0	94.8	27.3
tr|A0A7J6FV55|A0A7J6FV55_CANSA	A0A7N4PCZ6	31.9	135	134	513	2.86e-11	57.0	92.5	25.3
tr|A0A7J6FV55|A0A7J6FV55_CANSA	A0A8J5ZV45	31.7	101	134	633	2.95e-11	57.0	73.9	13.9
tr|A0A7J6FV55|A0A7J6FV55_CANSA	A0A7F8QKG8	32.3	96	134	252	3.42e-11	56.2	70.9	36.5
tr|A0A7J6FV55|A0A7J6FV55_CANSA	A0A7F8QHJ6	32.3	96	134	294	4.22e-11	56.2	70.9	31.3
tr|A0A7J6FV55|A0A7J6FV55_CANSA	A0A2Y9GPL9	32.3	96	134	402	5.05e-11	56.2	70.9	22.9
tr|A0A7J6FV55|A0A7J6FV55_CANSA	A0A2Y9GTG8	32.3	96	134	444	5.17e-11	56.2	70.9	20.7
tr|A0A7J6FV55|A0A7J6FV55_CANSA	A0A9L0R8Q0	36.5	74	134	402	6.88e-11	55.8	54.5	18.4
tr|A0A7J6FV55|A0A7J6FV55_CANSA	A0A8C4LLG8	36.5	74	134	410	6.91e-11	55.8	54.5	18.0
tr|A0A7J6FV55|A0A7J6FV55_CANSA	F6SIL5	36.5	74	134	410	6.91e-11	55.8	54.5	18.0
tr|A0A7J6FV55|A0A7J6FV55_CANSA	A0A6J2LZM4	31.4	102	134	444	7.04e-11	55.8	75.4	20.3
tr|A0A7J6FV55|A0A7J6FV55_CANSA	A0A8B7SFT2	30.4	102	134	444	7.04e-11	55.8	75.4	20.3
tr|A0A7J6FV55|A0A7J6FV55_CANSA	A0A8C7BV79	35.0	80	134	444	7.04e-11	55.8	59.0	18.0
tr|A0A7J6FV55|A0A7J6FV55_CANSA	A0A8D2H2L7	38.7	75	134	444	7.04e-11	55.8	54.5	16.7
tr|A0A7J6FV55|A0A7J6FV55_CANSA	A0ABM4JZQ6	36.5	74	134	444	7.04e-11	55.8	54.5	16.7
tr|A0A7J6FV55|A0A7J6FV55_CANSA	M3YRP0	35.0	80	134	444	7.04e-11	55.8	59.0	18.0
tr|A0A7J6FV55|A0A7J6FV55_CANSA	L8Y1X2	31.0	100	134	453	7.07e-11	55.8	73.9	19.4
tr|A0A7J6FV55|A0A7J6FV55_CANSA	A0A9L0S1H2	36.5	74	134	460	7.09e-11	55.8	54.5	16.1
tr|A0A7J6FV55|A0A7J6FV55_CANSA	A0A9L0RMC9	36.5	74	134	469	7.12e-11	55.8	54.5	15.8
tr|A0A7J6FV55|A0A7J6FV55_CANSA	A0A3Q2HPL9	36.5	74	134	490	7.17e-11	55.8	54.5	15.1
tr|A0A7J6FV55|A0A7J6FV55_CANSA	A0ABM0J532	35.1	74	134	386	9.27e-11	55.5	54.5	19.2
tr|A0A7J6FV55|A0A7J6FV55_CANSA	A0A8B7A5H7	31.0	100	134	398	9.35e-11	55.5	73.9	22.1
tr|A0A7J6FV55|A0A7J6FV55_CANSA	A0A8I3RWD0	35.5	76	134	442	9.58e-11	55.5	56.0	17.2
tr|A0A7J6FV55|A0A7J6FV55_CANSA	A0A2U3WMF1	31.0	100	134	444	9.59e-11	55.5	73.9	19.8
tr|A0A7J6FV55|A0A7J6FV55_CANSA	A0A3Q7RBB5	35.5	76	134	444	9.59e-11	55.5	56.0	17.1
tr|A0A7J6FV55|A0A7J6FV55_CANSA	A0A8C0KGD9	35.5	76	134	444	9.59e-11	55.5	56.0	17.1
tr|A0A7J6FV55|A0A7J6FV55_CANSA	D2HUF7	30.4	102	134	444	9.59e-11	55.5	75.4	20.3
tr|A0A7J6FV55|A0A7J6FV55_CANSA	A0A7N5KQ70	30.4	102	134	488	9.76e-11	55.5	75.4	18.4
tr|A0A7J6FV55|A0A7J6FV55_CANSA	A0A7N5KRR1	30.4	102	134	682	1.03e-10	55.5	75.4	13.2
tr|A0A7J6FV55|A0A7J6FV55_CANSA	A0A7J7RHE6	29.0	100	134	211	1.23e-10	54.3	73.9	41.7
tr|A0A7J6FV55|A0A7J6FV55_CANSA	L5LCQ8	30.0	100	134	383	1.26e-10	55.1	73.9	23.0
tr|A0A7J6FV55|A0A7J6FV55_CANSA	A0A6B0RMM1	31.0	100	134	427	1.30e-10	55.1	73.9	20.6
tr|A0A7J6FV55|A0A7J6FV55_CANSA	A0A097P7B2	31.0	100	134	444	1.31e-10	55.1	73.9	19.8
tr|A0A7J6FV55|A0A7J6FV55_CANSA	A0A3Q7R172	36.5	74	134	444	1.31e-10	55.1	54.5	16.7
tr|A0A7J6FV55|A0A7J6FV55_CANSA	A0A4W2DUM0	31.0	100	134	444	1.31e-10	55.1	73.9	19.8
tr|A0A7J6FV55|A0A7J6FV55_CANSA	A0A5N3W3I1	31.0	100	134	444	1.31e-10	55.1	73.9	19.8
tr|A0A7J6FV55|A0A7J6FV55_CANSA	A0A5N3XT29	31.0	100	134	444	1.31e-10	55.1	73.9	19.8
tr|A0A7J6FV55|A0A7J6FV55_CANSA	A0A6J2BYR2	36.5	74	134	444	1.31e-10	55.1	54.5	16.7
tr|A0A7J6FV55|A0A7J6FV55_CANSA	A0A6P3IK26	31.0	100	134	444	1.31e-10	55.1	73.9	19.8
tr|A0A7J6FV55|A0A7J6FV55_CANSA	A0A6P5BJW1	31.0	100	134	444	1.31e-10	55.1	73.9	19.8
tr|A0A7J6FV55|A0A7J6FV55_CANSA	A0A8C6FN98	31.0	100	134	444	1.31e-10	55.1	73.9	19.8
tr|A0A7J6FV55|A0A7J6FV55_CANSA	A0A8D2B8T4	36.5	74	134	444	1.31e-10	55.1	54.5	16.7
tr|A0A7J6FV55|A0A7J6FV55_CANSA	A0AA41T7J5	36.5	74	134	444	1.31e-10	55.1	54.5	16.7
tr|A0A7J6FV55|A0A7J6FV55_CANSA	A0A455CBT0	31.0	100	134	263	1.31e-10	54.7	73.9	33.5
tr|A0A7J6FV55|A0A7J6FV55_CANSA	A0A4W2C7R9	31.0	100	134	469	1.32e-10	55.1	73.9	18.8
tr|A0A7J6FV55|A0A7J6FV55_CANSA	A0A4W2E825	31.0	100	134	594	1.37e-10	55.1	73.9	14.8
tr|A0A7J6FV55|A0A7J6FV55_CANSA	A0A1A6FYU7	44.2	52	134	181	1.69e-10	53.5	38.8	28.7
tr|A0A7J6FV55|A0A7J6FV55_CANSA	A0AC58R0E2	31.0	100	134	398	1.74e-10	54.7	73.9	22.1
tr|A0A7J6FV55|A0A7J6FV55_CANSA	A0A8C5YNB8	36.0	75	134	436	1.77e-10	54.7	54.5	17.0
tr|A0A7J6FV55|A0A7J6FV55_CANSA	A0A8B6Y5Q9	31.0	100	134	443	1.78e-10	54.7	73.9	19.9
tr|A0A7J6FV55|A0A7J6FV55_CANSA	A0A1S2ZY34	37.3	75	134	444	1.78e-10	54.7	54.5	16.7
tr|A0A7J6FV55|A0A7J6FV55_CANSA	A0A452EQV5	36.5	74	134	444	1.78e-10	54.7	54.5	16.7
tr|A0A7J6FV55|A0A7J6FV55_CANSA	A0A481SFW3	36.5	74	134	444	1.78e-10	54.7	54.5	16.7
tr|A0A7J6FV55|A0A7J6FV55_CANSA	A0A5E4B1S8	36.0	75	134	444	1.78e-10	54.7	54.5	16.7
tr|A0A7J6FV55|A0A7J6FV55_CANSA	A0A6P3QLI8	31.4	102	134	444	1.78e-10	54.7	75.4	20.3
tr|A0A7J6FV55|A0A7J6FV55_CANSA	A0A8C3YP80	32.3	96	134	444	1.78e-10	54.7	70.9	20.7
tr|A0A7J6FV55|A0A7J6FV55_CANSA	A0AAD4Y1H9	36.5	74	134	444	1.78e-10	54.7	54.5	16.7
tr|A0A7J6FV55|A0A7J6FV55_CANSA	A0AC58R0G0	31.0	100	134	444	1.78e-10	54.7	73.9	19.8
tr|A0A7J6FV55|A0A7J6FV55_CANSA	A0ACB9U9D1	36.5	74	134	444	1.78e-10	54.7	54.5	16.7
tr|A0A7J6FV55|A0A7J6FV55_CANSA	A0ACI6R8K8	36.5	74	134	444	1.78e-10	54.7	54.5	16.7
tr|A0A7J6FV55|A0A7J6FV55_CANSA	I3MN09	36.0	75	134	444	1.78e-10	54.7	54.5	16.7
tr|A0A7J6FV55|A0A7J6FV55_CANSA	A0A5N4DLW8	31.0	100	134	459	1.79e-10	54.7	73.9	19.2
tr|A0A7J6FV55|A0A7J6FV55_CANSA	A0A7J7RH08	29.0	100	134	279	1.93e-10	54.3	73.9	31.5
tr|A0A7J6FV55|A0A7J6FV55_CANSA	A0A6P6H6F8	35.1	74	134	299	2.06e-10	54.3	54.5	24.7
tr|A0A7J6FV55|A0A7J6FV55_CANSA	A0A6J1Y9U7	35.1	74	134	398	2.36e-10	54.3	54.5	18.6
tr|A0A7J6FV55|A0A7J6FV55_CANSA	A0A9V1DYJ1	35.1	74	134	398	2.36e-10	54.3	54.5	18.6
tr|A0A7J6FV55|A0A7J6FV55_CANSA	A0A8C5W438	30.0	100	134	427	2.40e-10	54.3	73.9	20.6
tr|A0A7J6FV55|A0A7J6FV55_CANSA	A0A3Q2HMZ7	37.1	70	134	432	2.41e-10	54.3	51.5	16.2
tr|A0A7J6FV55|A0A7J6FV55_CANSA	A0A8C4LS91	37.1	70	134	432	2.41e-10	54.3	51.5	16.2
tr|A0A7J6FV55|A0A7J6FV55_CANSA	A0A1U7U4P0	30.7	101	134	444	2.42e-10	54.3	73.9	19.8
tr|A0A7J6FV55|A0A7J6FV55_CANSA	A0A485NIT7	35.1	74	134	444	2.42e-10	54.3	54.5	16.7
tr|A0A7J6FV55|A0A7J6FV55_CANSA	A0A667I757	35.1	74	134	444	2.42e-10	54.3	54.5	16.7
tr|A0A7J6FV55|A0A7J6FV55_CANSA	A0A6J1Y9S1	35.1	74	134	444	2.42e-10	54.3	54.5	16.7
tr|A0A7J6FV55|A0A7J6FV55_CANSA	A0A6J3BQ89	31.0	100	134	444	2.42e-10	54.3	73.9	19.8
tr|A0A7J6FV55|A0A7J6FV55_CANSA	A0A7J7RH61	29.0	100	134	444	2.42e-10	54.3	73.9	19.8
tr|A0A7J6FV55|A0A7J6FV55_CANSA	A0A8C8WZ21	35.1	74	134	444	2.42e-10	54.3	54.5	16.7
tr|A0A7J6FV55|A0A7J6FV55_CANSA	A0A9W2VB67	35.1	74	134	444	2.42e-10	54.3	54.5	16.7
tr|A0A7J6FV55|A0A7J6FV55_CANSA	A0ABI7ZRS6	35.1	74	134	444	2.42e-10	54.3	54.5	16.7
tr|A0A7J6FV55|A0A7J6FV55_CANSA	A0A667HQU3	35.1	74	134	452	2.43e-10	54.3	54.5	16.4
tr|A0A7J6FV55|A0A7J6FV55_CANSA	A0ACF8K989	42.3	52	134	224	2.65e-10	53.5	38.8	23.2
tr|A0A7J6FV55|A0A7J6FV55_CANSA	A0A7J8GYM1	42.3	52	134	386	3.20e-10	53.9	38.8	13.5
tr|A0A7J6FV55|A0A7J6FV55_CANSA	A0A7J8GYE7	42.3	52	134	444	3.30e-10	53.9	38.8	11.7
tr|A0A7J6FV55|A0A7J6FV55_CANSA	A0A8B8Y3A2	31.0	100	134	444	3.30e-10	53.9	73.9	19.8
tr|A0A7J6FV55|A0A7J6FV55_CANSA	A0AA40HR57	30.0	100	134	444	3.30e-10	53.9	73.9	19.8
tr|A0A7J6FV55|A0A7J6FV55_CANSA	A0ABM3U182	31.0	100	134	444	3.30e-10	53.9	73.9	19.8
tr|A0A7J6FV55|A0A7J6FV55_CANSA	G3SV00	30.4	102	134	447	3.31e-10	53.9	75.4	20.1
tr|A0A7J6FV55|A0A7J6FV55_CANSA	A0ACB9UWW7	42.3	52	134	106	3.49e-10	51.2	38.8	49.1
tr|A0A7J6FV55|A0A7J6FV55_CANSA	A0AAW0HMZ6	44.2	52	134	318	4.02e-10	53.5	38.8	16.4
tr|A0A7J6FV55|A0A7J6FV55_CANSA	A0A140TAE1	44.2	52	134	386	4.35e-10	53.5	38.8	13.5
tr|A0A7J6FV55|A0A7J6FV55_CANSA	A0A096N608	42.3	52	134	409	4.42e-10	53.5	38.8	12.7
tr|A0A7J6FV55|A0A7J6FV55_CANSA	A0A1D5QW98	42.3	52	134	409	4.42e-10	53.5	38.8	12.7
tr|A0A7J6FV55|A0A7J6FV55_CANSA	A0A2K5U5T7	42.3	52	134	409	4.42e-10	53.5	38.8	12.7
tr|A0A7J6FV55|A0A7J6FV55_CANSA	A0A2K5ZTN0	42.3	52	134	409	4.42e-10	53.5	38.8	12.7
tr|A0A7J6FV55|A0A7J6FV55_CANSA	A0A8I5ZWZ8	44.2	52	134	410	4.42e-10	53.5	38.8	12.7
tr|A0A7J6FV55|A0A7J6FV55_CANSA	A0A2K5ZTJ1	42.3	52	134	422	4.45e-10	53.5	38.8	12.3
tr|A0A7J6FV55|A0A7J6FV55_CANSA	A0ABQ0FSE9	44.2	52	134	426	4.46e-10	53.5	38.8	12.2
tr|A0A7J6FV55|A0A7J6FV55_CANSA	A0A8C6I4C1	44.2	52	134	434	4.47e-10	53.5	38.8	12.0
tr|A0A7J6FV55|A0A7J6FV55_CANSA	A0A2K5ZTD4	42.3	52	134	437	4.48e-10	53.5	38.8	11.9
tr|A0A7J6FV55|A0A7J6FV55_CANSA	A0A8C6D993	30.0	100	134	443	4.49e-10	53.5	73.9	19.9
tr|A0A7J6FV55|A0A7J6FV55_CANSA	A0A0D9R2C8	42.3	52	134	444	4.50e-10	53.5	38.8	11.7
tr|A0A7J6FV55|A0A7J6FV55_CANSA	A0A2K5KFD0	42.3	52	134	444	4.50e-10	53.5	38.8	11.7
tr|A0A7J6FV55|A0A7J6FV55_CANSA	A0A2K5NWS9	42.3	52	134	444	4.50e-10	53.5	38.8	11.7
tr|A0A7J6FV55|A0A7J6FV55_CANSA	A0A2K6D4T4	42.3	52	134	444	4.50e-10	53.5	38.8	11.7
tr|A0A7J6FV55|A0A7J6FV55_CANSA	A0A2K6MTW7	42.3	52	134	444	4.50e-10	53.5	38.8	11.7
tr|A0A7J6FV55|A0A7J6FV55_CANSA	A0A2K6QZH9	42.3	52	134	444	4.50e-10	53.5	38.8	11.7
tr|A0A7J6FV55|A0A7J6FV55_CANSA	A0A2Y9JS87	35.1	74	134	444	4.50e-10	53.5	54.5	16.7
tr|A0A7J6FV55|A0A7J6FV55_CANSA	A0A6I9MEG9	44.2	52	134	444	4.50e-10	53.5	38.8	11.7
tr|A0A7J6FV55|A0A7J6FV55_CANSA	A0A6J0ZEQ7	30.0	100	134	444	4.50e-10	53.5	73.9	19.8
tr|A0A7J6FV55|A0A7J6FV55_CANSA	A0A6P3FJ34	30.7	101	134	444	4.50e-10	53.5	73.9	19.8
tr|A0A7J6FV55|A0A7J6FV55_CANSA	A0A6P5P6I7	44.2	52	134	444	4.50e-10	53.5	38.8	11.7
tr|A0A7J6FV55|A0A7J6FV55_CANSA	A0A8B7VPM7	35.1	74	134	444	4.50e-10	53.5	54.5	16.7
tr|A0A7J6FV55|A0A7J6FV55_CANSA	A0A8C6I4F4	44.2	52	134	444	4.50e-10	53.5	38.8	11.7
tr|A0A7J6FV55|A0A7J6FV55_CANSA	A0A8C6R659	44.2	52	134	444	4.50e-10	53.5	38.8	11.7
tr|A0A7J6FV55|A0A7J6FV55_CANSA	A0A8C9GT53	42.3	52	134	444	4.50e-10	53.5	38.8	11.7
tr|A0A7J6FV55|A0A7J6FV55_CANSA	A0A8D2FBF1	42.3	52	134	444	4.50e-10	53.5	38.8	11.7
tr|A0A7J6FV55|A0A7J6FV55_CANSA	A0ABN8YZR8	30.0	100	134	444	4.50e-10	53.5	73.9	19.8
tr|A0A7J6FV55|A0A7J6FV55_CANSA	A0ACF6GY87	44.2	52	134	444	4.50e-10	53.5	38.8	11.7
tr|A0A7J6FV55|A0A7J6FV55_CANSA	A0ACF8I8R0	42.3	52	134	444	4.50e-10	53.5	38.8	11.7
tr|A0A7J6FV55|A0A7J6FV55_CANSA	A0ACF8NVM1	42.3	52	134	444	4.50e-10	53.5	38.8	11.7
tr|A0A7J6FV55|A0A7J6FV55_CANSA	F6YUF6	42.3	52	134	444	4.50e-10	53.5	38.8	11.7
tr|A0A7J6FV55|A0A7J6FV55_CANSA	H9G216	42.3	52	134	444	4.50e-10	53.5	38.8	11.7
tr|A0A7J6FV55|A0A7J6FV55_CANSA	A0A1D5Q079	42.3	52	134	457	4.52e-10	53.5	38.8	11.4
tr|A0A7J6FV55|A0A7J6FV55_CANSA	A0A7N9CBC3	42.3	52	134	457	4.52e-10	53.5	38.8	11.4
tr|A0A7J6FV55|A0A7J6FV55_CANSA	A0ABM4HDD4	30.0	100	134	472	4.55e-10	53.5	73.9	18.6
tr|A0A7J6FV55|A0A7J6FV55_CANSA	A0AAU9ZLW5	44.2	52	134	386	5.93e-10	53.1	38.8	13.5
tr|A0A7J6FV55|A0A7J6FV55_CANSA	A0AAX6SEX2	42.3	52	134	397	5.97e-10	53.1	38.8	13.1
tr|A0A7J6FV55|A0A7J6FV55_CANSA	A0AAX6QFU4	42.3	52	134	436	6.10e-10	53.1	38.8	11.9
tr|A0A7J6FV55|A0A7J6FV55_CANSA	A0A0P6J9I4	42.3	52	134	443	6.12e-10	53.1	38.8	11.7
tr|A0A7J6FV55|A0A7J6FV55_CANSA	A0A1U7Q654	44.2	52	134	444	6.12e-10	53.1	38.8	11.7
tr|A0A7J6FV55|A0A7J6FV55_CANSA	A0A7J7FD96	42.3	52	134	444	6.12e-10	53.1	38.8	11.7
tr|A0A7J6FV55|A0A7J6FV55_CANSA	A0A8C2M1T6	44.2	52	134	444	6.12e-10	53.1	38.8	11.7
tr|A0A7J6FV55|A0A7J6FV55_CANSA	A0AAU9ZP26	44.2	52	134	444	6.12e-10	53.1	38.8	11.7
tr|A0A7J6FV55|A0A7J6FV55_CANSA	A0ABM0I036	42.3	52	134	444	6.12e-10	53.1	38.8	11.7
tr|A0A7J6FV55|A0A7J6FV55_CANSA	G3R9J3	42.3	52	134	255	6.14e-10	52.8	38.8	20.4
tr|A0A7J6FV55|A0A7J6FV55_CANSA	A0AAX6SE18	42.3	52	134	472	6.20e-10	53.1	38.8	11.0
tr|A0A7J6FV55|A0A7J6FV55_CANSA	A0AAX6SFR9	42.3	52	134	479	6.21e-10	53.1	38.8	10.9
tr|A0A7J6FV55|A0A7J6FV55_CANSA	A0ACI8TB36	42.3	52	134	344	7.78e-10	52.8	38.8	15.1
tr|A0A7J6FV55|A0A7J6FV55_CANSA	L5KQ77	30.4	102	134	379	8.04e-10	52.8	75.4	23.7
tr|A0A7J6FV55|A0A7J6FV55_CANSA	A0A6J3RQR0	30.0	100	134	398	8.14e-10	52.8	73.9	22.1
tr|A0A7J6FV55|A0A7J6FV55_CANSA	A0ACI8RCU9	42.3	52	134	398	8.14e-10	52.8	38.8	13.1
tr|A0A7J6FV55|A0A7J6FV55_CANSA	A0ACI8QW41	42.3	52	134	402	8.16e-10	52.8	38.8	12.9
tr|A0A7J6FV55|A0A7J6FV55_CANSA	A0ACI8TAX1	42.3	52	134	402	8.16e-10	52.8	38.8	12.9
tr|A0A7J6FV55|A0A7J6FV55_CANSA	A0A8C9CKS5	30.0	100	134	410	8.20e-10	52.8	73.9	21.5
tr|A0A7J6FV55|A0A7J6FV55_CANSA	A0ACI8TA36	42.3	52	134	422	8.25e-10	52.8	38.8	12.3
tr|A0A7J6FV55|A0A7J6FV55_CANSA	A0A340XT28	30.0	100	134	424	8.26e-10	52.8	73.9	20.8
tr|A0A7J6FV55|A0A7J6FV55_CANSA	A0A340XSB0	30.0	100	134	427	8.27e-10	52.8	73.9	20.6
tr|A0A7J6FV55|A0A7J6FV55_CANSA	A0ACI8TA33	42.3	52	134	443	8.33e-10	52.8	38.8	11.7
tr|A0A7J6FV55|A0A7J6FV55_CANSA	A0A2R9BKZ6	42.3	52	134	444	8.34e-10	52.8	38.8	11.7
tr|A0A7J6FV55|A0A7J6FV55_CANSA	A0A2Y9PVZ8	30.0	100	134	444	8.34e-10	52.8	73.9	19.8
tr|A0A7J6FV55|A0A7J6FV55_CANSA	A0A340XLC4	30.0	100	134	444	8.34e-10	52.8	73.9	19.8
tr|A0A7J6FV55|A0A7J6FV55_CANSA	A0A341BRA6	30.0	100	134	444	8.34e-10	52.8	73.9	19.8
tr|A0A7J6FV55|A0A7J6FV55_CANSA	A0A6J3RQ21	30.0	100	134	444	8.34e-10	52.8	73.9	19.8
tr|A0A7J6FV55|A0A7J6FV55_CANSA	A0A8C6C1G1	30.0	100	134	444	8.34e-10	52.8	73.9	19.8
tr|A0A7J6FV55|A0A7J6FV55_CANSA	A0A8C9CC49	30.0	100	134	444	8.34e-10	52.8	73.9	19.8
tr|A0A7J6FV55|A0A7J6FV55_CANSA	A0ACM8R4S8	42.3	52	134	444	8.34e-10	52.8	38.8	11.7
tr|A0A7J6FV55|A0A7J6FV55_CANSA	H2Q3U8	42.3	52	134	444	8.34e-10	52.8	38.8	11.7
tr|A0A7J6FV55|A0A7J6FV55_CANSA	K7BG07	42.3	52	134	444	8.34e-10	52.8	38.8	11.7
tr|A0A7J6FV55|A0A7J6FV55_CANSA	A0ACI8TAQ9	42.3	52	134	452	8.37e-10	52.8	38.8	11.5
tr|A0A7J6FV55|A0A7J6FV55_CANSA	A0A7J8EQ12	40.8	49	134	265	8.83e-10	52.4	36.6	18.5
tr|A0A7J6FV55|A0A7J6FV55_CANSA	A0A7J8EQ56	40.8	49	134	390	1.10e-09	52.4	36.6	12.6
tr|A0A7J6FV55|A0A7J6FV55_CANSA	A0A8C9AGB6	30.0	100	134	444	1.14e-09	52.4	73.9	19.8
tr|A0A7J6FV55|A0A7J6FV55_CANSA	A0A8J8YDV0	29.7	101	134	444	1.14e-09	52.4	73.9	19.8
tr|A0A7J6FV55|A0A7J6FV55_CANSA	A0A9B0U7Q0	40.4	52	134	444	1.14e-09	52.4	38.8	11.7
tr|A0A7J6FV55|A0A7J6FV55_CANSA	U3EAX4	29.7	101	134	444	1.14e-09	52.4	73.9	19.8
tr|A0A7J6FV55|A0A7J6FV55_CANSA	A0ABM0LNH9	42.3	52	134	444	1.55e-09	52.0	38.8	11.7
tr|A0A7J6FV55|A0A7J6FV55_CANSA	A0A0U3TC30	40.4	52	134	444	2.11e-09	51.6	38.8	11.7
tr|A0A7J6FV55|A0A7J6FV55_CANSA	G1SJU8	40.4	52	134	444	2.11e-09	51.6	38.8	11.7
tr|A0A7J6FV55|A0A7J6FV55_CANSA	A0ACI6S0X0	42.3	52	134	424	2.84e-09	51.2	38.8	12.3
tr|A0A7J6FV55|A0A7J6FV55_CANSA	A0A2K6UA82	40.4	52	134	444	2.87e-09	51.2	38.8	11.7
tr|A0A7J6FV55|A0A7J6FV55_CANSA	A0A1S3G6I7	40.4	52	134	447	2.87e-09	51.2	38.8	11.6
tr|A0A7J6FV55|A0A7J6FV55_CANSA	A0A5G2QYW5	40.4	52	134	407	3.83e-09	50.8	38.8	12.8
tr|A0A7J6FV55|A0A7J6FV55_CANSA	A0A8D0VQW6	42.9	49	134	307	4.75e-09	50.4	36.6	16.0
tr|A0A7J6FV55|A0A7J6FV55_CANSA	A0A4X2K3C7	29.6	135	134	446	5.32e-09	50.4	92.5	29.1
tr|A0A7J6FV55|A0A7J6FV55_CANSA	A0A6P5IRF7	30.1	136	134	446	5.32e-09	50.4	92.5	29.1
tr|A0A7J6FV55|A0A7J6FV55_CANSA	H0WQ14	40.4	52	134	447	5.32e-09	50.4	38.8	11.6
tr|A0A7J6FV55|A0A7J6FV55_CANSA	A0A4X2K0X7	29.6	135	134	478	5.39e-09	50.4	92.5	27.2
tr|A0A7J6FV55|A0A7J6FV55_CANSA	F6YXC7	28.9	135	134	224	6.55e-09	49.7	92.5	58.0
tr|A0A7J6FV55|A0A7J6FV55_CANSA	A0A8I6A6F8	42.9	49	134	407	7.11e-09	50.1	36.6	12.0
tr|A0A7J6FV55|A0A7J6FV55_CANSA	A0A2K5EUF8	40.4	52	134	444	7.24e-09	50.1	38.8	11.7
tr|A0A7J6FV55|A0A7J6FV55_CANSA	A0A2K5PNC7	40.4	52	134	444	7.24e-09	50.1	38.8	11.7
tr|A0A7J6FV55|A0A7J6FV55_CANSA	A0A6J3IAN6	40.4	52	134	444	7.24e-09	50.1	38.8	11.7
tr|A0A7J6FV55|A0A7J6FV55_CANSA	A0ACI8RTL1	29.1	117	134	307	8.84e-09	49.7	76.1	36.5
tr|A0A7J6FV55|A0A7J6FV55_CANSA	A0ABQ9UTF0	38.8	49	134	151	1.14e-08	48.1	36.6	32.5
tr|A0A7J6FV55|A0A7J6FV55_CANSA	A0A8C9PAG7	36.8	68	134	368	1.29e-08	49.3	49.3	18.2
tr|A0A7J6FV55|A0A7J6FV55_CANSA	A0A6I8N7H0	34.7	75	134	402	1.31e-08	49.3	54.5	18.4
tr|A0A7J6FV55|A0A7J6FV55_CANSA	A0A3Q2L545	40.8	49	134	407	1.32e-08	49.3	36.6	12.0
tr|A0A7J6FV55|A0A7J6FV55_CANSA	A0A8I5TZB8	40.8	49	134	407	1.32e-08	49.3	36.6	12.0
tr|A0A7J6FV55|A0A7J6FV55_CANSA	A0A5N3XHK2	34.2	76	134	411	1.32e-08	49.3	56.0	18.5
tr|A0A7J6FV55|A0A7J6FV55_CANSA	A0A6I8NAX3	34.7	75	134	444	1.34e-08	49.3	54.5	16.7
tr|A0A7J6FV55|A0A7J6FV55_CANSA	A0ACI6Q519	40.8	49	134	407	1.79e-08	48.9	36.6	12.0
tr|A0A7J6FV55|A0A7J6FV55_CANSA	A0A811XXW4	39.2	51	134	602	1.92e-08	48.9	38.1	8.5
tr|A0A7J6FV55|A0A7J6FV55_CANSA	A0ABM4HDC7	38.8	49	134	435	6.24e-08	47.4	36.6	11.3
tr|A0A7J6FV55|A0A7J6FV55_CANSA	A0A8B7KGW4	38.5	52	134	207	1.03e-07	46.2	38.8	25.1
tr|A0A7J6FV55|A0A7J6FV55_CANSA	A0A5N4E140	38.5	52	134	239	1.67e-07	45.8	38.8	21.8
tr|A0A7J6FV55|A0A7J6FV55_CANSA	A0A6I8N6K6	38.8	49	134	407	2.87e-07	45.4	36.6	12.0
tr|A0A7J6FV55|A0A7J6FV55_CANSA	G1Q9U6	46.5	43	134	201	1.26e-06	43.1	32.1	20.9
tr|A0A7J6FV55|A0A7J6FV55_CANSA	A0A1S3G0K3	37.7	53	134	494	3.49e-06	42.4	38.8	10.7
tr|A0A7J6GNJ4|A0A7J6GNJ4_CANSA	A0A7J7RTY1	38.4	73	135	263	5.18e-11	55.8	52.6	27.4
tr|A0A7J6GNJ4|A0A7J6GNJ4_CANSA	A0A7J7RTH3	38.4	73	135	386	7.00e-11	55.8	52.6	18.7
tr|A0A7J6GNJ4|A0A7J6GNJ4_CANSA	A0A7J7RTC3	38.4	73	135	444	7.25e-11	55.8	52.6	16.2
tr|A0A7J6GNJ4|A0A7J6GNJ4_CANSA	A0A673TLX2	33.8	74	135	444	1.83e-10	54.7	54.1	16.7
tr|A0A7J6GNJ4|A0A7J6GNJ4_CANSA	A0ABP0AGF8	37.0	73	135	444	2.49e-10	54.3	52.6	16.2
tr|A0A7J6GNJ4|A0A7J6GNJ4_CANSA	A0A8C5L4Y9	38.5	52	135	444	3.40e-10	53.9	38.5	11.7
tr|A0A7J6GNJ4|A0A7J6GNJ4_CANSA	D2HUF7	31.3	83	135	444	3.40e-10	53.9	59.3	18.7
tr|A0A7J6GNJ4|A0A7J6GNJ4_CANSA	A0A7N5KQ70	31.3	83	135	488	3.46e-10	53.9	59.3	17.0
tr|A0A7J6GNJ4|A0A7J6GNJ4_CANSA	A0A7N5KRR1	31.3	83	135	682	3.64e-10	53.9	59.3	12.2
tr|A0A7J6GNJ4|A0A7J6GNJ4_CANSA	A0A452QWW6	31.9	72	135	318	4.14e-10	53.5	52.6	22.6
tr|A0A7J6GNJ4|A0A7J6GNJ4_CANSA	A0AAX6SEX2	40.0	50	135	397	4.51e-10	53.5	37.0	12.6
tr|A0A7J6GNJ4|A0A7J6GNJ4_CANSA	A0AAX6QFU4	40.0	50	135	436	4.61e-10	53.5	37.0	11.5
tr|A0A7J6GNJ4|A0A7J6GNJ4_CANSA	A0A0P6J9I4	40.0	50	135	443	4.62e-10	53.5	37.0	11.3
tr|A0A7J6GNJ4|A0A7J6GNJ4_CANSA	A0A2Y9DZ14	33.8	74	135	444	4.63e-10	53.5	54.1	16.7
tr|A0A7J6GNJ4|A0A7J6GNJ4_CANSA	A0A8D2H2L7	40.4	52	135	444	4.63e-10	53.5	38.5	11.7
tr|A0A7J6GNJ4|A0A7J6GNJ4_CANSA	A0A8M1GUG8	31.9	72	135	444	4.63e-10	53.5	52.6	16.2
tr|A0A7J6GNJ4|A0A7J6GNJ4_CANSA	A0AAX6SE18	40.0	50	135	472	4.68e-10	53.5	37.0	10.6
tr|A0A7J6GNJ4|A0A7J6GNJ4_CANSA	A0AAX6SFR9	40.0	50	135	479	4.69e-10	53.5	37.0	10.4
tr|A0A7J6GNJ4|A0A7J6GNJ4_CANSA	A0A8C6R659	38.5	52	135	444	6.30e-10	53.1	38.5	11.7
tr|A0A7J6GNJ4|A0A7J6GNJ4_CANSA	A0ABM0S421	31.1	74	135	444	6.30e-10	53.1	54.1	16.7
tr|A0A7J6GNJ4|A0A7J6GNJ4_CANSA	A0A1A6FYU7	40.0	50	135	181	6.46e-10	52.0	37.0	27.6
tr|A0A7J6GNJ4|A0A7J6GNJ4_CANSA	A0A7J7RHE6	29.7	74	135	211	8.86e-10	52.0	54.1	35.1
tr|A0A7J6GNJ4|A0A7J6GNJ4_CANSA	A0A8J5ZV45	32.0	75	135	633	9.09e-10	52.8	54.1	11.7
tr|A0A7J6GNJ4|A0A7J6GNJ4_CANSA	A0ACF8K989	36.5	52	135	224	9.85e-10	52.0	38.5	23.2
tr|A0A7J6GNJ4|A0A7J6GNJ4_CANSA	A0A287BJC4	38.5	52	135	402	1.14e-09	52.4	38.5	12.9
tr|A0A7J6GNJ4|A0A7J6GNJ4_CANSA	A0A9L0R8Q0	31.1	74	135	402	1.14e-09	52.4	54.1	18.4
tr|A0A7J6GNJ4|A0A7J6GNJ4_CANSA	A0A8C4LLG8	31.1	74	135	410	1.15e-09	52.4	54.1	18.0
tr|A0A7J6GNJ4|A0A7J6GNJ4_CANSA	F6SIL5	31.1	74	135	410	1.15e-09	52.4	54.1	18.0
tr|A0A7J6GNJ4|A0A7J6GNJ4_CANSA	F1RKS7	38.5	52	135	427	1.16e-09	52.4	38.5	12.2
tr|A0A7J6GNJ4|A0A7J6GNJ4_CANSA	A0A8C5YNB8	36.5	52	135	436	1.16e-09	52.4	38.5	11.9
tr|A0A7J6GNJ4|A0A7J6GNJ4_CANSA	A0A5E4B1S8	36.5	52	135	444	1.17e-09	52.4	38.5	11.7
tr|A0A7J6GNJ4|A0A7J6GNJ4_CANSA	A0ABM4JZQ6	31.1	74	135	444	1.17e-09	52.4	54.1	16.7
tr|A0A7J6GNJ4|A0A7J6GNJ4_CANSA	D2XT13	38.5	52	135	444	1.17e-09	52.4	38.5	11.7
tr|A0A7J6GNJ4|A0A7J6GNJ4_CANSA	I3MN09	36.5	52	135	444	1.17e-09	52.4	38.5	11.7
tr|A0A7J6GNJ4|A0A7J6GNJ4_CANSA	A0A7N4NYQ1	43.1	51	135	446	1.17e-09	52.4	37.8	11.4
tr|A0A7J6GNJ4|A0A7J6GNJ4_CANSA	A0A9L0S1H2	31.1	74	135	460	1.18e-09	52.4	54.1	16.1
tr|A0A7J6GNJ4|A0A7J6GNJ4_CANSA	A0A9L0RMC9	31.1	74	135	469	1.18e-09	52.4	54.1	15.8
tr|A0A7J6GNJ4|A0A7J6GNJ4_CANSA	A0A7N4PD85	43.1	51	135	488	1.19e-09	52.4	37.8	10.5
tr|A0A7J6GNJ4|A0A7J6GNJ4_CANSA	A0A3Q2HPL9	31.1	74	135	490	1.19e-09	52.4	54.1	15.1
tr|A0A7J6GNJ4|A0A7J6GNJ4_CANSA	A0A7N4PCZ6	43.1	51	135	513	1.20e-09	52.4	37.8	9.9
tr|A0A7J6GNJ4|A0A7J6GNJ4_CANSA	A0A7J7RH08	29.7	74	135	279	1.31e-09	52.0	54.1	26.5
tr|A0A7J6GNJ4|A0A7J6GNJ4_CANSA	A0AAW0HMZ6	40.0	50	135	318	1.43e-09	52.0	37.0	15.7
tr|A0A7J6GNJ4|A0A7J6GNJ4_CANSA	A0A140TAE1	40.0	50	135	386	1.54e-09	52.0	37.0	13.0
tr|A0A7J6GNJ4|A0A7J6GNJ4_CANSA	A0ABM0J532	29.7	74	135	386	1.54e-09	52.0	54.1	19.2
tr|A0A7J6GNJ4|A0A7J6GNJ4_CANSA	A0A8B7A5H7	31.1	74	135	398	1.55e-09	52.0	54.1	18.6
tr|A0A7J6GNJ4|A0A7J6GNJ4_CANSA	A0A096N608	36.5	52	135	409	1.56e-09	52.0	38.5	12.7
tr|A0A7J6GNJ4|A0A7J6GNJ4_CANSA	A0A1D5QW98	36.5	52	135	409	1.56e-09	52.0	38.5	12.7
tr|A0A7J6GNJ4|A0A7J6GNJ4_CANSA	A0A2K5U5T7	36.5	52	135	409	1.56e-09	52.0	38.5	12.7
tr|A0A7J6GNJ4|A0A7J6GNJ4_CANSA	A0A2K5ZTN0	36.5	52	135	409	1.56e-09	52.0	38.5	12.7
tr|A0A7J6GNJ4|A0A7J6GNJ4_CANSA	A0A8I5ZWZ8	40.0	50	135	410	1.56e-09	52.0	37.0	12.2
tr|A0A7J6GNJ4|A0A7J6GNJ4_CANSA	A0A2K5ZTJ1	36.5	52	135	422	1.57e-09	52.0	38.5	12.3
tr|A0A7J6GNJ4|A0A7J6GNJ4_CANSA	A0ABQ0FSE9	40.0	50	135	426	1.58e-09	52.0	37.0	11.7
tr|A0A7J6GNJ4|A0A7J6GNJ4_CANSA	A0A8C6I4C1	40.0	50	135	434	1.58e-09	52.0	37.0	11.5
tr|A0A7J6GNJ4|A0A7J6GNJ4_CANSA	A0A2K5ZTD4	36.5	52	135	437	1.59e-09	52.0	38.5	11.9
tr|A0A7J6GNJ4|A0A7J6GNJ4_CANSA	A0A0D9R2C8	36.5	52	135	444	1.59e-09	52.0	38.5	11.7
tr|A0A7J6GNJ4|A0A7J6GNJ4_CANSA	A0A2K5KFD0	36.5	52	135	444	1.59e-09	52.0	38.5	11.7
tr|A0A7J6GNJ4|A0A7J6GNJ4_CANSA	A0A2K5NWS9	36.5	52	135	444	1.59e-09	52.0	38.5	11.7
tr|A0A7J6GNJ4|A0A7J6GNJ4_CANSA	A0A2K6D4T4	36.5	52	135	444	1.59e-09	52.0	38.5	11.7
tr|A0A7J6GNJ4|A0A7J6GNJ4_CANSA	A0A2K6MTW7	36.5	52	135	444	1.59e-09	52.0	38.5	11.7
tr|A0A7J6GNJ4|A0A7J6GNJ4_CANSA	A0A2K6QZH9	36.5	52	135	444	1.59e-09	52.0	38.5	11.7
tr|A0A7J6GNJ4|A0A7J6GNJ4_CANSA	A0A6I9MEG9	40.0	50	135	444	1.59e-09	52.0	37.0	11.3
tr|A0A7J6GNJ4|A0A7J6GNJ4_CANSA	A0A6P5P6I7	40.0	50	135	444	1.59e-09	52.0	37.0	11.3
tr|A0A7J6GNJ4|A0A7J6GNJ4_CANSA	A0A7J7RH61	29.7	74	135	444	1.59e-09	52.0	54.1	16.7
tr|A0A7J6GNJ4|A0A7J6GNJ4_CANSA	A0A8B7VPM7	36.5	52	135	444	1.59e-09	52.0	38.5	11.7
tr|A0A7J6GNJ4|A0A7J6GNJ4_CANSA	A0A8C6I4F4	40.0	50	135	444	1.59e-09	52.0	37.0	11.3
tr|A0A7J6GNJ4|A0A7J6GNJ4_CANSA	A0A8C9AGB6	39.3	61	135	444	1.59e-09	52.0	43.7	13.7
tr|A0A7J6GNJ4|A0A7J6GNJ4_CANSA	A0A8C9GT53	36.5	52	135	444	1.59e-09	52.0	38.5	11.7
tr|A0A7J6GNJ4|A0A7J6GNJ4_CANSA	A0A8D2FBF1	36.5	52	135	444	1.59e-09	52.0	38.5	11.7
tr|A0A7J6GNJ4|A0A7J6GNJ4_CANSA	A0ACF6GY87	40.0	50	135	444	1.59e-09	52.0	37.0	11.3
tr|A0A7J6GNJ4|A0A7J6GNJ4_CANSA	A0ACF8I8R0	36.5	52	135	444	1.59e-09	52.0	38.5	11.7
tr|A0A7J6GNJ4|A0A7J6GNJ4_CANSA	A0ACF8NVM1	36.5	52	135	444	1.59e-09	52.0	38.5	11.7
tr|A0A7J6GNJ4|A0A7J6GNJ4_CANSA	F6YUF6	36.5	52	135	444	1.59e-09	52.0	38.5	11.7
tr|A0A7J6GNJ4|A0A7J6GNJ4_CANSA	H9G216	36.5	52	135	444	1.59e-09	52.0	38.5	11.7
tr|A0A7J6GNJ4|A0A7J6GNJ4_CANSA	L8Y1X2	31.1	74	135	453	1.60e-09	52.0	54.1	16.3
tr|A0A7J6GNJ4|A0A7J6GNJ4_CANSA	A0A1D5Q079	36.5	52	135	457	1.60e-09	52.0	38.5	11.4
tr|A0A7J6GNJ4|A0A7J6GNJ4_CANSA	A0A7N9CBC3	36.5	52	135	457	1.60e-09	52.0	38.5	11.4
tr|A0A7J6GNJ4|A0A7J6GNJ4_CANSA	A0A7F8QKG8	36.5	52	135	252	1.61e-09	51.6	38.5	20.6
tr|A0A7J6GNJ4|A0A7J6GNJ4_CANSA	A0A7F8QHJ6	36.5	52	135	294	1.87e-09	51.6	38.5	17.7
tr|A0A7J6GNJ4|A0A7J6GNJ4_CANSA	A0A6P6H6F8	36.5	52	135	299	1.89e-09	51.6	38.5	17.4
tr|A0A7J6GNJ4|A0A7J6GNJ4_CANSA	A0AAU9ZLW5	40.0	50	135	386	2.10e-09	51.6	37.0	13.0
tr|A0A7J6GNJ4|A0A7J6GNJ4_CANSA	A0A6J1Y9U7	36.5	52	135	398	2.11e-09	51.6	38.5	13.1
tr|A0A7J6GNJ4|A0A7J6GNJ4_CANSA	A0A9V1DYJ1	36.5	52	135	398	2.11e-09	51.6	38.5	13.1
tr|A0A7J6GNJ4|A0A7J6GNJ4_CANSA	A0A2Y9GPL9	36.5	52	135	402	2.12e-09	51.6	38.5	12.9
tr|A0A7J6GNJ4|A0A7J6GNJ4_CANSA	A0A3Q2HMZ7	31.9	72	135	432	2.15e-09	51.6	52.6	16.7
tr|A0A7J6GNJ4|A0A7J6GNJ4_CANSA	A0A8C4LS91	31.9	72	135	432	2.15e-09	51.6	52.6	16.7
tr|A0A7J6GNJ4|A0A7J6GNJ4_CANSA	A0A8I3RWD0	31.9	72	135	442	2.16e-09	51.6	52.6	16.3
tr|A0A7J6GNJ4|A0A7J6GNJ4_CANSA	A0A1U7Q654	40.0	50	135	444	2.17e-09	51.6	37.0	11.3
tr|A0A7J6GNJ4|A0A7J6GNJ4_CANSA	A0A1U7U4P0	36.5	52	135	444	2.17e-09	51.6	38.5	11.7
tr|A0A7J6GNJ4|A0A7J6GNJ4_CANSA	A0A2K6FU00	37.7	61	135	444	2.17e-09	51.6	43.7	13.7
tr|A0A7J6GNJ4|A0A7J6GNJ4_CANSA	A0A2U3WMF1	36.5	52	135	444	2.17e-09	51.6	38.5	11.7
tr|A0A7J6GNJ4|A0A7J6GNJ4_CANSA	A0A2Y9GTG8	36.5	52	135	444	2.17e-09	51.6	38.5	11.7
tr|A0A7J6GNJ4|A0A7J6GNJ4_CANSA	A0A3Q7RBB5	31.3	83	135	444	2.17e-09	51.6	59.3	18.7
tr|A0A7J6GNJ4|A0A7J6GNJ4_CANSA	A0A485NIT7	36.5	52	135	444	2.17e-09	51.6	38.5	11.7
tr|A0A7J6GNJ4|A0A7J6GNJ4_CANSA	A0A667I757	36.5	52	135	444	2.17e-09	51.6	38.5	11.7
tr|A0A7J6GNJ4|A0A7J6GNJ4_CANSA	A0A671DRA6	31.1	74	135	444	2.17e-09	51.6	54.1	16.7
tr|A0A7J6GNJ4|A0A7J6GNJ4_CANSA	A0A6J1Y9S1	36.5	52	135	444	2.17e-09	51.6	38.5	11.7
tr|A0A7J6GNJ4|A0A7J6GNJ4_CANSA	A0A7J7FD96	36.5	52	135	444	2.17e-09	51.6	38.5	11.7
tr|A0A7J6GNJ4|A0A7J6GNJ4_CANSA	A0A8C0KGD9	31.9	72	135	444	2.17e-09	51.6	52.6	16.2
tr|A0A7J6GNJ4|A0A7J6GNJ4_CANSA	A0A8C2M1T6	40.0	50	135	444	2.17e-09	51.6	37.0	11.3
tr|A0A7J6GNJ4|A0A7J6GNJ4_CANSA	A0A8C7BV79	36.5	52	135	444	2.17e-09	51.6	38.5	11.7
tr|A0A7J6GNJ4|A0A7J6GNJ4_CANSA	A0A8C8WZ21	36.5	52	135	444	2.17e-09	51.6	38.5	11.7
tr|A0A7J6GNJ4|A0A7J6GNJ4_CANSA	A0A8D2B8T4	38.5	52	135	444	2.17e-09	51.6	38.5	11.7
tr|A0A7J6GNJ4|A0A7J6GNJ4_CANSA	A0A9W2VB67	36.5	52	135	444	2.17e-09	51.6	38.5	11.7
tr|A0A7J6GNJ4|A0A7J6GNJ4_CANSA	A0AA40HR57	31.9	72	135	444	2.17e-09	51.6	52.6	16.2
tr|A0A7J6GNJ4|A0A7J6GNJ4_CANSA	A0AA41T7J5	38.5	52	135	444	2.17e-09	51.6	38.5	11.7
tr|A0A7J6GNJ4|A0A7J6GNJ4_CANSA	A0AAU9ZP26	40.0	50	135	444	2.17e-09	51.6	37.0	11.3
tr|A0A7J6GNJ4|A0A7J6GNJ4_CANSA	A0ABI7ZRS6	36.5	52	135	444	2.17e-09	51.6	38.5	11.7
tr|A0A7J6GNJ4|A0A7J6GNJ4_CANSA	A0ABM0I036	36.5	52	135	444	2.17e-09	51.6	38.5	11.7
tr|A0A7J6GNJ4|A0A7J6GNJ4_CANSA	M3YRP0	36.5	52	135	444	2.17e-09	51.6	38.5	11.7
tr|A0A7J6GNJ4|A0A7J6GNJ4_CANSA	A0A1S3G6I7	38.0	50	135	447	2.17e-09	51.6	37.0	11.2
tr|A0A7J6GNJ4|A0A7J6GNJ4_CANSA	G3SV00	31.1	74	135	447	2.17e-09	51.6	54.1	16.6
tr|A0A7J6GNJ4|A0A7J6GNJ4_CANSA	A0A667HQU3	36.5	52	135	452	2.17e-09	51.6	38.5	11.5
tr|A0A7J6GNJ4|A0A7J6GNJ4_CANSA	G3R9J3	36.5	52	135	255	2.24e-09	51.2	38.5	20.4
tr|A0A7J6GNJ4|A0A7J6GNJ4_CANSA	A0ACI8TB36	36.5	52	135	344	2.76e-09	51.2	38.5	15.1
tr|A0A7J6GNJ4|A0A7J6GNJ4_CANSA	L5LCQ8	36.5	52	135	383	2.85e-09	51.2	38.5	13.6
tr|A0A7J6GNJ4|A0A7J6GNJ4_CANSA	A0A7J8ER13	31.1	74	135	386	2.86e-09	51.2	54.1	19.2
tr|A0A7J6GNJ4|A0A7J6GNJ4_CANSA	A0ACI8RCU9	36.5	52	135	398	2.88e-09	51.2	38.5	13.1
tr|A0A7J6GNJ4|A0A7J6GNJ4_CANSA	A0ACI8QW41	36.5	52	135	402	2.89e-09	51.2	38.5	12.9
tr|A0A7J6GNJ4|A0A7J6GNJ4_CANSA	A0ACI8TAX1	36.5	52	135	402	2.89e-09	51.2	38.5	12.9
tr|A0A7J6GNJ4|A0A7J6GNJ4_CANSA	A0ACI8TA36	36.5	52	135	422	2.92e-09	51.2	38.5	12.3
tr|A0A7J6GNJ4|A0A7J6GNJ4_CANSA	A0A6B0RMM1	31.9	72	135	427	2.92e-09	51.2	52.6	16.9
tr|A0A7J6GNJ4|A0A7J6GNJ4_CANSA	A0A8C5W438	36.5	52	135	427	2.92e-09	51.2	38.5	12.2
tr|A0A7J6GNJ4|A0A7J6GNJ4_CANSA	A0ACI8TA33	36.5	52	135	443	2.95e-09	51.2	38.5	11.7
tr|A0A7J6GNJ4|A0A7J6GNJ4_CANSA	A0A097P7B2	31.9	72	135	444	2.95e-09	51.2	52.6	16.2
tr|A0A7J6GNJ4|A0A7J6GNJ4_CANSA	A0A0U3TC30	37.3	51	135	444	2.95e-09	51.2	37.8	11.5
tr|A0A7J6GNJ4|A0A7J6GNJ4_CANSA	A0A2K6UA82	36.5	52	135	444	2.95e-09	51.2	38.5	11.7
tr|A0A7J6GNJ4|A0A7J6GNJ4_CANSA	A0A2R9BKZ6	36.5	52	135	444	2.95e-09	51.2	38.5	11.7
tr|A0A7J6GNJ4|A0A7J6GNJ4_CANSA	A0A452EQV5	31.9	72	135	444	2.95e-09	51.2	52.6	16.2
tr|A0A7J6GNJ4|A0A7J6GNJ4_CANSA	A0A481SFW3	31.9	72	135	444	2.95e-09	51.2	52.6	16.2
tr|A0A7J6GNJ4|A0A7J6GNJ4_CANSA	A0A4W2DUM0	31.9	72	135	444	2.95e-09	51.2	52.6	16.2
tr|A0A7J6GNJ4|A0A7J6GNJ4_CANSA	A0A5N3W3I1	31.9	72	135	444	2.95e-09	51.2	52.6	16.2
tr|A0A7J6GNJ4|A0A7J6GNJ4_CANSA	A0A5N3XT29	31.9	72	135	444	2.95e-09	51.2	52.6	16.2
tr|A0A7J6GNJ4|A0A7J6GNJ4_CANSA	A0A6J0ZEQ7	31.9	72	135	444	2.95e-09	51.2	52.6	16.2
tr|A0A7J6GNJ4|A0A7J6GNJ4_CANSA	A0A6P3FJ34	38.0	50	135	444	2.95e-09	51.2	37.0	11.3
tr|A0A7J6GNJ4|A0A7J6GNJ4_CANSA	A0A6P3IK26	31.9	72	135	444	2.95e-09	51.2	52.6	16.2
tr|A0A7J6GNJ4|A0A7J6GNJ4_CANSA	A0A6P3QLI8	38.0	50	135	444	2.95e-09	51.2	37.0	11.3
tr|A0A7J6GNJ4|A0A7J6GNJ4_CANSA	A0A6P5BJW1	31.9	72	135	444	2.95e-09	51.2	52.6	16.2
tr|A0A7J6GNJ4|A0A7J6GNJ4_CANSA	A0A7J8EPY8	31.1	74	135	444	2.95e-09	51.2	54.1	16.7
tr|A0A7J6GNJ4|A0A7J6GNJ4_CANSA	A0A8C3YP80	36.5	52	135	444	2.95e-09	51.2	38.5	11.7
tr|A0A7J6GNJ4|A0A7J6GNJ4_CANSA	A0A8C6FN98	31.9	72	135	444	2.95e-09	51.2	52.6	16.2
tr|A0A7J6GNJ4|A0A7J6GNJ4_CANSA	A0A8J8YDV0	36.5	52	135	444	2.95e-09	51.2	38.5	11.7
tr|A0A7J6GNJ4|A0A7J6GNJ4_CANSA	A0AAD4Y1H9	31.9	72	135	444	2.95e-09	51.2	52.6	16.2
tr|A0A7J6GNJ4|A0A7J6GNJ4_CANSA	A0ABN8YZR8	31.9	72	135	444	2.95e-09	51.2	52.6	16.2
tr|A0A7J6GNJ4|A0A7J6GNJ4_CANSA	A0ACB9U9D1	31.9	72	135	444	2.95e-09	51.2	52.6	16.2
tr|A0A7J6GNJ4|A0A7J6GNJ4_CANSA	A0ACI6R8K8	31.9	72	135	444	2.95e-09	51.2	52.6	16.2
tr|A0A7J6GNJ4|A0A7J6GNJ4_CANSA	A0ACM8R4S8	36.5	52	135	444	2.95e-09	51.2	38.5	11.7
tr|A0A7J6GNJ4|A0A7J6GNJ4_CANSA	G1SJU8	37.3	51	135	444	2.95e-09	51.2	37.8	11.5
tr|A0A7J6GNJ4|A0A7J6GNJ4_CANSA	H2Q3U8	36.5	52	135	444	2.95e-09	51.2	38.5	11.7
tr|A0A7J6GNJ4|A0A7J6GNJ4_CANSA	K7BG07	36.5	52	135	444	2.95e-09	51.2	38.5	11.7
tr|A0A7J6GNJ4|A0A7J6GNJ4_CANSA	U3EAX4	36.5	52	135	444	2.95e-09	51.2	38.5	11.7
tr|A0A7J6GNJ4|A0A7J6GNJ4_CANSA	H0WQ14	36.5	52	135	447	2.95e-09	51.2	38.5	11.6
tr|A0A7J6GNJ4|A0A7J6GNJ4_CANSA	A0ACI8TAQ9	36.5	52	135	452	2.96e-09	51.2	38.5	11.5
tr|A0A7J6GNJ4|A0A7J6GNJ4_CANSA	A0A7J8EQA1	31.1	74	135	460	2.97e-09	51.2	54.1	16.1
tr|A0A7J6GNJ4|A0A7J6GNJ4_CANSA	A0A4W2C7R9	31.9	72	135	469	2.98e-09	51.2	52.6	15.4
tr|A0A7J6GNJ4|A0A7J6GNJ4_CANSA	A0ABM4HDD4	31.9	72	135	472	2.98e-09	51.2	52.6	15.3
tr|A0A7J6GNJ4|A0A7J6GNJ4_CANSA	A0A4W2E825	31.9	72	135	594	3.10e-09	51.2	52.6	12.1
tr|A0A7J6GNJ4|A0A7J6GNJ4_CANSA	L5KQ77	38.0	50	135	379	3.87e-09	50.8	37.0	13.2
tr|A0A7J6GNJ4|A0A7J6GNJ4_CANSA	A0A7J8GYM1	38.0	50	135	386	3.89e-09	50.8	37.0	13.0
tr|A0A7J6GNJ4|A0A7J6GNJ4_CANSA	A0AC58R0E2	31.1	74	135	398	3.92e-09	50.8	54.1	18.6
tr|A0A7J6GNJ4|A0A7J6GNJ4_CANSA	A0A8B6Y5Q9	31.1	74	135	443	4.01e-09	50.8	54.1	16.7
tr|A0A7J6GNJ4|A0A7J6GNJ4_CANSA	A0A1S2ZY34	36.5	52	135	444	4.01e-09	50.8	38.5	11.7
tr|A0A7J6GNJ4|A0A7J6GNJ4_CANSA	A0A7J8GYE7	38.0	50	135	444	4.01e-09	50.8	37.0	11.3
tr|A0A7J6GNJ4|A0A7J6GNJ4_CANSA	A0A8B7SFT2	36.5	52	135	444	4.01e-09	50.8	38.5	11.7
tr|A0A7J6GNJ4|A0A7J6GNJ4_CANSA	A0A9B0U7Q0	34.6	52	135	444	4.01e-09	50.8	38.5	11.7
tr|A0A7J6GNJ4|A0A7J6GNJ4_CANSA	A0AC58R0G0	31.1	74	135	444	4.01e-09	50.8	54.1	16.7
tr|A0A7J6GNJ4|A0A7J6GNJ4_CANSA	A0A5N4DLW8	31.1	74	135	459	4.04e-09	50.8	54.1	16.1
tr|A0A7J6GNJ4|A0A7J6GNJ4_CANSA	A0A6J3RQR0	31.9	72	135	398	5.34e-09	50.4	52.6	18.1
tr|A0A7J6GNJ4|A0A7J6GNJ4_CANSA	A0ACB9UWW7	36.0	50	135	106	5.36e-09	48.1	37.0	47.2
tr|A0A7J6GNJ4|A0A7J6GNJ4_CANSA	A0A8C9CKS5	31.9	72	135	410	5.37e-09	50.4	52.6	17.6
tr|A0A7J6GNJ4|A0A7J6GNJ4_CANSA	A0A340XT28	31.9	72	135	424	5.41e-09	50.4	52.6	17.0
tr|A0A7J6GNJ4|A0A7J6GNJ4_CANSA	A0A340XSB0	31.9	72	135	427	5.42e-09	50.4	52.6	16.9
tr|A0A7J6GNJ4|A0A7J6GNJ4_CANSA	A0A2Y9PVZ8	31.9	72	135	444	5.46e-09	50.4	52.6	16.2
tr|A0A7J6GNJ4|A0A7J6GNJ4_CANSA	A0A340XLC4	31.9	72	135	444	5.46e-09	50.4	52.6	16.2
tr|A0A7J6GNJ4|A0A7J6GNJ4_CANSA	A0A341BRA6	31.9	72	135	444	5.46e-09	50.4	52.6	16.2
tr|A0A7J6GNJ4|A0A7J6GNJ4_CANSA	A0A6J2LZM4	36.5	52	135	444	5.46e-09	50.4	38.5	11.7
tr|A0A7J6GNJ4|A0A7J6GNJ4_CANSA	A0A6J3BQ89	31.1	74	135	444	5.46e-09	50.4	54.1	16.7
tr|A0A7J6GNJ4|A0A7J6GNJ4_CANSA	A0A6J3RQ21	31.9	72	135	444	5.46e-09	50.4	52.6	16.2
tr|A0A7J6GNJ4|A0A7J6GNJ4_CANSA	A0A8C6C1G1	31.9	72	135	444	5.46e-09	50.4	52.6	16.2
tr|A0A7J6GNJ4|A0A7J6GNJ4_CANSA	A0A8C9CC49	31.9	72	135	444	5.46e-09	50.4	52.6	16.2
tr|A0A7J6GNJ4|A0A7J6GNJ4_CANSA	A0ABM0LNH9	38.0	50	135	444	5.46e-09	50.4	37.0	11.3
tr|A0A7J6GNJ4|A0A7J6GNJ4_CANSA	A0A4X2K3C7	35.1	74	135	446	5.47e-09	50.4	53.3	16.4
tr|A0A7J6GNJ4|A0A7J6GNJ4_CANSA	A0A4X2K0X7	35.1	74	135	478	5.54e-09	50.4	53.3	15.3
tr|A0A7J6GNJ4|A0A7J6GNJ4_CANSA	F6YXC7	39.2	51	135	224	6.72e-09	49.7	37.8	22.8
tr|A0A7J6GNJ4|A0A7J6GNJ4_CANSA	A0A2K5EUF8	36.5	52	135	444	7.44e-09	50.1	38.5	11.7
tr|A0A7J6GNJ4|A0A7J6GNJ4_CANSA	A0A2K5PNC7	36.5	52	135	444	7.44e-09	50.1	38.5	11.7
tr|A0A7J6GNJ4|A0A7J6GNJ4_CANSA	A0A2Y9JS87	34.6	52	135	444	7.44e-09	50.1	38.5	11.7
tr|A0A7J6GNJ4|A0A7J6GNJ4_CANSA	A0A6J3IAN6	36.5	52	135	444	7.44e-09	50.1	38.5	11.7
tr|A0A7J6GNJ4|A0A7J6GNJ4_CANSA	A0A8C6D993	36.0	50	135	443	1.01e-08	49.7	37.0	11.3
tr|A0A7J6GNJ4|A0A7J6GNJ4_CANSA	A0A6P5IRF7	39.2	51	135	446	1.01e-08	49.7	37.8	11.4
tr|A0A7J6GNJ4|A0A7J6GNJ4_CANSA	A0ABQ9UTF0	34.7	49	135	151	1.17e-08	48.1	36.3	32.5
tr|A0A7J6GNJ4|A0A7J6GNJ4_CANSA	A0A6I8N7H0	36.5	52	135	402	1.35e-08	49.3	38.5	12.9
tr|A0A7J6GNJ4|A0A7J6GNJ4_CANSA	A0A5G2QYW5	34.6	52	135	407	1.35e-08	49.3	38.5	12.8
tr|A0A7J6GNJ4|A0A7J6GNJ4_CANSA	A0A6I8NAX3	36.5	52	135	444	1.38e-08	49.3	38.5	11.7
tr|A0A7J6GNJ4|A0A7J6GNJ4_CANSA	A0A8D0VQW6	36.7	49	135	307	1.69e-08	48.9	36.3	16.0
tr|A0A7J6GNJ4|A0A7J6GNJ4_CANSA	A0A8I6A6F8	38.3	47	135	407	2.51e-08	48.5	34.8	11.5
tr|A0A7J6GNJ4|A0A7J6GNJ4_CANSA	A0ACI6S0X0	36.0	50	135	424	3.44e-08	48.1	37.0	11.8
tr|A0A7J6GNJ4|A0A7J6GNJ4_CANSA	A0ACI8RTL1	34.7	49	135	307	4.27e-08	47.8	36.3	16.0
tr|A0A7J6GNJ4|A0A7J6GNJ4_CANSA	A0A3Q2L545	34.7	49	135	407	4.64e-08	47.8	36.3	12.0
tr|A0A7J6GNJ4|A0A7J6GNJ4_CANSA	A0A8I5TZB8	34.7	49	135	407	4.64e-08	47.8	36.3	12.0
tr|A0A7J6GNJ4|A0A7J6GNJ4_CANSA	A0ACI6Q519	36.2	47	135	407	6.32e-08	47.4	34.8	11.5
tr|A0A7J6GNJ4|A0A7J6GNJ4_CANSA	A0ABM4HDC7	36.2	47	135	435	6.41e-08	47.4	34.8	10.8
tr|A0A7J6GNJ4|A0A7J6GNJ4_CANSA	A0A811XXW4	36.2	47	135	602	9.20e-08	47.0	34.8	7.8
tr|A0A7J6GNJ4|A0A7J6GNJ4_CANSA	A0A7J8EQ12	32.7	49	135	265	1.36e-07	46.2	36.3	18.5
tr|A0A7J6GNJ4|A0A7J6GNJ4_CANSA	A0A7J8EQ56	32.7	49	135	390	1.58e-07	46.2	36.3	12.6
tr|A0A7J6GNJ4|A0A7J6GNJ4_CANSA	A0A6I8N6K6	34.7	49	135	407	2.17e-07	45.8	36.3	12.0
tr|A0A7J6GNJ4|A0A7J6GNJ4_CANSA	A0A5N3XHK2	29.2	72	135	411	2.95e-07	45.4	52.6	17.5
tr|A0A7J6GNJ4|A0A7J6GNJ4_CANSA	A0A8B7KGW4	32.7	52	135	207	3.78e-07	44.7	38.5	25.1
tr|A0A7J6GNJ4|A0A7J6GNJ4_CANSA	A0A1S3G0K3	37.3	51	135	494	1.93e-06	43.1	37.0	10.3
tr|A0A7J6GNJ4|A0A7J6GNJ4_CANSA	A0A5N4E140	32.7	52	135	239	2.08e-06	42.7	38.5	21.8
tr|A0A7J6HH49|A0A7J6HH49_CANSA	A0A7N4NYQ1	48.1	52	119	446	4.47e-11	55.8	42.9	11.7
tr|A0A7J6HH49|A0A7J6HH49_CANSA	A0A7N4PCZ6	48.1	52	119	513	4.57e-11	55.8	42.9	10.1
tr|A0A7J6HH49|A0A7J6HH49_CANSA	A0A8D2H2L7	50.0	48	119	444	8.31e-11	55.1	39.5	10.8
tr|A0A7J6HH49|A0A7J6HH49_CANSA	A0AAX6SEX2	44.9	49	119	397	1.11e-10	54.7	40.3	12.3
tr|A0A7J6HH49|A0A7J6HH49_CANSA	A0AAX6QFU4	44.9	49	119	436	1.13e-10	54.7	40.3	11.2
tr|A0A7J6HH49|A0A7J6HH49_CANSA	A0A0P6J9I4	44.9	49	119	443	1.13e-10	54.7	40.3	11.1
tr|A0A7J6HH49|A0A7J6HH49_CANSA	A0A1S3G6I7	45.8	48	119	447	1.14e-10	54.7	39.5	10.7
tr|A0A7J6HH49|A0A7J6HH49_CANSA	A0AAX6SE18	44.9	49	119	472	1.15e-10	54.7	40.3	10.4
tr|A0A7J6HH49|A0A7J6HH49_CANSA	A0AAX6SFR9	44.9	49	119	479	1.15e-10	54.7	40.3	10.2
tr|A0A7J6HH49|A0A7J6HH49_CANSA	F6YXC7	39.0	77	119	224	1.26e-10	53.9	61.3	33.5
tr|A0A7J6HH49|A0A7J6HH49_CANSA	A0A8C5L4Y9	34.7	72	119	444	1.55e-10	54.3	59.7	15.8
tr|A0A7J6HH49|A0A7J6HH49_CANSA	A0A7N4PD85	50.0	48	119	488	1.57e-10	54.3	39.5	9.8
tr|A0A7J6HH49|A0A7J6HH49_CANSA	A0A452QWW6	43.8	48	119	318	1.91e-10	53.9	39.5	15.1
tr|A0A7J6HH49|A0A7J6HH49_CANSA	A0A8C5YNB8	45.8	48	119	436	2.10e-10	53.9	39.5	11.0
tr|A0A7J6HH49|A0A7J6HH49_CANSA	A0A2Y9DZ14	44.9	49	119	444	2.11e-10	53.9	40.3	11.0
tr|A0A7J6HH49|A0A7J6HH49_CANSA	A0A5E4B1S8	45.8	48	119	444	2.11e-10	53.9	39.5	10.8
tr|A0A7J6HH49|A0A7J6HH49_CANSA	A0A673TLX2	47.9	48	119	444	2.11e-10	53.9	39.5	10.8
tr|A0A7J6HH49|A0A7J6HH49_CANSA	A0A6P3FJ34	45.8	48	119	444	2.11e-10	53.9	39.5	10.8
tr|A0A7J6HH49|A0A7J6HH49_CANSA	A0A8B7VPM7	45.8	48	119	444	2.11e-10	53.9	39.5	10.8
tr|A0A7J6HH49|A0A7J6HH49_CANSA	A0A8D2B8T4	46.9	49	119	444	2.11e-10	53.9	40.3	11.0
tr|A0A7J6HH49|A0A7J6HH49_CANSA	A0A8M1GUG8	43.8	48	119	444	2.11e-10	53.9	39.5	10.8
tr|A0A7J6HH49|A0A7J6HH49_CANSA	D2HUF7	43.8	48	119	444	2.11e-10	53.9	39.5	10.8
tr|A0A7J6HH49|A0A7J6HH49_CANSA	I3MN09	45.8	48	119	444	2.11e-10	53.9	39.5	10.8
tr|A0A7J6HH49|A0A7J6HH49_CANSA	A0A7N5KQ70	43.8	48	119	488	2.14e-10	53.9	39.5	9.8
tr|A0A7J6HH49|A0A7J6HH49_CANSA	A0A7N5KRR1	43.8	48	119	682	2.23e-10	53.9	39.5	7.0
tr|A0A7J6HH49|A0A7J6HH49_CANSA	A0A287BJC4	44.9	49	119	402	2.83e-10	53.5	40.3	12.2
tr|A0A7J6HH49|A0A7J6HH49_CANSA	F1RKS7	44.9	49	119	427	2.86e-10	53.5	40.3	11.5
tr|A0A7J6HH49|A0A7J6HH49_CANSA	A0A0U3TC30	42.3	52	119	444	2.88e-10	53.5	42.9	11.7
tr|A0A7J6HH49|A0A7J6HH49_CANSA	A0A6P3QLI8	42.9	49	119	444	2.88e-10	53.5	40.3	11.0
tr|A0A7J6HH49|A0A7J6HH49_CANSA	D2XT13	44.9	49	119	444	2.88e-10	53.5	40.3	11.0
tr|A0A7J6HH49|A0A7J6HH49_CANSA	G1SJU8	42.3	52	119	444	2.88e-10	53.5	42.9	11.7
tr|A0A7J6HH49|A0A7J6HH49_CANSA	A0A1A6FYU7	38.0	71	119	181	3.01e-10	52.4	58.8	34.8
tr|A0A7J6HH49|A0A7J6HH49_CANSA	L5KQ77	42.9	49	119	379	3.80e-10	53.1	40.3	12.9
tr|A0A7J6HH49|A0A7J6HH49_CANSA	A0A8C9AGB6	44.9	49	119	444	3.92e-10	53.1	40.3	11.0
tr|A0A7J6HH49|A0A7J6HH49_CANSA	A0AA41T7J5	47.9	48	119	444	3.92e-10	53.1	39.5	10.8
tr|A0A7J6HH49|A0A7J6HH49_CANSA	A0A7J7RHE6	39.1	64	119	211	4.13e-10	52.4	52.9	28.9
tr|A0A7J6HH49|A0A7J6HH49_CANSA	A0ACF8K989	43.8	48	119	224	4.59e-10	52.4	39.5	21.4
tr|A0A7J6HH49|A0A7J6HH49_CANSA	A0A7J8ER13	37.5	64	119	386	5.21e-10	52.8	52.9	15.8
tr|A0A7J6HH49|A0A7J6HH49_CANSA	A0A2K6FU00	42.9	49	119	444	5.35e-10	52.8	40.3	11.0
tr|A0A7J6HH49|A0A7J6HH49_CANSA	A0A671DRA6	39.1	64	119	444	5.35e-10	52.8	52.9	12.8
tr|A0A7J6HH49|A0A7J6HH49_CANSA	A0A7J7FD96	42.9	49	119	444	5.35e-10	52.8	40.3	11.0
tr|A0A7J6HH49|A0A7J6HH49_CANSA	A0A7J8EPY8	37.5	64	119	444	5.35e-10	52.8	52.9	13.7
tr|A0A7J6HH49|A0A7J6HH49_CANSA	A0A8C6R659	38.0	71	119	444	5.35e-10	52.8	58.8	14.2
tr|A0A7J6HH49|A0A7J6HH49_CANSA	A0ABM0I036	42.9	49	119	444	5.35e-10	52.8	40.3	11.0
tr|A0A7J6HH49|A0A7J6HH49_CANSA	A0ABM0S421	43.8	48	119	444	5.35e-10	52.8	39.5	10.8
tr|A0A7J6HH49|A0A7J6HH49_CANSA	A0A7J8EQA1	37.5	64	119	460	5.38e-10	52.8	52.9	13.3
tr|A0A7J6HH49|A0A7J6HH49_CANSA	A0A7J7RH08	39.1	64	119	279	6.10e-10	52.4	52.9	21.9
tr|A0A7J6HH49|A0A7J6HH49_CANSA	A0ACB9UWW7	37.5	64	119	106	6.52e-10	50.1	47.9	60.4
tr|A0A7J6HH49|A0A7J6HH49_CANSA	A0AAW0HMZ6	38.0	71	119	318	6.67e-10	52.4	58.8	19.8
tr|A0A7J6HH49|A0A7J6HH49_CANSA	L5LCQ8	42.9	49	119	383	7.10e-10	52.4	40.3	12.8
tr|A0A7J6HH49|A0A7J6HH49_CANSA	A0A140TAE1	38.0	71	119	386	7.11e-10	52.4	58.8	16.3
tr|A0A7J6HH49|A0A7J6HH49_CANSA	A0A8B7A5H7	43.8	48	119	398	7.16e-10	52.4	39.5	12.1
tr|A0A7J6HH49|A0A7J6HH49_CANSA	A0A096N608	43.8	48	119	409	7.19e-10	52.4	39.5	11.7
tr|A0A7J6HH49|A0A7J6HH49_CANSA	A0A1D5QW98	43.8	48	119	409	7.19e-10	52.4	39.5	11.7
tr|A0A7J6HH49|A0A7J6HH49_CANSA	A0A2K5U5T7	43.8	48	119	409	7.19e-10	52.4	39.5	11.7
tr|A0A7J6HH49|A0A7J6HH49_CANSA	A0A2K5ZTN0	43.8	48	119	409	7.19e-10	52.4	39.5	11.7
tr|A0A7J6HH49|A0A7J6HH49_CANSA	A0A8I5ZWZ8	38.0	71	119	410	7.20e-10	52.4	58.8	15.4
tr|A0A7J6HH49|A0A7J6HH49_CANSA	A0A2K5ZTJ1	43.8	48	119	422	7.23e-10	52.4	39.5	11.4
tr|A0A7J6HH49|A0A7J6HH49_CANSA	A0ABQ0FSE9	38.0	71	119	426	7.25e-10	52.4	58.8	14.8
tr|A0A7J6HH49|A0A7J6HH49_CANSA	A0A8C6I4C1	38.0	71	119	434	7.27e-10	52.4	58.8	14.5
tr|A0A7J6HH49|A0A7J6HH49_CANSA	A0A2K5ZTD4	43.8	48	119	437	7.28e-10	52.4	39.5	11.0
tr|A0A7J6HH49|A0A7J6HH49_CANSA	A0A8I3RWD0	42.9	49	119	442	7.29e-10	52.4	40.3	11.1
tr|A0A7J6HH49|A0A7J6HH49_CANSA	A0A097P7B2	35.4	65	119	444	7.30e-10	52.4	53.8	14.6
tr|A0A7J6HH49|A0A7J6HH49_CANSA	A0A0D9R2C8	43.8	48	119	444	7.30e-10	52.4	39.5	10.8
tr|A0A7J6HH49|A0A7J6HH49_CANSA	A0A2K5KFD0	43.8	48	119	444	7.30e-10	52.4	39.5	10.8
tr|A0A7J6HH49|A0A7J6HH49_CANSA	A0A2K5NWS9	43.8	48	119	444	7.30e-10	52.4	39.5	10.8
tr|A0A7J6HH49|A0A7J6HH49_CANSA	A0A2K6D4T4	43.8	48	119	444	7.30e-10	52.4	39.5	10.8
tr|A0A7J6HH49|A0A7J6HH49_CANSA	A0A2K6MTW7	43.8	48	119	444	7.30e-10	52.4	39.5	10.8
tr|A0A7J6HH49|A0A7J6HH49_CANSA	A0A2K6QZH9	43.8	48	119	444	7.30e-10	52.4	39.5	10.8
tr|A0A7J6HH49|A0A7J6HH49_CANSA	A0A3Q7RBB5	42.9	49	119	444	7.30e-10	52.4	40.3	11.0
tr|A0A7J6HH49|A0A7J6HH49_CANSA	A0A4W2DUM0	35.4	65	119	444	7.30e-10	52.4	53.8	14.6
tr|A0A7J6HH49|A0A7J6HH49_CANSA	A0A6I9MEG9	38.0	71	119	444	7.30e-10	52.4	58.8	14.2
tr|A0A7J6HH49|A0A7J6HH49_CANSA	A0A6P3IK26	35.4	65	119	444	7.30e-10	52.4	53.8	14.6
tr|A0A7J6HH49|A0A7J6HH49_CANSA	A0A6P5BJW1	35.4	65	119	444	7.30e-10	52.4	53.8	14.6
tr|A0A7J6HH49|A0A7J6HH49_CANSA	A0A6P5P6I7	38.0	71	119	444	7.30e-10	52.4	58.8	14.2
tr|A0A7J6HH49|A0A7J6HH49_CANSA	A0A7J7RH61	39.1	64	119	444	7.30e-10	52.4	52.9	13.7
tr|A0A7J6HH49|A0A7J6HH49_CANSA	A0A8B7SFT2	37.5	64	119	444	7.30e-10	52.4	52.9	12.8
tr|A0A7J6HH49|A0A7J6HH49_CANSA	A0A8C0KGD9	42.9	49	119	444	7.30e-10	52.4	40.3	11.0
tr|A0A7J6HH49|A0A7J6HH49_CANSA	A0A8C6I4F4	38.0	71	119	444	7.30e-10	52.4	58.8	14.2
tr|A0A7J6HH49|A0A7J6HH49_CANSA	A0A8C9GT53	43.8	48	119	444	7.30e-10	52.4	39.5	10.8
tr|A0A7J6HH49|A0A7J6HH49_CANSA	A0A8D2FBF1	43.8	48	119	444	7.30e-10	52.4	39.5	10.8
tr|A0A7J6HH49|A0A7J6HH49_CANSA	A0ACF6GY87	38.0	71	119	444	7.30e-10	52.4	58.8	14.2
tr|A0A7J6HH49|A0A7J6HH49_CANSA	A0ACF8I8R0	43.8	48	119	444	7.30e-10	52.4	39.5	10.8
tr|A0A7J6HH49|A0A7J6HH49_CANSA	A0ACF8NVM1	43.8	48	119	444	7.30e-10	52.4	39.5	10.8
tr|A0A7J6HH49|A0A7J6HH49_CANSA	F6YUF6	43.8	48	119	444	7.30e-10	52.4	39.5	10.8
tr|A0A7J6HH49|A0A7J6HH49_CANSA	H9G216	43.8	48	119	444	7.30e-10	52.4	39.5	10.8
tr|A0A7J6HH49|A0A7J6HH49_CANSA	A0A4X2K3C7	42.3	52	119	446	7.30e-10	52.4	42.9	11.7
tr|A0A7J6HH49|A0A7J6HH49_CANSA	A0A1D5Q079	43.8	48	119	457	7.33e-10	52.4	39.5	10.5
tr|A0A7J6HH49|A0A7J6HH49_CANSA	A0A7N9CBC3	43.8	48	119	457	7.33e-10	52.4	39.5	10.5
tr|A0A7J6HH49|A0A7J6HH49_CANSA	A0A4W2C7R9	35.4	65	119	469	7.36e-10	52.4	53.8	13.9
tr|A0A7J6HH49|A0A7J6HH49_CANSA	A0A4X2K0X7	42.3	52	119	478	7.38e-10	52.4	42.9	10.9
tr|A0A7J6HH49|A0A7J6HH49_CANSA	A0A7F8QKG8	43.8	48	119	252	7.52e-10	52.0	39.5	19.0
tr|A0A7J6HH49|A0A7J6HH49_CANSA	A0A4W2E825	35.4	65	119	594	7.60e-10	52.4	53.8	10.9
tr|A0A7J6HH49|A0A7J6HH49_CANSA	A0A8J5ZV45	43.8	48	119	633	7.65e-10	52.4	39.5	7.6
tr|A0A7J6HH49|A0A7J6HH49_CANSA	A0A7F8QHJ6	43.8	48	119	294	8.71e-10	52.0	39.5	16.3
tr|A0A7J6HH49|A0A7J6HH49_CANSA	A0A6P6H6F8	43.8	48	119	299	8.81e-10	52.0	39.5	16.1
tr|A0A7J6HH49|A0A7J6HH49_CANSA	A0AAU9ZLW5	38.0	71	119	386	9.70e-10	52.0	58.8	16.3
tr|A0A7J6HH49|A0A7J6HH49_CANSA	A0A6J1Y9U7	43.8	48	119	398	9.76e-10	52.0	39.5	12.1
tr|A0A7J6HH49|A0A7J6HH49_CANSA	A0A9V1DYJ1	43.8	48	119	398	9.76e-10	52.0	39.5	12.1
tr|A0A7J6HH49|A0A7J6HH49_CANSA	A0AC58R0E2	42.9	49	119	398	9.76e-10	52.0	40.3	12.3
tr|A0A7J6HH49|A0A7J6HH49_CANSA	A0A2Y9GPL9	43.8	48	119	402	9.78e-10	52.0	39.5	11.9
tr|A0A7J6HH49|A0A7J6HH49_CANSA	A0A6B0RMM1	43.8	48	119	427	9.89e-10	52.0	39.5	11.2
tr|A0A7J6HH49|A0A7J6HH49_CANSA	A0A8B6Y5Q9	42.9	49	119	443	9.95e-10	52.0	40.3	11.1
tr|A0A7J6HH49|A0A7J6HH49_CANSA	A0A1U7Q654	38.0	71	119	444	9.95e-10	52.0	58.8	14.2
tr|A0A7J6HH49|A0A7J6HH49_CANSA	A0A1U7U4P0	43.8	48	119	444	9.95e-10	52.0	39.5	10.8
tr|A0A7J6HH49|A0A7J6HH49_CANSA	A0A2U3WMF1	43.8	48	119	444	9.95e-10	52.0	39.5	10.8
tr|A0A7J6HH49|A0A7J6HH49_CANSA	A0A2Y9GTG8	43.8	48	119	444	9.95e-10	52.0	39.5	10.8
tr|A0A7J6HH49|A0A7J6HH49_CANSA	A0A452EQV5	43.8	48	119	444	9.95e-10	52.0	39.5	10.8
tr|A0A7J6HH49|A0A7J6HH49_CANSA	A0A481SFW3	43.8	48	119	444	9.95e-10	52.0	39.5	10.8
tr|A0A7J6HH49|A0A7J6HH49_CANSA	A0A485NIT7	43.8	48	119	444	9.95e-10	52.0	39.5	10.8
tr|A0A7J6HH49|A0A7J6HH49_CANSA	A0A5N3W3I1	43.8	48	119	444	9.95e-10	52.0	39.5	10.8
tr|A0A7J6HH49|A0A7J6HH49_CANSA	A0A5N3XT29	43.8	48	119	444	9.95e-10	52.0	39.5	10.8
tr|A0A7J6HH49|A0A7J6HH49_CANSA	A0A667I757	43.8	48	119	444	9.95e-10	52.0	39.5	10.8
tr|A0A7J6HH49|A0A7J6HH49_CANSA	A0A6J0ZEQ7	43.8	48	119	444	9.95e-10	52.0	39.5	10.8
tr|A0A7J6HH49|A0A7J6HH49_CANSA	A0A6J1Y9S1	43.8	48	119	444	9.95e-10	52.0	39.5	10.8
tr|A0A7J6HH49|A0A7J6HH49_CANSA	A0A8C2M1T6	38.0	71	119	444	9.95e-10	52.0	58.8	14.2
tr|A0A7J6HH49|A0A7J6HH49_CANSA	A0A8C6FN98	43.8	48	119	444	9.95e-10	52.0	39.5	10.8
tr|A0A7J6HH49|A0A7J6HH49_CANSA	A0A8C7BV79	43.8	48	119	444	9.95e-10	52.0	39.5	10.8
tr|A0A7J6HH49|A0A7J6HH49_CANSA	A0A8C8WZ21	43.8	48	119	444	9.95e-10	52.0	39.5	10.8
tr|A0A7J6HH49|A0A7J6HH49_CANSA	A0A9W2VB67	43.8	48	119	444	9.95e-10	52.0	39.5	10.8
tr|A0A7J6HH49|A0A7J6HH49_CANSA	A0AAD4Y1H9	43.8	48	119	444	9.95e-10	52.0	39.5	10.8
tr|A0A7J6HH49|A0A7J6HH49_CANSA	A0AAU9ZP26	38.0	71	119	444	9.95e-10	52.0	58.8	14.2
tr|A0A7J6HH49|A0A7J6HH49_CANSA	A0ABI7ZRS6	43.8	48	119	444	9.95e-10	52.0	39.5	10.8
tr|A0A7J6HH49|A0A7J6HH49_CANSA	A0ABN8YZR8	43.8	48	119	444	9.95e-10	52.0	39.5	10.8
tr|A0A7J6HH49|A0A7J6HH49_CANSA	A0AC58R0G0	42.9	49	119	444	9.95e-10	52.0	40.3	11.0
tr|A0A7J6HH49|A0A7J6HH49_CANSA	A0ACB9U9D1	43.8	48	119	444	9.95e-10	52.0	39.5	10.8
tr|A0A7J6HH49|A0A7J6HH49_CANSA	A0ACI6R8K8	43.8	48	119	444	9.95e-10	52.0	39.5	10.8
tr|A0A7J6HH49|A0A7J6HH49_CANSA	M3YRP0	43.8	48	119	444	9.95e-10	52.0	39.5	10.8
tr|A0A7J6HH49|A0A7J6HH49_CANSA	A0A6P5IRF7	42.3	52	119	446	9.96e-10	52.0	42.9	11.7
tr|A0A7J6HH49|A0A7J6HH49_CANSA	H0WQ14	43.8	48	119	447	9.96e-10	52.0	39.5	10.7
tr|A0A7J6HH49|A0A7J6HH49_CANSA	A0A667HQU3	43.8	48	119	452	9.98e-10	52.0	39.5	10.6
tr|A0A7J6HH49|A0A7J6HH49_CANSA	A0A5N4DLW8	42.9	49	119	459	1.00e-09	52.0	40.3	10.7
tr|A0A7J6HH49|A0A7J6HH49_CANSA	A0ABM4HDD4	43.8	48	119	472	1.00e-09	52.0	39.5	10.2
tr|A0A7J6HH49|A0A7J6HH49_CANSA	G3R9J3	43.8	48	119	255	1.05e-09	51.6	39.5	18.8
tr|A0A7J6HH49|A0A7J6HH49_CANSA	A0ACI8TB36	43.8	48	119	344	1.28e-09	51.6	39.5	14.0
tr|A0A7J6HH49|A0A7J6HH49_CANSA	A0ABM0J532	41.7	48	119	386	1.32e-09	51.6	39.5	12.4
tr|A0A7J6HH49|A0A7J6HH49_CANSA	A0ACI8RCU9	43.8	48	119	398	1.33e-09	51.6	39.5	12.1
tr|A0A7J6HH49|A0A7J6HH49_CANSA	A0A9L0R8Q0	43.8	48	119	402	1.33e-09	51.6	39.5	11.9
tr|A0A7J6HH49|A0A7J6HH49_CANSA	A0ACI8QW41	43.8	48	119	402	1.33e-09	51.6	39.5	11.9
tr|A0A7J6HH49|A0A7J6HH49_CANSA	A0ACI8TAX1	43.8	48	119	402	1.33e-09	51.6	39.5	11.9
tr|A0A7J6HH49|A0A7J6HH49_CANSA	A0A8C4LLG8	43.8	48	119	410	1.34e-09	51.6	39.5	11.7
tr|A0A7J6HH49|A0A7J6HH49_CANSA	F6SIL5	43.8	48	119	410	1.34e-09	51.6	39.5	11.7
tr|A0A7J6HH49|A0A7J6HH49_CANSA	A0ACI8TA36	43.8	48	119	422	1.35e-09	51.6	39.5	11.4
tr|A0A7J6HH49|A0A7J6HH49_CANSA	A0A8C5W438	43.8	48	119	427	1.35e-09	51.6	39.5	11.2
tr|A0A7J6HH49|A0A7J6HH49_CANSA	A0A3Q2HMZ7	43.8	48	119	432	1.35e-09	51.6	39.5	11.1
tr|A0A7J6HH49|A0A7J6HH49_CANSA	A0A8C4LS91	43.8	48	119	432	1.35e-09	51.6	39.5	11.1
tr|A0A7J6HH49|A0A7J6HH49_CANSA	A0ACI8TA33	43.8	48	119	443	1.36e-09	51.6	39.5	10.8
tr|A0A7J6HH49|A0A7J6HH49_CANSA	A0A2K6UA82	42.9	49	119	444	1.36e-09	51.6	40.3	11.0
tr|A0A7J6HH49|A0A7J6HH49_CANSA	A0A2R9BKZ6	43.8	48	119	444	1.36e-09	51.6	39.5	10.8
tr|A0A7J6HH49|A0A7J6HH49_CANSA	A0A8J8YDV0	42.9	49	119	444	1.36e-09	51.6	40.3	11.0
tr|A0A7J6HH49|A0A7J6HH49_CANSA	A0AA40HR57	43.8	48	119	444	1.36e-09	51.6	39.5	10.8
tr|A0A7J6HH49|A0A7J6HH49_CANSA	A0ABM4JZQ6	43.8	48	119	444	1.36e-09	51.6	39.5	10.8
tr|A0A7J6HH49|A0A7J6HH49_CANSA	A0ACM8R4S8	43.8	48	119	444	1.36e-09	51.6	39.5	10.8
tr|A0A7J6HH49|A0A7J6HH49_CANSA	H2Q3U8	43.8	48	119	444	1.36e-09	51.6	39.5	10.8
tr|A0A7J6HH49|A0A7J6HH49_CANSA	K7BG07	43.8	48	119	444	1.36e-09	51.6	39.5	10.8
tr|A0A7J6HH49|A0A7J6HH49_CANSA	U3EAX4	42.9	49	119	444	1.36e-09	51.6	40.3	11.0
tr|A0A7J6HH49|A0A7J6HH49_CANSA	G3SV00	43.8	48	119	447	1.36e-09	51.6	39.5	10.7
tr|A0A7J6HH49|A0A7J6HH49_CANSA	A0ACI8TAQ9	43.8	48	119	452	1.36e-09	51.6	39.5	10.6
tr|A0A7J6HH49|A0A7J6HH49_CANSA	L8Y1X2	43.8	48	119	453	1.36e-09	51.6	39.5	10.6
tr|A0A7J6HH49|A0A7J6HH49_CANSA	A0A9L0S1H2	43.8	48	119	460	1.36e-09	51.6	39.5	10.4
tr|A0A7J6HH49|A0A7J6HH49_CANSA	A0A9L0RMC9	43.8	48	119	469	1.37e-09	51.6	39.5	10.2
tr|A0A7J6HH49|A0A7J6HH49_CANSA	A0A3Q2HPL9	43.8	48	119	490	1.38e-09	51.6	39.5	9.8
tr|A0A7J6HH49|A0A7J6HH49_CANSA	A0A7J7RTY1	45.8	48	119	263	1.49e-09	51.2	39.5	18.3
tr|A0A7J6HH49|A0A7J6HH49_CANSA	A0A7J7RTH3	45.8	48	119	386	1.80e-09	51.2	39.5	12.4
tr|A0A7J6HH49|A0A7J6HH49_CANSA	A0A7J8GYM1	41.7	48	119	386	1.80e-09	51.2	39.5	12.4
tr|A0A7J6HH49|A0A7J6HH49_CANSA	A0A7J7RTC3	45.8	48	119	444	1.85e-09	51.2	39.5	10.8
tr|A0A7J6HH49|A0A7J6HH49_CANSA	A0A7J8GYE7	41.7	48	119	444	1.85e-09	51.2	39.5	10.8
tr|A0A7J6HH49|A0A7J6HH49_CANSA	A0A9B0U7Q0	41.7	48	119	444	1.85e-09	51.2	39.5	10.8
tr|A0A7J6HH49|A0A7J6HH49_CANSA	A0A8C6D993	41.7	48	119	443	2.52e-09	50.8	39.5	10.8
tr|A0A7J6HH49|A0A7J6HH49_CANSA	A0A2Y9JS87	43.8	48	119	444	2.52e-09	50.8	39.5	10.8
tr|A0A7J6HH49|A0A7J6HH49_CANSA	A0A6J2LZM4	43.8	48	119	444	2.52e-09	50.8	39.5	10.8
tr|A0A7J6HH49|A0A7J6HH49_CANSA	A0A6J3BQ89	42.9	49	119	444	2.52e-09	50.8	40.3	11.0
tr|A0A7J6HH49|A0A7J6HH49_CANSA	A0A8C3YP80	42.9	49	119	444	2.52e-09	50.8	40.3	11.0
tr|A0A7J6HH49|A0A7J6HH49_CANSA	A0ABQ9UTF0	44.4	45	119	151	2.86e-09	49.3	37.0	29.8
tr|A0A7J6HH49|A0A7J6HH49_CANSA	A0A6J3RQR0	43.8	48	119	398	3.38e-09	50.4	39.5	12.1
tr|A0A7J6HH49|A0A7J6HH49_CANSA	A0A5G2QYW5	35.7	70	119	407	3.39e-09	50.4	54.6	17.2
tr|A0A7J6HH49|A0A7J6HH49_CANSA	A0A8C9CKS5	43.8	48	119	410	3.39e-09	50.4	39.5	11.7
tr|A0A7J6HH49|A0A7J6HH49_CANSA	A0A340XT28	43.8	48	119	424	3.41e-09	50.4	39.5	11.3
tr|A0A7J6HH49|A0A7J6HH49_CANSA	A0A340XSB0	43.8	48	119	427	3.42e-09	50.4	39.5	11.2
tr|A0A7J6HH49|A0A7J6HH49_CANSA	A0A2K5EUF8	42.9	49	119	444	3.44e-09	50.4	40.3	11.0
tr|A0A7J6HH49|A0A7J6HH49_CANSA	A0A2K5PNC7	42.9	49	119	444	3.44e-09	50.4	40.3	11.0
tr|A0A7J6HH49|A0A7J6HH49_CANSA	A0A2Y9PVZ8	43.8	48	119	444	3.44e-09	50.4	39.5	10.8
tr|A0A7J6HH49|A0A7J6HH49_CANSA	A0A340XLC4	43.8	48	119	444	3.44e-09	50.4	39.5	10.8
tr|A0A7J6HH49|A0A7J6HH49_CANSA	A0A341BRA6	43.8	48	119	444	3.44e-09	50.4	39.5	10.8
tr|A0A7J6HH49|A0A7J6HH49_CANSA	A0A6J3IAN6	42.9	49	119	444	3.44e-09	50.4	40.3	11.0
tr|A0A7J6HH49|A0A7J6HH49_CANSA	A0A6J3RQ21	43.8	48	119	444	3.44e-09	50.4	39.5	10.8
tr|A0A7J6HH49|A0A7J6HH49_CANSA	A0A8C6C1G1	43.8	48	119	444	3.44e-09	50.4	39.5	10.8
tr|A0A7J6HH49|A0A7J6HH49_CANSA	A0A8C9CC49	43.8	48	119	444	3.44e-09	50.4	39.5	10.8
tr|A0A7J6HH49|A0A7J6HH49_CANSA	A0A8C9PAG7	42.9	49	119	368	4.53e-09	50.1	40.3	13.3
tr|A0A7J6HH49|A0A7J6HH49_CANSA	A0A3Q2L545	34.3	70	119	407	4.62e-09	50.1	54.6	17.2
tr|A0A7J6HH49|A0A7J6HH49_CANSA	A0ABM0LNH9	41.7	48	119	444	4.69e-09	50.1	39.5	10.8
tr|A0A7J6HH49|A0A7J6HH49_CANSA	A0ABP0AGF8	43.8	48	119	444	4.69e-09	50.1	39.5	10.8
tr|A0A7J6HH49|A0A7J6HH49_CANSA	A0A7J8EQ12	42.6	47	119	265	5.31e-09	49.7	38.7	17.7
tr|A0A7J6HH49|A0A7J6HH49_CANSA	A0A8D0VQW6	46.7	45	119	307	5.83e-09	49.7	37.0	14.7
tr|A0A7J6HH49|A0A7J6HH49_CANSA	A0ACI6S0X0	32.9	70	119	424	6.35e-09	49.7	58.0	16.5
tr|A0A7J6HH49|A0A7J6HH49_CANSA	A0A1S2ZY34	38.5	52	119	444	6.40e-09	49.7	42.9	11.7
tr|A0A7J6HH49|A0A7J6HH49_CANSA	A0A3Q7R172	41.7	48	119	444	6.40e-09	49.7	39.5	10.8
tr|A0A7J6HH49|A0A7J6HH49_CANSA	A0A6J2BYR2	41.7	48	119	444	6.40e-09	49.7	39.5	10.8
tr|A0A7J6HH49|A0A7J6HH49_CANSA	A0A811XXW4	42.0	50	119	602	6.67e-09	49.7	41.2	8.3
tr|A0A7J6HH49|A0A7J6HH49_CANSA	A0A455CBT0	41.7	48	119	263	7.23e-09	49.3	39.5	18.3
tr|A0A7J6HH49|A0A7J6HH49_CANSA	A0ACI6Q519	44.4	45	119	407	8.60e-09	49.3	37.0	11.1
tr|A0A7J6HH49|A0A7J6HH49_CANSA	A0ABM4HDC7	44.4	45	119	435	8.70e-09	49.3	37.0	10.3
tr|A0A7J6HH49|A0A7J6HH49_CANSA	A0ACI8RTL1	44.4	45	119	307	1.09e-08	48.9	37.0	14.7
tr|A0A7J6HH49|A0A7J6HH49_CANSA	A0A7J8EQ56	31.4	70	119	390	1.16e-08	48.9	54.6	17.9
tr|A0A7J6HH49|A0A7J6HH49_CANSA	A0A8I5TZB8	44.4	45	119	407	1.17e-08	48.9	37.0	11.1
tr|A0A7J6HH49|A0A7J6HH49_CANSA	A0A8I6A6F8	44.4	45	119	407	1.17e-08	48.9	37.0	11.1
tr|A0A7J6HH49|A0A7J6HH49_CANSA	A0A8B8Y3A2	41.7	48	119	444	1.62e-08	48.5	39.5	10.8
tr|A0A7J6HH49|A0A7J6HH49_CANSA	A0ABM3U182	41.7	48	119	444	1.62e-08	48.5	39.5	10.8
tr|A0A7J6HH49|A0A7J6HH49_CANSA	G1Q9U6	43.2	44	119	201	2.58e-08	47.4	37.0	21.9
tr|A0A7J6HH49|A0A7J6HH49_CANSA	A0A6I8N7H0	41.7	48	119	402	2.96e-08	47.8	39.5	11.9
tr|A0A7J6HH49|A0A7J6HH49_CANSA	A0A6I8NAX3	41.7	48	119	444	3.01e-08	47.8	39.5	10.8
tr|A0A7J6HH49|A0A7J6HH49_CANSA	A0A8B7KGW4	34.3	70	119	207	5.12e-08	46.6	57.1	33.8
tr|A0A7J6HH49|A0A7J6HH49_CANSA	A0A5N3XHK2	39.6	48	119	411	1.03e-07	46.2	39.5	11.7
tr|A0A7J6HH49|A0A7J6HH49_CANSA	A0A5N4E140	32.9	70	119	239	1.14e-07	45.8	57.1	29.3
tr|A0A7J6HH49|A0A7J6HH49_CANSA	A0A6I8N6K6	42.2	45	119	407	2.60e-07	45.1	37.0	11.1
tr|A0A7J6HH49|A0A7J6HH49_CANSA	A0A1S3G0K3	40.8	49	119	494	2.68e-07	45.1	39.5	9.9
tr|A0A7J6H2D3|A0A7J6H2D3_CANSA	A0A1S3G6I7	38.7	62	102	447	7.87e-10	51.6	60.8	12.3
tr|A0A7J6H2D3|A0A7J6H2D3_CANSA	A0A2Y9DZ14	41.9	62	102	444	1.07e-09	51.2	60.8	12.4
tr|A0A7J6H2D3|A0A7J6H2D3_CANSA	A0A6P3FJ34	33.0	91	102	444	2.00e-09	50.4	74.5	18.9
tr|A0A7J6H2D3|A0A7J6H2D3_CANSA	A0A8B7VPM7	38.7	62	102	444	5.10e-09	49.3	60.8	12.4
tr|A0A7J6H2D3|A0A7J6H2D3_CANSA	A0A7J7RTY1	38.7	62	102	263	5.94e-09	48.9	60.8	20.9
tr|A0A7J6H2D3|A0A7J6H2D3_CANSA	A0A7J7RTH3	38.7	62	102	386	6.83e-09	48.9	60.8	14.2
tr|A0A7J6H2D3|A0A7J6H2D3_CANSA	A0A7J7RTC3	38.7	62	102	444	6.96e-09	48.9	60.8	12.4
tr|A0A7J6H2D3|A0A7J6H2D3_CANSA	A0A8C5L4Y9	33.9	62	102	444	9.51e-09	48.5	60.8	12.4
tr|A0A7J6H2D3|A0A7J6H2D3_CANSA	A0A7N4NYQ1	30.4	92	102	446	9.51e-09	48.5	75.5	19.1
tr|A0A7J6H2D3|A0A7J6H2D3_CANSA	A0A7N4PD85	30.4	92	102	488	9.61e-09	48.5	75.5	17.4
tr|A0A7J6H2D3|A0A7J6H2D3_CANSA	A0A7N4PCZ6	30.4	92	102	513	9.66e-09	48.5	75.5	16.6
tr|A0A7J6H2D3|A0A7J6H2D3_CANSA	A0ABM0J532	37.1	62	102	386	1.27e-08	48.1	60.8	14.2
tr|A0A7J6H2D3|A0A7J6H2D3_CANSA	A0AAX6SEX2	31.5	92	102	397	1.28e-08	48.1	75.5	21.4
tr|A0A7J6H2D3|A0A7J6H2D3_CANSA	A0AAX6QFU4	31.5	92	102	436	1.30e-08	48.1	75.5	19.5
tr|A0A7J6H2D3|A0A7J6H2D3_CANSA	A0A0P6J9I4	31.5	92	102	443	1.30e-08	48.1	75.5	19.2
tr|A0A7J6H2D3|A0A7J6H2D3_CANSA	A0A452EQV5	35.5	62	102	444	1.30e-08	48.1	60.8	12.4
tr|A0A7J6H2D3|A0A7J6H2D3_CANSA	A0A481SFW3	35.5	62	102	444	1.30e-08	48.1	60.8	12.4
tr|A0A7J6H2D3|A0A7J6H2D3_CANSA	A0A8D2H2L7	37.1	62	102	444	1.30e-08	48.1	60.8	12.4
tr|A0A7J6H2D3|A0A7J6H2D3_CANSA	A0AAD4Y1H9	35.5	62	102	444	1.30e-08	48.1	60.8	12.4
tr|A0A7J6H2D3|A0A7J6H2D3_CANSA	A0ABP0AGF8	40.3	62	102	444	1.30e-08	48.1	60.8	12.4
tr|A0A7J6H2D3|A0A7J6H2D3_CANSA	A0ACB9U9D1	35.5	62	102	444	1.30e-08	48.1	60.8	12.4
tr|A0A7J6H2D3|A0A7J6H2D3_CANSA	A0ACI6R8K8	35.5	62	102	444	1.30e-08	48.1	60.8	12.4
tr|A0A7J6H2D3|A0A7J6H2D3_CANSA	A0AAX6SE18	31.5	92	102	472	1.31e-08	48.1	75.5	18.0
tr|A0A7J6H2D3|A0A7J6H2D3_CANSA	A0AAX6SFR9	31.5	92	102	479	1.31e-08	48.1	75.5	17.7
tr|A0A7J6H2D3|A0A7J6H2D3_CANSA	A0A6I8N7H0	40.0	60	102	402	1.75e-08	47.8	58.8	13.2
tr|A0A7J6H2D3|A0A7J6H2D3_CANSA	A0A096N608	34.9	63	102	409	1.75e-08	47.8	61.8	14.9
tr|A0A7J6H2D3|A0A7J6H2D3_CANSA	A0A1D5QW98	34.9	63	102	409	1.75e-08	47.8	61.8	14.9
tr|A0A7J6H2D3|A0A7J6H2D3_CANSA	A0A2K5U5T7	34.9	63	102	409	1.75e-08	47.8	61.8	14.9
tr|A0A7J6H2D3|A0A7J6H2D3_CANSA	A0A2K5ZTN0	34.9	63	102	409	1.75e-08	47.8	61.8	14.9
tr|A0A7J6H2D3|A0A7J6H2D3_CANSA	A0A2K5ZTJ1	34.9	63	102	422	1.76e-08	47.8	61.8	14.5
tr|A0A7J6H2D3|A0A7J6H2D3_CANSA	A0A2K5ZTD4	34.9	63	102	437	1.77e-08	47.8	61.8	14.0
tr|A0A7J6H2D3|A0A7J6H2D3_CANSA	A0A0D9R2C8	34.9	63	102	444	1.77e-08	47.8	61.8	13.7
tr|A0A7J6H2D3|A0A7J6H2D3_CANSA	A0A2K5NWS9	34.9	63	102	444	1.77e-08	47.8	61.8	13.7
tr|A0A7J6H2D3|A0A7J6H2D3_CANSA	A0A2K6D4T4	34.9	63	102	444	1.77e-08	47.8	61.8	13.7
tr|A0A7J6H2D3|A0A7J6H2D3_CANSA	A0A6I8NAX3	40.0	60	102	444	1.77e-08	47.8	58.8	11.9
tr|A0A7J6H2D3|A0A7J6H2D3_CANSA	A0A6J0ZEQ7	33.9	62	102	444	1.77e-08	47.8	60.8	12.4
tr|A0A7J6H2D3|A0A7J6H2D3_CANSA	A0A8D2FBF1	34.9	63	102	444	1.77e-08	47.8	61.8	13.7
tr|A0A7J6H2D3|A0A7J6H2D3_CANSA	F6YUF6	34.9	63	102	444	1.77e-08	47.8	61.8	13.7
tr|A0A7J6H2D3|A0A7J6H2D3_CANSA	H9G216	34.9	63	102	444	1.77e-08	47.8	61.8	13.7
tr|A0A7J6H2D3|A0A7J6H2D3_CANSA	A0A1D5Q079	34.9	63	102	457	1.78e-08	47.8	61.8	13.3
tr|A0A7J6H2D3|A0A7J6H2D3_CANSA	A0A7N9CBC3	34.9	63	102	457	1.78e-08	47.8	61.8	13.3
tr|A0A7J6H2D3|A0A7J6H2D3_CANSA	A0ABM4HDD4	33.9	62	102	472	1.79e-08	47.8	60.8	11.7
tr|A0A7J6H2D3|A0A7J6H2D3_CANSA	A0ACF8K989	33.9	62	102	224	1.82e-08	47.4	60.8	24.6
tr|A0A7J6H2D3|A0A7J6H2D3_CANSA	A0A8C5YNB8	35.5	62	102	436	2.42e-08	47.4	60.8	12.6
tr|A0A7J6H2D3|A0A7J6H2D3_CANSA	A0A2K5KFD0	33.9	62	102	444	2.42e-08	47.4	60.8	12.4
tr|A0A7J6H2D3|A0A7J6H2D3_CANSA	A0A2K6MTW7	33.9	62	102	444	2.42e-08	47.4	60.8	12.4
tr|A0A7J6H2D3|A0A7J6H2D3_CANSA	A0A2K6QZH9	33.9	62	102	444	2.42e-08	47.4	60.8	12.4
tr|A0A7J6H2D3|A0A7J6H2D3_CANSA	A0A5E4B1S8	35.5	62	102	444	2.42e-08	47.4	60.8	12.4
tr|A0A7J6H2D3|A0A7J6H2D3_CANSA	A0A8C9GT53	33.9	62	102	444	2.42e-08	47.4	60.8	12.4
tr|A0A7J6H2D3|A0A7J6H2D3_CANSA	A0A8D2B8T4	35.5	62	102	444	2.42e-08	47.4	60.8	12.4
tr|A0A7J6H2D3|A0A7J6H2D3_CANSA	A0AA41T7J5	35.5	62	102	444	2.42e-08	47.4	60.8	12.4
tr|A0A7J6H2D3|A0A7J6H2D3_CANSA	A0ACF8I8R0	33.9	62	102	444	2.42e-08	47.4	60.8	12.4
tr|A0A7J6H2D3|A0A7J6H2D3_CANSA	A0ACF8NVM1	33.9	62	102	444	2.42e-08	47.4	60.8	12.4
tr|A0A7J6H2D3|A0A7J6H2D3_CANSA	I3MN09	35.5	62	102	444	2.42e-08	47.4	60.8	12.4
tr|A0A7J6H2D3|A0A7J6H2D3_CANSA	A0AAU9ZLW5	35.5	62	102	386	3.25e-08	47.0	60.8	14.2
tr|A0A7J6H2D3|A0A7J6H2D3_CANSA	A0A1U7Q654	35.5	62	102	444	3.31e-08	47.0	60.8	12.4
tr|A0A7J6H2D3|A0A7J6H2D3_CANSA	A0A8C2M1T6	35.5	62	102	444	3.31e-08	47.0	60.8	12.4
tr|A0A7J6H2D3|A0A7J6H2D3_CANSA	A0A9B0U7Q0	33.9	62	102	444	3.31e-08	47.0	60.8	12.4
tr|A0A7J6H2D3|A0A7J6H2D3_CANSA	A0AAU9ZP26	35.5	62	102	444	3.31e-08	47.0	60.8	12.4
tr|A0A7J6H2D3|A0A7J6H2D3_CANSA	A0ABN8YZR8	33.9	62	102	444	3.31e-08	47.0	60.8	12.4
tr|A0A7J6H2D3|A0A7J6H2D3_CANSA	G3R9J3	33.9	62	102	255	3.88e-08	46.6	60.8	21.6
tr|A0A7J6H2D3|A0A7J6H2D3_CANSA	A0ACI8TB36	33.9	62	102	344	4.35e-08	46.6	60.8	16.0
tr|A0A7J6H2D3|A0A7J6H2D3_CANSA	L5KQ77	35.5	62	102	379	4.42e-08	46.6	60.8	14.5
tr|A0A7J6H2D3|A0A7J6H2D3_CANSA	A0ACI8RCU9	33.9	62	102	398	4.45e-08	46.6	60.8	13.8
tr|A0A7J6H2D3|A0A7J6H2D3_CANSA	A0ACI8QW41	33.9	62	102	402	4.46e-08	46.6	60.8	13.7
tr|A0A7J6H2D3|A0A7J6H2D3_CANSA	A0ACI8TAX1	33.9	62	102	402	4.46e-08	46.6	60.8	13.7
tr|A0A7J6H2D3|A0A7J6H2D3_CANSA	A0ACI8TA36	33.9	62	102	422	4.49e-08	46.6	60.8	13.0
tr|A0A7J6H2D3|A0A7J6H2D3_CANSA	A0A6B0RMM1	33.9	62	102	427	4.49e-08	46.6	60.8	12.9
tr|A0A7J6H2D3|A0A7J6H2D3_CANSA	A0ACI8TA33	33.9	62	102	443	4.51e-08	46.6	60.8	12.4
tr|A0A7J6H2D3|A0A7J6H2D3_CANSA	A0A097P7B2	33.9	62	102	444	4.52e-08	46.6	60.8	12.4
tr|A0A7J6H2D3|A0A7J6H2D3_CANSA	A0A1U7U4P0	33.9	62	102	444	4.52e-08	46.6	60.8	12.4
tr|A0A7J6H2D3|A0A7J6H2D3_CANSA	A0A2K5PNC7	33.9	62	102	444	4.52e-08	46.6	60.8	12.4
tr|A0A7J6H2D3|A0A7J6H2D3_CANSA	A0A2K6FU00	33.9	62	102	444	4.52e-08	46.6	60.8	12.4
tr|A0A7J6H2D3|A0A7J6H2D3_CANSA	A0A2R9BKZ6	33.9	62	102	444	4.52e-08	46.6	60.8	12.4
tr|A0A7J6H2D3|A0A7J6H2D3_CANSA	A0A4W2DUM0	33.9	62	102	444	4.52e-08	46.6	60.8	12.4
tr|A0A7J6H2D3|A0A7J6H2D3_CANSA	A0A5N3W3I1	33.9	62	102	444	4.52e-08	46.6	60.8	12.4
tr|A0A7J6H2D3|A0A7J6H2D3_CANSA	A0A5N3XT29	33.9	62	102	444	4.52e-08	46.6	60.8	12.4
tr|A0A7J6H2D3|A0A7J6H2D3_CANSA	A0A6J3IAN6	33.9	62	102	444	4.52e-08	46.6	60.8	12.4
tr|A0A7J6H2D3|A0A7J6H2D3_CANSA	A0A6P3IK26	33.9	62	102	444	4.52e-08	46.6	60.8	12.4
tr|A0A7J6H2D3|A0A7J6H2D3_CANSA	A0A6P3QLI8	35.5	62	102	444	4.52e-08	46.6	60.8	12.4
tr|A0A7J6H2D3|A0A7J6H2D3_CANSA	A0A6P5BJW1	33.9	62	102	444	4.52e-08	46.6	60.8	12.4
tr|A0A7J6H2D3|A0A7J6H2D3_CANSA	A0A8B7SFT2	33.9	62	102	444	4.52e-08	46.6	60.8	12.4
tr|A0A7J6H2D3|A0A7J6H2D3_CANSA	A0A8C6FN98	33.9	62	102	444	4.52e-08	46.6	60.8	12.4
tr|A0A7J6H2D3|A0A7J6H2D3_CANSA	A0ABM0LNH9	35.5	62	102	444	4.52e-08	46.6	60.8	12.4
tr|A0A7J6H2D3|A0A7J6H2D3_CANSA	A0ACM8R4S8	33.9	62	102	444	4.52e-08	46.6	60.8	12.4
tr|A0A7J6H2D3|A0A7J6H2D3_CANSA	H2Q3U8	33.9	62	102	444	4.52e-08	46.6	60.8	12.4
tr|A0A7J6H2D3|A0A7J6H2D3_CANSA	K7BG07	33.9	62	102	444	4.52e-08	46.6	60.8	12.4
tr|A0A7J6H2D3|A0A7J6H2D3_CANSA	A0ACI8TAQ9	33.9	62	102	452	4.53e-08	46.6	60.8	12.2
tr|A0A7J6H2D3|A0A7J6H2D3_CANSA	A0A4W2C7R9	33.9	62	102	469	4.54e-08	46.6	60.8	11.7
tr|A0A7J6H2D3|A0A7J6H2D3_CANSA	A0A4W2E825	33.9	62	102	594	4.65e-08	46.6	60.8	9.3
tr|A0A7J6H2D3|A0A7J6H2D3_CANSA	A0A8B7A5H7	35.5	62	102	398	6.08e-08	46.2	60.8	13.8
tr|A0A7J6H2D3|A0A7J6H2D3_CANSA	A0A340XT28	29.3	92	102	424	6.13e-08	46.2	75.5	20.0
tr|A0A7J6H2D3|A0A7J6H2D3_CANSA	A0A340XSB0	29.3	92	102	427	6.14e-08	46.2	75.5	19.9
tr|A0A7J6H2D3|A0A7J6H2D3_CANSA	A0A8C5W438	33.9	62	102	427	6.14e-08	46.2	60.8	12.9
tr|A0A7J6H2D3|A0A7J6H2D3_CANSA	A0A8C6D993	45.5	44	102	443	6.16e-08	46.2	41.2	9.9
tr|A0A7J6H2D3|A0A7J6H2D3_CANSA	A0A2K6UA82	35.5	62	102	444	6.17e-08	46.2	60.8	13.5
tr|A0A7J6H2D3|A0A7J6H2D3_CANSA	A0A340XLC4	29.3	92	102	444	6.17e-08	46.2	75.5	19.1
tr|A0A7J6H2D3|A0A7J6H2D3_CANSA	A0A671DRA6	35.5	62	102	444	6.17e-08	46.2	60.8	12.4
tr|A0A7J6H2D3|A0A7J6H2D3_CANSA	A0A8J8YDV0	33.9	62	102	444	6.17e-08	46.2	60.8	12.4
tr|A0A7J6H2D3|A0A7J6H2D3_CANSA	U3EAX4	33.9	62	102	444	6.17e-08	46.2	60.8	12.4
tr|A0A7J6H2D3|A0A7J6H2D3_CANSA	L8Y1X2	35.5	62	102	453	6.18e-08	46.2	60.8	12.1
tr|A0A7J6H2D3|A0A7J6H2D3_CANSA	A0A1A6FYU7	33.9	62	102	181	6.82e-08	45.4	60.8	30.4
tr|A0A7J6H2D3|A0A7J6H2D3_CANSA	A0A7F8QKG8	33.9	62	102	252	7.24e-08	45.8	60.8	21.8
tr|A0A7J6H2D3|A0A7J6H2D3_CANSA	A0A7F8QHJ6	33.9	62	102	294	7.81e-08	45.8	60.8	18.7
tr|A0A7J6H2D3|A0A7J6H2D3_CANSA	A0A8C9PAG7	33.9	62	102	368	8.21e-08	45.8	60.8	14.9
tr|A0A7J6H2D3|A0A7J6H2D3_CANSA	A0A6J3RQR0	33.9	62	102	398	8.30e-08	45.8	60.8	13.8
tr|A0A7J6H2D3|A0A7J6H2D3_CANSA	A0A2Y9GPL9	33.9	62	102	402	8.31e-08	45.8	60.8	13.7
tr|A0A7J6H2D3|A0A7J6H2D3_CANSA	A0A8C9CKS5	33.9	62	102	410	8.34e-08	45.8	60.8	13.4
tr|A0A7J6H2D3|A0A7J6H2D3_CANSA	A0A2K5EUF8	35.5	62	102	444	8.42e-08	45.8	60.8	13.5
tr|A0A7J6H2D3|A0A7J6H2D3_CANSA	A0A2U3WMF1	33.9	62	102	444	8.42e-08	45.8	60.8	12.4
tr|A0A7J6H2D3|A0A7J6H2D3_CANSA	A0A2Y9GTG8	33.9	62	102	444	8.42e-08	45.8	60.8	12.4
tr|A0A7J6H2D3|A0A7J6H2D3_CANSA	A0A2Y9PVZ8	33.9	62	102	444	8.42e-08	45.8	60.8	12.4
tr|A0A7J6H2D3|A0A7J6H2D3_CANSA	A0A341BRA6	33.9	62	102	444	8.42e-08	45.8	60.8	12.4
tr|A0A7J6H2D3|A0A7J6H2D3_CANSA	A0A3Q7R172	33.9	62	102	444	8.42e-08	45.8	60.8	12.4
tr|A0A7J6H2D3|A0A7J6H2D3_CANSA	A0A6J2BYR2	33.9	62	102	444	8.42e-08	45.8	60.8	12.4
tr|A0A7J6H2D3|A0A7J6H2D3_CANSA	A0A6J3RQ21	33.9	62	102	444	8.42e-08	45.8	60.8	12.4
tr|A0A7J6H2D3|A0A7J6H2D3_CANSA	A0A8B8Y3A2	33.9	62	102	444	8.42e-08	45.8	60.8	12.4
tr|A0A7J6H2D3|A0A7J6H2D3_CANSA	A0A8C6C1G1	33.9	62	102	444	8.42e-08	45.8	60.8	12.4
tr|A0A7J6H2D3|A0A7J6H2D3_CANSA	A0A8C6R659	33.9	62	102	444	8.42e-08	45.8	60.8	12.4
tr|A0A7J6H2D3|A0A7J6H2D3_CANSA	A0A8C7BV79	33.9	62	102	444	8.42e-08	45.8	60.8	12.4
tr|A0A7J6H2D3|A0A7J6H2D3_CANSA	A0A8C9AGB6	33.9	62	102	444	8.42e-08	45.8	60.8	12.4
tr|A0A7J6H2D3|A0A7J6H2D3_CANSA	A0A8C9CC49	33.9	62	102	444	8.42e-08	45.8	60.8	12.4
tr|A0A7J6H2D3|A0A7J6H2D3_CANSA	A0ABM3U182	33.9	62	102	444	8.42e-08	45.8	60.8	12.4
tr|A0A7J6H2D3|A0A7J6H2D3_CANSA	M3YRP0	33.9	62	102	444	8.42e-08	45.8	60.8	12.4
tr|A0A7J6H2D3|A0A7J6H2D3_CANSA	A0AAW0HMZ6	33.9	62	102	318	1.09e-07	45.4	60.8	17.3
tr|A0A7J6H2D3|A0A7J6H2D3_CANSA	A0A140TAE1	33.9	62	102	386	1.13e-07	45.4	60.8	14.2
tr|A0A7J6H2D3|A0A7J6H2D3_CANSA	A0AC58R0E2	33.9	62	102	398	1.13e-07	45.4	60.8	13.8
tr|A0A7J6H2D3|A0A7J6H2D3_CANSA	A0A8I5ZWZ8	33.9	62	102	410	1.14e-07	45.4	60.8	13.4
tr|A0A7J6H2D3|A0A7J6H2D3_CANSA	A0ABQ0FSE9	33.9	62	102	426	1.14e-07	45.4	60.8	12.9
tr|A0A7J6H2D3|A0A7J6H2D3_CANSA	A0A8C6I4C1	33.9	62	102	434	1.15e-07	45.4	60.8	12.7
tr|A0A7J6H2D3|A0A7J6H2D3_CANSA	A0A8B6Y5Q9	33.9	62	102	443	1.15e-07	45.4	60.8	12.4
tr|A0A7J6H2D3|A0A7J6H2D3_CANSA	A0A6I9MEG9	33.9	62	102	444	1.15e-07	45.4	60.8	12.4
tr|A0A7J6H2D3|A0A7J6H2D3_CANSA	A0A6P5P6I7	33.9	62	102	444	1.15e-07	45.4	60.8	12.4
tr|A0A7J6H2D3|A0A7J6H2D3_CANSA	A0A7J7FD96	33.9	62	102	444	1.15e-07	45.4	60.8	12.4
tr|A0A7J6H2D3|A0A7J6H2D3_CANSA	A0A8C6I4F4	33.9	62	102	444	1.15e-07	45.4	60.8	12.4
tr|A0A7J6H2D3|A0A7J6H2D3_CANSA	A0ABM0I036	33.9	62	102	444	1.15e-07	45.4	60.8	12.4
tr|A0A7J6H2D3|A0A7J6H2D3_CANSA	A0AC58R0G0	33.9	62	102	444	1.15e-07	45.4	60.8	12.4
tr|A0A7J6H2D3|A0A7J6H2D3_CANSA	A0ACF6GY87	33.9	62	102	444	1.15e-07	45.4	60.8	12.4
tr|A0A7J6H2D3|A0A7J6H2D3_CANSA	A0A4X2K3C7	27.2	92	102	446	1.15e-07	45.4	75.5	19.1
tr|A0A7J6H2D3|A0A7J6H2D3_CANSA	H0WQ14	32.3	62	102	447	1.15e-07	45.4	60.8	12.3
tr|A0A7J6H2D3|A0A7J6H2D3_CANSA	A0A5N4DLW8	33.9	62	102	459	1.15e-07	45.4	60.8	12.0
tr|A0A7J6H2D3|A0A7J6H2D3_CANSA	A0A4X2K0X7	27.2	92	102	478	1.16e-07	45.4	75.5	17.8
tr|A0A7J6H2D3|A0A7J6H2D3_CANSA	F6YXC7	28.3	92	102	224	1.24e-07	45.1	75.5	37.9
tr|A0A7J6H2D3|A0A7J6H2D3_CANSA	A0A287BJC4	30.4	92	102	402	1.55e-07	45.1	75.5	21.1
tr|A0A7J6H2D3|A0A7J6H2D3_CANSA	F1RKS7	30.4	92	102	427	1.56e-07	45.1	75.5	19.9
tr|A0A7J6H2D3|A0A7J6H2D3_CANSA	A0A0U3TC30	51.4	35	102	444	1.57e-07	45.1	34.3	7.9
tr|A0A7J6H2D3|A0A7J6H2D3_CANSA	A0A1S2ZY34	48.6	35	102	444	1.57e-07	45.1	34.3	7.9
tr|A0A7J6H2D3|A0A7J6H2D3_CANSA	D2XT13	30.4	92	102	444	1.57e-07	45.1	75.5	19.1
tr|A0A7J6H2D3|A0A7J6H2D3_CANSA	G1SJU8	51.4	35	102	444	1.57e-07	45.1	34.3	7.9
tr|A0A7J6H2D3|A0A7J6H2D3_CANSA	G3SV00	35.5	62	102	447	1.57e-07	45.1	60.8	12.3
tr|A0A7J6H2D3|A0A7J6H2D3_CANSA	A0A455CBT0	33.9	62	102	263	1.91e-07	44.7	60.8	20.9
tr|A0A7J6H2D3|A0A7J6H2D3_CANSA	A0A452QWW6	33.9	62	102	318	2.04e-07	44.7	60.8	17.3
tr|A0A7J6H2D3|A0A7J6H2D3_CANSA	A0A6J2LZM4	33.9	62	102	444	2.14e-07	44.7	60.8	12.4
tr|A0A7J6H2D3|A0A7J6H2D3_CANSA	A0A8M1GUG8	33.9	62	102	444	2.14e-07	44.7	60.8	12.4
tr|A0A7J6H2D3|A0A7J6H2D3_CANSA	D2HUF7	33.9	62	102	444	2.14e-07	44.7	60.8	12.4
tr|A0A7J6H2D3|A0A7J6H2D3_CANSA	A0A7N5KQ70	33.9	62	102	488	2.17e-07	44.7	60.8	11.3
tr|A0A7J6H2D3|A0A7J6H2D3_CANSA	A0A8J5ZV45	52.9	34	102	633	2.22e-07	44.7	33.3	5.4
tr|A0A7J6H2D3|A0A7J6H2D3_CANSA	A0A7N5KRR1	33.9	62	102	682	2.24e-07	44.7	60.8	8.1
tr|A0A7J6H2D3|A0A7J6H2D3_CANSA	A0A2Y9JS87	32.3	62	102	444	2.93e-07	44.3	60.8	12.4
tr|A0A7J6H2D3|A0A7J6H2D3_CANSA	A0A6P5IRF7	27.2	92	102	446	2.93e-07	44.3	75.5	19.1
tr|A0A7J6H2D3|A0A7J6H2D3_CANSA	A0A7J7RHE6	33.9	62	102	211	3.05e-07	43.9	60.8	26.1
tr|A0A7J6H2D3|A0A7J6H2D3_CANSA	A0A7J7RH08	33.9	62	102	279	3.67e-07	43.9	60.8	19.7
tr|A0A7J6H2D3|A0A7J6H2D3_CANSA	A0A6P6H6F8	33.9	62	102	299	3.75e-07	43.9	60.8	18.4
tr|A0A7J6H2D3|A0A7J6H2D3_CANSA	A0A7J8ER13	33.9	62	102	386	3.93e-07	43.9	60.8	14.2
tr|A0A7J6H2D3|A0A7J6H2D3_CANSA	A0A6J1Y9U7	33.9	62	102	398	3.94e-07	43.9	60.8	13.8
tr|A0A7J6H2D3|A0A7J6H2D3_CANSA	A0A9V1DYJ1	33.9	62	102	398	3.94e-07	43.9	60.8	13.8
tr|A0A7J6H2D3|A0A7J6H2D3_CANSA	A0A485NIT7	33.9	62	102	444	4.00e-07	43.9	60.8	12.4
tr|A0A7J6H2D3|A0A7J6H2D3_CANSA	A0A667I757	33.9	62	102	444	4.00e-07	43.9	60.8	12.4
tr|A0A7J6H2D3|A0A7J6H2D3_CANSA	A0A6J1Y9S1	33.9	62	102	444	4.00e-07	43.9	60.8	12.4
tr|A0A7J6H2D3|A0A7J6H2D3_CANSA	A0A6J3BQ89	32.3	62	102	444	4.00e-07	43.9	60.8	12.4
tr|A0A7J6H2D3|A0A7J6H2D3_CANSA	A0A7J7RH61	33.9	62	102	444	4.00e-07	43.9	60.8	12.4
tr|A0A7J6H2D3|A0A7J6H2D3_CANSA	A0A7J8EPY8	33.9	62	102	444	4.00e-07	43.9	60.8	12.4
tr|A0A7J6H2D3|A0A7J6H2D3_CANSA	A0A8C3YP80	50.0	34	102	444	4.00e-07	43.9	33.3	7.7
tr|A0A7J6H2D3|A0A7J6H2D3_CANSA	A0A8C8WZ21	33.9	62	102	444	4.00e-07	43.9	60.8	12.4
tr|A0A7J6H2D3|A0A7J6H2D3_CANSA	A0A9W2VB67	33.9	62	102	444	4.00e-07	43.9	60.8	12.4
tr|A0A7J6H2D3|A0A7J6H2D3_CANSA	A0AA40HR57	33.9	62	102	444	4.00e-07	43.9	60.8	12.4
tr|A0A7J6H2D3|A0A7J6H2D3_CANSA	A0ABI7ZRS6	33.9	62	102	444	4.00e-07	43.9	60.8	12.4
tr|A0A7J6H2D3|A0A7J6H2D3_CANSA	A0A667HQU3	33.9	62	102	452	4.01e-07	43.9	60.8	12.2
tr|A0A7J6H2D3|A0A7J6H2D3_CANSA	A0A7J8EQA1	33.9	62	102	460	4.02e-07	43.9	60.8	12.0
tr|A0A7J6H2D3|A0A7J6H2D3_CANSA	L5LCQ8	33.9	62	102	383	5.35e-07	43.5	60.8	14.4
tr|A0A7J6H2D3|A0A7J6H2D3_CANSA	A0A9L0R8Q0	33.9	62	102	402	5.39e-07	43.5	60.8	13.7
tr|A0A7J6H2D3|A0A7J6H2D3_CANSA	A0A8C4LLG8	33.9	62	102	410	5.40e-07	43.5	60.8	13.4
tr|A0A7J6H2D3|A0A7J6H2D3_CANSA	F6SIL5	33.9	62	102	410	5.40e-07	43.5	60.8	13.4
tr|A0A7J6H2D3|A0A7J6H2D3_CANSA	A0A3Q2HMZ7	33.9	62	102	432	5.44e-07	43.5	60.8	12.7
tr|A0A7J6H2D3|A0A7J6H2D3_CANSA	A0A8C4LS91	33.9	62	102	432	5.44e-07	43.5	60.8	12.7
tr|A0A7J6H2D3|A0A7J6H2D3_CANSA	A0A8I3RWD0	33.9	62	102	442	5.46e-07	43.5	60.8	12.4
tr|A0A7J6H2D3|A0A7J6H2D3_CANSA	A0A3Q7RBB5	33.9	62	102	444	5.46e-07	43.5	60.8	12.4
tr|A0A7J6H2D3|A0A7J6H2D3_CANSA	A0A8C0KGD9	33.9	62	102	444	5.46e-07	43.5	60.8	12.4
tr|A0A7J6H2D3|A0A7J6H2D3_CANSA	A0ABM4JZQ6	33.9	62	102	444	5.46e-07	43.5	60.8	12.4
tr|A0A7J6H2D3|A0A7J6H2D3_CANSA	A0A9L0S1H2	33.9	62	102	460	5.48e-07	43.5	60.8	12.0
tr|A0A7J6H2D3|A0A7J6H2D3_CANSA	A0A9L0RMC9	33.9	62	102	469	5.50e-07	43.5	60.8	11.7
tr|A0A7J6H2D3|A0A7J6H2D3_CANSA	A0A3Q2HPL9	33.9	62	102	490	5.52e-07	43.5	60.8	11.2
tr|A0A7J6H2D3|A0A7J6H2D3_CANSA	A0A673TLX2	33.9	62	102	444	7.46e-07	43.1	60.8	12.4
tr|A0A7J6H2D3|A0A7J6H2D3_CANSA	A0ABM0S421	33.9	62	102	444	7.46e-07	43.1	60.8	12.4
tr|A0A7J6H2D3|A0A7J6H2D3_CANSA	A0ACB9UWW7	44.1	34	102	106	1.01e-06	41.2	33.3	32.1
tr|A0A7J6H2D3|A0A7J6H2D3_CANSA	A0A7J8GYM1	32.3	62	102	386	1.36e-06	42.4	60.8	14.2
tr|A0A7J6H2D3|A0A7J6H2D3_CANSA	A0A7J8GYE7	32.3	62	102	444	1.39e-06	42.4	60.8	12.4
tr|A0A7J6H2D3|A0A7J6H2D3_CANSA	A0A1S3G0K3	38.1	63	102	494	2.62e-06	41.6	60.8	11.3
tr|A0A7J6H2D3|A0A7J6H2D3_CANSA	A0ACI6S0X0	44.1	34	102	424	3.52e-06	41.2	33.3	8.0
tr|A0A7J6H2D3|A0A7J6H2D3_CANSA	A0A5N3XHK2	30.6	62	102	411	4.79e-06	40.8	60.8	13.4
tr|A0A7J6H2D3|A0A7J6H2D3_CANSA	A0A8B7KGW4	29.2	65	102	207	7.27e-06	40.0	63.7	30.4
