Entry	Reviewed	Organism	Protein names	EC number	Rhea ID
P77555	reviewed	Escherichia coli (strain K12)	Ureidoglycolate dehydrogenase (NAD(+)) (EC 1.1.1.350)	1.1.1.350	RHEA:15329
P58408	reviewed	Escherichia coli O157:H7	Ureidoglycolate dehydrogenase (NAD(+)) (EC 1.1.1.350)	1.1.1.350	RHEA:15329
A0A011NAY2	unreviewed	Mannheimia granulomatis	Ureidoglycolate dehydrogenase		
A0A011TN24	unreviewed	Aquamicrobium defluvii	LDH2 family malate/lactate/ureidoglycolate dehydrogenase		
A0A011V1R8	unreviewed	Aquamicrobium defluvii	LDH2 family malate/lactate/ureidoglycolate dehydrogenase		
A0A061A5Y9	unreviewed	Streptomyces iranensis	LDH2 family malate/lactate/ureidoglycolate dehydrogenase		
A0A068T1K8	unreviewed	Neorhizobium galegae bv. orientalis str. HAMBI 540	Ureidoglycolate dehydrogenase		
A0A069P2V3	unreviewed	Caballeronia grimmiae	Malate/lactate/ureidoglycolate dehydrogenase		
A0A075R1V5	unreviewed	Brevibacillus laterosporus LMG 15441	Ureidoglycolate dehydrogenase (EC 1.1.1.350)	1.1.1.350	
A0A075R5Y2	unreviewed	Brevibacillus laterosporus LMG 15441	Ureidoglycolate dehydrogenase (EC 1.1.1.350)	1.1.1.350	
A0A078M0E0	unreviewed	Jeotgalicoccus saudimassiliensis	Ureidoglycolate dehydrogenase (NAD(+))		
A0A078M3D2	unreviewed	Jeotgalicoccus saudimassiliensis	Ureidoglycolate dehydrogenase (NAD(+))		
A0A085GIC9	unreviewed	Buttiauxella agrestis ATCC 33320	Ureidoglycolate dehydrogenase (EC 1.-.-.-, EC 1.1.1.154)	1.-.-.-; 1.1.1.154	
A0A085GPM7	unreviewed	Ewingella americana (strain ATCC 33852 / DSM 4580 / CCUG 14506 / JCM 5911 / LMG 7869 / NCTC 12157 / CDC 1468-78)	Ureidoglycolate dehydrogenase (EC 1.-.-.-, EC 1.1.1.154)	1.-.-.-; 1.1.1.154	
A0A085J984	unreviewed	Tatumella ptyseos ATCC 33301	Ureidoglycolate dehydrogenase (EC 1.-.-.-, EC 1.1.1.154)	1.-.-.-; 1.1.1.154	
A0A090ZLQ6	unreviewed	Paenibacillus macerans (Bacillus macerans)	Ureidoglycolate dehydrogenase (EC 1.1.1.154)	1.1.1.154	
A0A091BYF3	unreviewed	Tetragenococcus muriaticus 3MR10-3	Ureidoglycolate dehydrogenase (EC 1.-.-.-, EC 1.1.1.154)	1.-.-.-; 1.1.1.154	
A0A095UYI2	unreviewed	Tatumella morbirosei	Ureidoglycolate dehydrogenase		
A0A099W4C0	unreviewed	Listeria booriae	Ureidoglycolate dehydrogenase		
A0A099W631	unreviewed	Listeria booriae	Ureidoglycolate dehydrogenase		
A0A0A3I3A4	unreviewed	Ureibacillus manganicus DSM 26584	Ureidoglycolate dehydrogenase		
A0A0A3I8W4	unreviewed	Ureibacillus manganicus DSM 26584	Ureidoglycolate dehydrogenase		
A0A0A3XIS8	unreviewed	Bradyrhizobium japonicum	LDH2 family malate/lactate/ureidoglycolate dehydrogenase		
A0A0A6XYX4	unreviewed	Heyndrickxia ginsengihumi	Ureidoglycolate dehydrogenase (EC 1.1.1.154)	1.1.1.154	
A0A0B0IDL0	unreviewed	Halalkalibacter okhensis	Ureidoglycolate dehydrogenase		
A0A0B2BEC3	unreviewed	Mumia flava	LDH2 family malate/lactate/ureidoglycolate dehydrogenase		
A0A0C1U0J8	unreviewed	Clostridium argentinense CDC 2741	Ureidoglycolate dehydrogenase (EC 1.1.1.154)	1.1.1.154	
A0A0C2W5Q8	unreviewed	Jeotgalibacillus soli	Ureidoglycolate dehydrogenase		
A0A0C5WTZ1	unreviewed	Photobacterium gaetbulicola Gung47	Ureidoglycolate dehydrogenase		
A0A0D0SQ95	unreviewed	Staphylococcus gallinarum	Ureidoglycolate dehydrogenase		
A0A0D6XTF2	unreviewed	Staphylococcus microti	Ureidoglycolate dehydrogenase		
A0A0D6XUG2	unreviewed	Staphylococcus microti	Ureidoglycolate dehydrogenase		
A0A0E3K4T0	unreviewed	Clostridium scatologenes	Ureidoglycolate dehydrogenase		
A0A0F6AY13	unreviewed	Salmonella typhimurium (strain 14028s / SGSC 2262)	Ureidoglycolate dehydrogenase		
A0A0F7HP70	unreviewed	Salinicoccus halodurans	Ureidoglycolate dehydrogenase		
A0A0G3SK05	unreviewed	Serratia marcescens	Ureidoglycolate dehydrogenase		
A0A0H2V4Z9	unreviewed	Escherichia coli O6:H1 (strain CFT073 / ATCC 700928 / UPEC)	Ureidoglycolate dehydrogenase (EC 1.1.1.154)	1.1.1.154	
A0A0H2VB02	unreviewed	Escherichia coli O6:H1 (strain CFT073 / ATCC 700928 / UPEC)	Ureidoglycolate dehydrogenase (EC 1.1.1.154)	1.1.1.154	
A0A0H2YWE3	unreviewed	Escherichia coli O1:K1 / APEC	Ureidoglycolate dehydrogenase		
A0A0H2Z332	unreviewed	Escherichia coli O1:K1 / APEC	Ureidoglycolate dehydrogenase		
A0A0H3EEL4	unreviewed	Escherichia coli O83:H1 (strain NRG 857C / AIEC)	Ureidoglycolate dehydrogenase		
A0A0H3F574	unreviewed	Rahnella sp. (strain Y9602)	Ureidoglycolate dehydrogenase (EC 1.1.1.154)	1.1.1.154	
A0A0H3GU07	unreviewed	Klebsiella pneumoniae subsp. pneumoniae (strain HS11286)	Malate/lactate/ureidoglycolate dehydrogenase		
A0A0H3HAK4	unreviewed	Klebsiella michiganensis (strain ATCC 8724 / DSM 4798 / JCM 20051 / NBRC 3318 / NRRL B-199 / KCTC 1686 / BUCSAV 143 / CCM 1901)	Malate/lactate/ureidoglycolate dehydrogenase		
A0A0H3NIL1	unreviewed	Salmonella typhimurium (strain SL1344)	Ureidoglycolate dehydrogenase		
A0A0J9EDC9	unreviewed	Candidatus Rhodobacter oscarellae	Ureidoglycolate dehydrogenase (EC 1.1.1.154)	1.1.1.154	
A0A0K6GUD7	unreviewed	Gulbenkiania indica	Malate/lactate/ureidoglycolate dehydrogenase, LDH2 family		
A0A0K6HCC0	unreviewed	Pseudidiomarina woesei	Malate/lactate/ureidoglycolate dehydrogenase, LDH2 family		
A0A0K6I423	unreviewed	Pannonibacter indicus	Malate/lactate/ureidoglycolate dehydrogenase, LDH2 family		
A0A0K6IKV4	unreviewed	Marinomonas fungiae	Malate/lactate/ureidoglycolate dehydrogenase, LDH2 family		
A0A0K8P4D9	unreviewed	Piscinibacter sakaiensis (Ideonella sakaiensis)	Ureidoglycolate dehydrogenase (EC 1.1.1.154)	1.1.1.154	
A0A0L0MIJ3	unreviewed	Candidatus Burkholderia verschuerenii	Ureidoglycolate dehydrogenase (EC 1.1.1.154)	1.1.1.154	
A0A0M2SQU8	unreviewed	Salinicoccus sediminis	Ureidoglycolate dehydrogenase		
A0A0M4FKB3	unreviewed	Bacillus gobiensis	Ureidoglycolate dehydrogenase		
A0A0N1FKE1	unreviewed	Allobosea vaviloviae	Malate/lactate/ureidoglycolate dehydrogenase		
A0A0P0EM20	unreviewed	Azospirillum brasilense	Malate/lactate/ureidoglycolate dehydrogenase		
A0A0P8A033	unreviewed	Saliniramus fredricksonii	Malate/lactate/ureidoglycolate dehydrogenase, LDH2 family		
A0A0Q3T5Q7	unreviewed	Cytobacillus solani	Ureidoglycolate dehydrogenase		
A0A0Q3TFD3	unreviewed	Heyndrickxia shackletonii	Ureidoglycolate dehydrogenase		
A0A0R1GSJ2	unreviewed	Levilactobacillus parabrevis ATCC 53295	Ureidoglycolate dehydrogenase		
A0A0R1LQG7	unreviewed	Levilactobacillus acidifarinae DSM 19394 = JCM 15949	Ureidoglycolate dehydrogenase		
A0A0R1UJD9	unreviewed	Levilactobacillus hammesii DSM 16381	Ureidoglycolate dehydrogenase		
A0A0R2HMX8	unreviewed	Carnobacterium divergens DSM 20623	Ureidoglycolate dehydrogenase		
A0A0R2HWH0	unreviewed	Carnobacterium divergens DSM 20623	Ureidoglycolate dehydrogenase		
A0A0S3KAQ2	unreviewed	Enterococcus silesiacus	Ureidoglycolate dehydrogenase		
A0A0S3KAT6	unreviewed	Enterococcus silesiacus	Ureidoglycolate dehydrogenase		
A0A0S4QGT1	unreviewed	Parafrankia irregularis	Malate/lactate/ureidoglycolate dehydrogenase, LDH2 family		
A0A0T5Z1W3	unreviewed	endosymbiont of Ridgeia piscesae	Malate/lactate/ureidoglycolate dehydrogenase, LDH2 family		
A0A0T9N1V9	unreviewed	Yersinia intermedia	Ureidoglycolate dehydrogenase (EC 1.1.1.154)	1.1.1.154	
A0A0U2LT79	unreviewed	Enterococcus rotai	Ureidoglycolate dehydrogenase		
A0A0U2VQE3	unreviewed	Enterococcus rotai	Ureidoglycolate dehydrogenase		
A0A0U3NP34	unreviewed	Lentibacillus amyloliquefaciens	Ureidoglycolate dehydrogenase		
A0A0U4E5F9	unreviewed	Lentibacillus amyloliquefaciens	Ureidoglycolate dehydrogenase		
A0A0V8J022	unreviewed	Fictibacillus enclensis	Ureidoglycolate dehydrogenase		
A0A109N2X4	unreviewed	Peribacillus simplex	Ureidoglycolate dehydrogenase		
A0A132C392	unreviewed	Tritonibacter horizontis	Ureidoglycolate dehydrogenase (NAD(+)) (EC 1.1.1.350)	1.1.1.350	
A0A143HB65	unreviewed	Rummeliibacillus stabekisii	Ureidoglycolate dehydrogenase		
A0A143HB74	unreviewed	Rummeliibacillus stabekisii	Ureidoglycolate dehydrogenase		
A0A143Z8C9	unreviewed	Trichococcus ilyis	Ureidoglycolate dehydrogenase (NAD+)		
A0A162MXQ1	unreviewed	Thermovenabulum gondwanense	Ureidoglycolate dehydrogenase (NAD(+)) (EC 1.1.1.350)	1.1.1.350	
A0A172RY63	unreviewed	Denitrobacterium detoxificans	Malate/lactate/ureidoglycolate dehydrogenase, LDH2 family		
A0A172YB61	unreviewed	Halotalea alkalilenta	Ureidoglycolate dehydrogenase		
A0A179STX5	unreviewed	Metabacillus litoralis	Ureidoglycolate dehydrogenase		
A0A193G9H2	unreviewed	Bordetella flabilis	Malate/lactate/ureidoglycolate dehydrogenase		
A0A1B1S0A4	unreviewed	Planococcus versutus	Ureidoglycolate dehydrogenase		
A0A1B3XPM1	unreviewed	Peribacillus muralis	Ureidoglycolate dehydrogenase		
A0A1B7IVI8	unreviewed	Buttiauxella brennerae ATCC 51605	Ureidoglycolate dehydrogenase (EC 1.-.-.-, EC 1.1.1.154)	1.-.-.-; 1.1.1.154	
A0A1B7KZA0	unreviewed	Mangrovibacter phragmitis	Malate/lactate/ureidoglycolate dehydrogenase		
A0A1C3UBZ8	unreviewed	Martinezella multihospitum	Malate/lactate/ureidoglycolate dehydrogenase, LDH2 family		
A0A1C3UTL6	unreviewed	Martinezella hainanensis	Malate/lactate/ureidoglycolate dehydrogenase, LDH2 family		
A0A1C3VX21	unreviewed	Martinezella multihospitum	Malate/lactate/ureidoglycolate dehydrogenase, LDH2 family		
A0A1C3W7Z2	unreviewed	Martinezella hainanensis	Ureidoglycolate dehydrogenase (NAD+)		
A0A1C3X455	unreviewed	Martinezella miluonensis	Malate/lactate/ureidoglycolate dehydrogenase, LDH2 family		
A0A1C4Y2L1	unreviewed	Micromonospora viridifaciens	Malate/lactate/ureidoglycolate dehydrogenase, LDH2 family		
A0A1C6UJM9	unreviewed	Micromonospora eburnea	Malate/lactate/ureidoglycolate dehydrogenase, LDH2 family		
A0A1C6UV10	unreviewed	Micromonospora yangpuensis	Malate/lactate/ureidoglycolate dehydrogenase, LDH2 family		
A0A1C7ICB6	unreviewed	Blautia pseudococcoides	Ureidoglycolate dehydrogenase (NAD+)		
A0A1D3TY59	unreviewed	Anaerobium acetethylicum	Malate/lactate/ureidoglycolate dehydrogenase, LDH2 family		
A0A1D3TYQ2	unreviewed	Anaerobium acetethylicum	Malate/lactate/ureidoglycolate dehydrogenase, LDH2 family		
A0A1D7U4K5	unreviewed	Allobosea vaviloviae	Malate/lactate/ureidoglycolate dehydrogenase		
A0A1E3FEK0	unreviewed	Burkholderia contaminans	Malate/lactate/ureidoglycolate dehydrogenase		
A0A1E5GJN4	unreviewed	Enterococcus termitis	Ureidoglycolate dehydrogenase		
A0A1E5GJS0	unreviewed	Enterococcus termitis	Ureidoglycolate dehydrogenase		
A0A1E5GNM7	unreviewed	Enterococcus ureasiticus	Ureidoglycolate dehydrogenase		
A0A1E5GNP6	unreviewed	Enterococcus ureasiticus	Ureidoglycolate dehydrogenase		
A0A1E5H3W9	unreviewed	Enterococcus quebecensis	Ureidoglycolate dehydrogenase		
A0A1E5H437	unreviewed	Enterococcus quebecensis	Ureidoglycolate dehydrogenase		
A0A1E5H9M7	unreviewed	Enterococcus ureilyticus	Ureidoglycolate dehydrogenase		
A0A1E5H9N8	unreviewed	Enterococcus ureilyticus	Ureidoglycolate dehydrogenase		
A0A1E5KYP0	unreviewed	Enterococcus rivorum	Ureidoglycolate dehydrogenase		
A0A1E5KYP3	unreviewed	Enterococcus rivorum	Ureidoglycolate dehydrogenase		
A0A1E5XQM1	unreviewed	Devosia insulae DS-56	Malate/lactate/ureidoglycolate dehydrogenase		
A0A1G4QH79	unreviewed	Asticcacaulis taihuensis	Malate/lactate/ureidoglycolate dehydrogenase, LDH2 family		
A0A1G5AVM5	unreviewed	Serratia nematodiphila	Malate/lactate/ureidoglycolate dehydrogenase, LDH2 family		
A0A1G5DW65	unreviewed	Microvirga guangxiensis	Malate/lactate/ureidoglycolate dehydrogenase, LDH2 family		
A0A1G5GG98	unreviewed	Microvirga guangxiensis	Malate/lactate/ureidoglycolate dehydrogenase, LDH2 family		
A0A1G5HUV1	unreviewed	Paracoccus tibetensis	Malate/lactate/ureidoglycolate dehydrogenase, LDH2 family		
A0A1G5RQY5	unreviewed	Acidaminobacter hydrogenoformans DSM 2784	Malate/lactate/ureidoglycolate dehydrogenase, LDH2 family		
A0A1G5ZCQ7	unreviewed	Algoriphagus alkaliphilus	Malate/lactate/ureidoglycolate dehydrogenase, LDH2 family		
A0A1G6BDB2	unreviewed	Eubacterium oxidoreducens	Malate/lactate/ureidoglycolate dehydrogenase, LDH2 family		
A0A1G6CAA5	unreviewed	Bauldia litoralis	Malate/lactate/ureidoglycolate dehydrogenase, LDH2 family		
A0A1G6DQB0	unreviewed	Bauldia litoralis	Malate/lactate/ureidoglycolate dehydrogenase, LDH2 family		
A0A1G6EB50	unreviewed	Bauldia litoralis	Malate/lactate/ureidoglycolate dehydrogenase, LDH2 family		
A0A1G6HP60	unreviewed	Geotoga petraea	Malate/lactate/ureidoglycolate dehydrogenase, LDH2 family		
A0A1G6IVU8	unreviewed	Ectopseudomonas chengduensis	Malate/lactate/ureidoglycolate dehydrogenase, LDH2 family		
A0A1G6JG73	unreviewed	Melghirimyces thermohalophilus	Ureidoglycolate dehydrogenase (NAD+)		
A0A1G6KW66	unreviewed	Niabella drilacis (strain DSM 25811 / CCM 8410 / CCUG 62505 / LMG 26954 / E90)	Malate/lactate/ureidoglycolate dehydrogenase, LDH2 family		
A0A1G6MET3	unreviewed	Actinokineospora iranica	Malate/lactate/ureidoglycolate dehydrogenase, LDH2 family		
A0A1G6NYC3	unreviewed	Melghirimyces thermohalophilus	Malate/lactate/ureidoglycolate dehydrogenase, LDH2 family		
A0A1G6P5B2	unreviewed	Geodermatophilus telluris	Malate/lactate/ureidoglycolate dehydrogenase, LDH2 family		
A0A1G6PTR5	unreviewed	Terribacillus halophilus	Ureidoglycolate dehydrogenase (NAD+)		
A0A1G6QN77	unreviewed	Paraburkholderia lycopersici	Malate/lactate/ureidoglycolate dehydrogenase, LDH2 family		
A0A1G6S2Q6	unreviewed	Auraticoccus monumenti	Malate/lactate/ureidoglycolate dehydrogenase, LDH2 family		
A0A1G7DGQ0	unreviewed	Paracoccus isoporae	Malate/lactate/ureidoglycolate dehydrogenase, LDH2 family		
A0A1G7H6I9	unreviewed	Dyadobacter soli	Malate/lactate/ureidoglycolate dehydrogenase, LDH2 family		
A0A1G7HEQ6	unreviewed	Limimaricola pyoseonensis	Malate/lactate/ureidoglycolate dehydrogenase, LDH2 family		
A0A1G7J4K9	unreviewed	Fontibacillus panacisegetis	Malate/lactate/ureidoglycolate dehydrogenase, LDH2 family		
A0A1G7JV09	unreviewed	Sporolituus thermophilus DSM 23256	Malate/lactate/ureidoglycolate dehydrogenase, LDH2 family		
A0A1G7PB10	unreviewed	Sphingomonas carotinifaciens	Malate/lactate/ureidoglycolate dehydrogenase, LDH2 family		
A0A1G7T1V6	unreviewed	Pedobacter terrae	Malate/lactate/ureidoglycolate dehydrogenase, LDH2 family		
A0A1G7UZU8	unreviewed	Facklamia miroungae	Ureidoglycolate dehydrogenase (NAD+)		
A0A1G7VKL8	unreviewed	Mucilaginibacter gossypii	Malate/lactate/ureidoglycolate dehydrogenase, LDH2 family		
A0A1G7WFA4	unreviewed	Propionivibrio dicarboxylicus	Malate/lactate/ureidoglycolate dehydrogenase, LDH2 family		
A0A1G7WR86	unreviewed	Pelagibacterium luteolum	Malate/lactate/ureidoglycolate dehydrogenase, LDH2 family		
A0A1G7YI48	unreviewed	Pseudonocardia oroxyli	Malate/lactate/ureidoglycolate dehydrogenase, LDH2 family		
A0A1G8CB66	unreviewed	Agrococcus jejuensis	Malate/lactate/ureidoglycolate dehydrogenase, LDH2 family		
A0A1G8D206	unreviewed	Propionivibrio dicarboxylicus	Ureidoglycolate dehydrogenase (NAD+)		
A0A1G8EAN6	unreviewed	Alteribacillus bidgolensis	Ureidoglycolate dehydrogenase (NAD+)		
A0A1G8GSF4	unreviewed	Propionivibrio dicarboxylicus	Ureidoglycolate dehydrogenase (NAD+)		
A0A1G8K8R6	unreviewed	Arthrobacter subterraneus	Malate/lactate/ureidoglycolate dehydrogenase, LDH2 family		
A0A1G8L5B8	unreviewed	Dolosicoccus paucivorans	Ureidoglycolate dehydrogenase		
A0A1G8QDH6	unreviewed	Billgrantia gudaonensis	Malate/lactate/ureidoglycolate dehydrogenase, LDH2 family		
A0A1G8RQJ2	unreviewed	Salipiger marinus	Malate/lactate/ureidoglycolate dehydrogenase, LDH2 family		
A0A1G8VUG8	unreviewed	Mesorhizobium muleiense	Ureidoglycolate dehydrogenase (NAD+)		
A0A1G9AJF1	unreviewed	Billgrantia gudaonensis	Malate/lactate/ureidoglycolate dehydrogenase, LDH2 family		
A0A1G9BEK3	unreviewed	Catalinimonas alkaloidigena	Malate/lactate/ureidoglycolate dehydrogenase, LDH2 family		
A0A1G9C715	unreviewed	Paracoccus chinensis	Malate/lactate/ureidoglycolate dehydrogenase, LDH2 family		
A0A1G9D8F6	unreviewed	Jeotgalicoccus aerolatus	Ureidoglycolate dehydrogenase (NAD+) (EC 1.1.1.350)	1.1.1.350	
A0A1G9D8J3	unreviewed	Jeotgalicoccus aerolatus	Ureidoglycolate dehydrogenase (NAD+) (EC 1.1.1.350)	1.1.1.350	
A0A1G9DCZ4	unreviewed	Meinhardsimonia xiamenensis	Malate/lactate/ureidoglycolate dehydrogenase, LDH2 family		
A0A1G9E9F4	unreviewed	Franzmannia pantelleriensis	Malate/lactate/ureidoglycolate dehydrogenase, LDH2 family		
A0A1G9GEQ5	unreviewed	Natronincola ferrireducens	Malate/lactate/ureidoglycolate dehydrogenase, LDH2 family		
A0A1G9GP42	unreviewed	Paracoccus chinensis	Malate/lactate/ureidoglycolate dehydrogenase, LDH2 family		
A0A1G9JMF3	unreviewed	Aliiruegeria lutimaris	Ureidoglycolate dehydrogenase (NAD+)		
A0A1G9KNQ4	unreviewed	Modicisalibacter muralis	Malate/lactate/ureidoglycolate dehydrogenase, LDH2 family		
A0A1G9N703	unreviewed	Modicisalibacter muralis	Malate/lactate/ureidoglycolate dehydrogenase, LDH2 family		
A0A1G9Q5J0	unreviewed	Modicisalibacter muralis	Malate/lactate/ureidoglycolate dehydrogenase, LDH2 family		
A0A1G9RAN0	unreviewed	Geodermatophilus siccatus	Malate/lactate/ureidoglycolate dehydrogenase, LDH2 family		
A0A1G9RM82	unreviewed	Modicisalibacter muralis	Malate/lactate/ureidoglycolate dehydrogenase, LDH2 family		
A0A1G9SL95	unreviewed	Catalinimonas alkaloidigena	Malate/lactate/ureidoglycolate dehydrogenase, LDH2 family		
A0A1G9SUK0	unreviewed	Halarsenatibacter silvermanii	Malate/lactate/ureidoglycolate dehydrogenase, LDH2 family		
A0A1G9SXZ3	unreviewed	Geodermatophilus siccatus	Malate/lactate/ureidoglycolate dehydrogenase, LDH2 family		
A0A1G9UAK3	unreviewed	Lachnospira pectinoschiza	Malate/lactate/ureidoglycolate dehydrogenase, LDH2 family		
A0A1G9V034	unreviewed	Nonomuraea jiangxiensis	Malate/lactate/ureidoglycolate dehydrogenase, LDH2 family		
A0A1G9X047	unreviewed	Daejeonella rubra	Malate/lactate/ureidoglycolate dehydrogenase, LDH2 family		
A0A1G9Y954	unreviewed	Fictibacillus solisalsi	Ureidoglycolate dehydrogenase (NAD+)		
A0A1G9YQB7	unreviewed	Megasphaera paucivorans	Malate/lactate/ureidoglycolate dehydrogenase, LDH2 family		
A0A1H0BY90	unreviewed	Tenuibacillus multivorans	Malate/lactate/ureidoglycolate dehydrogenase, LDH2 family		
A0A1H0FHV2	unreviewed	Aureimonas jatrophae	Malate/lactate/ureidoglycolate dehydrogenase, LDH2 family		
A0A1H0GND8	unreviewed	Pedobacter steynii	Malate/lactate/ureidoglycolate dehydrogenase, LDH2 family		
A0A1H0GPZ3	unreviewed	Klenkia soli	Malate/lactate/ureidoglycolate dehydrogenase, LDH2 family		
A0A1H0H010	unreviewed	Vreelandella arcis	Malate/lactate/ureidoglycolate dehydrogenase, LDH2 family		
A0A1H0HRT2	unreviewed	Aureimonas jatrophae	Malate/lactate/ureidoglycolate dehydrogenase, LDH2 family		
A0A1H0IUA2	unreviewed	Vreelandella arcis	Malate/lactate/ureidoglycolate dehydrogenase, LDH2 family		
A0A1H0KPS6	unreviewed	Aureimonas jatrophae	Malate/lactate/ureidoglycolate dehydrogenase, LDH2 family		
A0A1H0MK85	unreviewed	Pseudomonas extremorientalis	Malate/lactate/ureidoglycolate dehydrogenase, LDH2 family		
A0A1H0T8W1	unreviewed	Pedococcus dokdonensis	Malate/lactate/ureidoglycolate dehydrogenase, LDH2 family		
A0A1H0UL03	unreviewed	Actinokineospora alba	Malate/lactate/ureidoglycolate dehydrogenase, LDH2 family		
A0A1H0WAA6	unreviewed	Paracidovorax cattleyae	Malate/lactate/ureidoglycolate dehydrogenase, LDH2 family		
A0A1H0YE81	unreviewed	Carnobacterium viridans	Malate/lactate/ureidoglycolate dehydrogenase, LDH2 family		
A0A1H0Z0E3	unreviewed	Virgibacillus salinus	Ureidoglycolate dehydrogenase (NAD+)		
A0A1H1HDU1	unreviewed	Pseudomonas grimontii	Malate/lactate/ureidoglycolate dehydrogenase, LDH2 family		
A0A1H1KIT6	unreviewed	Paraburkholderia tuberum	Malate/lactate/ureidoglycolate dehydrogenase, LDH2 family		
A0A1H1P5H7	unreviewed	Pseudomonas asplenii	Malate/lactate/ureidoglycolate dehydrogenase, LDH2 family		
A0A1H1Z731	unreviewed	Friedmanniella luteola	Malate/lactate/ureidoglycolate dehydrogenase, LDH2 family		
A0A1H2PQV5	unreviewed	Chitinasiproducens palmae	Malate/lactate/ureidoglycolate dehydrogenase, LDH2 family		
A0A1H2PU56	unreviewed	Chitinasiproducens palmae	Malate/lactate/ureidoglycolate dehydrogenase, LDH2 family		
A0A1H2V1N1	unreviewed	Alicyclobacillus hesperidum	Ureidoglycolate dehydrogenase (NAD+)		
A0A1H2V8Q4	unreviewed	Alicyclobacillus hesperidum	Malate/lactate/ureidoglycolate dehydrogenase, LDH2 family		
A0A1H2W395	unreviewed	Roseicitreum antarcticum	Ureidoglycolate dehydrogenase (NAD+)		
A0A1H2YF64	unreviewed	Paracoccus sanguinis	Malate/lactate/ureidoglycolate dehydrogenase, LDH2 family		
A0A1H2YTH8	unreviewed	Roseicitreum antarcticum	Malate/lactate/ureidoglycolate dehydrogenase, LDH2 family		
A0A1H3AIT8	unreviewed	Roseicitreum antarcticum	Malate/lactate/ureidoglycolate dehydrogenase, LDH2 family		
A0A1H3CRG5	unreviewed	Geodermatophilus africanus	Malate/lactate/ureidoglycolate dehydrogenase, LDH2 family		
A0A1H3D1Z2	unreviewed	Roseicitreum antarcticum	Malate/lactate/ureidoglycolate dehydrogenase, LDH2 family		
A0A1H3D4P9	unreviewed	Geodermatophilus africanus	Malate/lactate/ureidoglycolate dehydrogenase, LDH2 family		
A0A1H3GX66	unreviewed	Aidingimonas halophila	Malate/lactate/ureidoglycolate dehydrogenase, LDH2 family		
A0A1H3HVJ0	unreviewed	Aidingimonas halophila	Malate/lactate/ureidoglycolate dehydrogenase, LDH2 family		
A0A1H3KJ33	unreviewed	Hymenobacter psychrophilus	Malate/lactate/ureidoglycolate dehydrogenase, LDH2 family		
A0A1H3L2F4	unreviewed	Amycolatopsis xylanica	Malate/lactate/ureidoglycolate dehydrogenase, LDH2 family		
A0A1H3U4U1	unreviewed	Jannaschia faecimaris	Malate/lactate/ureidoglycolate dehydrogenase, LDH2 family		
A0A1H3W3Z6	unreviewed	Arachidicoccus rhizosphaerae	Malate/lactate/ureidoglycolate dehydrogenase, LDH2 family		
A0A1H3XAL4	unreviewed	Rubrimonas cliftonensis	Malate/lactate/ureidoglycolate dehydrogenase, LDH2 family		
A0A1H4A4Y1	unreviewed	Chitinophaga terrae (ex Kim and Jung 2007)	Malate/lactate/ureidoglycolate dehydrogenase, LDH2 family		
A0A1H4AGM5	unreviewed	Thalassobacillus cyri	Ureidoglycolate dehydrogenase (NAD+)		
A0A1H4AQZ0	unreviewed	Eubacterium aggregans	Malate/lactate/ureidoglycolate dehydrogenase, LDH2 family		
A0A1H4E105	unreviewed	Thalassobacillus cyri	Malate/lactate/ureidoglycolate dehydrogenase, LDH2 family		
A0A1H4E5Q0	unreviewed	Thalassobacillus cyri	Ureidoglycolate dehydrogenase (NAD+)		
A0A1H4G1K6	unreviewed	Rubrimonas cliftonensis	Malate/lactate/ureidoglycolate dehydrogenase, LDH2 family		
A0A1H4JE57	unreviewed	Amycolatopsis tolypomycina	Malate/lactate/ureidoglycolate dehydrogenase, LDH2 family		
A0A1H4KXG7	unreviewed	Nitratireductor aquibiodomus	Malate/lactate/ureidoglycolate dehydrogenase, LDH2 family		
A0A1H4KY21	unreviewed	Streptomyces melanosporofaciens	Malate/lactate/ureidoglycolate dehydrogenase, LDH2 family		
A0A1H4LD62	unreviewed	Paramicrobacterium humi	Malate/lactate/ureidoglycolate dehydrogenase, LDH2 family		
A0A1H4P2J6	unreviewed	Pseudomonas saponiphila	Malate/lactate/ureidoglycolate dehydrogenase, LDH2 family		
A0A1H4Q7L1	unreviewed	Nitratireductor aquibiodomus	Malate/lactate/ureidoglycolate dehydrogenase, LDH2 family		
A0A1H4U4D3	unreviewed	Pseudomonas anguilliseptica	Malate/lactate/ureidoglycolate dehydrogenase, LDH2 family		
A0A1H4X1R4	unreviewed	Rhodococcus koreensis	Malate/lactate/ureidoglycolate dehydrogenase, LDH2 family		
A0A1H4XXT4	unreviewed	Pseudomonas saponiphila	Malate/lactate/ureidoglycolate dehydrogenase, LDH2 family		
A0A1H4Y1U5	unreviewed	Amycolatopsis tolypomycina	Malate/lactate/ureidoglycolate dehydrogenase, LDH2 family		
A0A1H4Z6S1	unreviewed	Streptomyces melanosporofaciens	Malate/lactate/ureidoglycolate dehydrogenase, LDH2 family		
A0A1H5BFB3	unreviewed	Ruania alba	Malate/lactate/ureidoglycolate dehydrogenase, LDH2 family		
A0A1H5QBQ5	unreviewed	Amycolatopsis pretoriensis	Malate/lactate/ureidoglycolate dehydrogenase, LDH2 family		
A0A1H5QWS7	unreviewed	Amycolatopsis pretoriensis	Malate/lactate/ureidoglycolate dehydrogenase, LDH2 family		
A0A1H5S8P7	unreviewed	Lachnospira multipara	Malate/lactate/ureidoglycolate dehydrogenase, LDH2 family		
A0A1H5SAQ1	unreviewed	Allobosea lathyri	Malate/lactate/ureidoglycolate dehydrogenase, LDH2 family		
A0A1H5T6Q3	unreviewed	Algoriphagus boritolerans DSM 17298 = JCM 18970	Malate/lactate/ureidoglycolate dehydrogenase, LDH2 family		
A0A1H6ALH9	unreviewed	Saccharopolyspora kobensis	Malate/lactate/ureidoglycolate dehydrogenase, LDH2 family		
A0A1H6C6K7	unreviewed	Allobosea lathyri	Malate/lactate/ureidoglycolate dehydrogenase, LDH2 family		
A0A1H6C9D5	unreviewed	Allobosea lathyri	Malate/lactate/ureidoglycolate dehydrogenase, LDH2 family		
A0A1H6CBQ2	unreviewed	Allobosea lathyri	Malate/lactate/ureidoglycolate dehydrogenase, LDH2 family		
A0A1H6CE79	unreviewed	Vibrio hangzhouensis	Malate/lactate/ureidoglycolate dehydrogenase, LDH2 family		
A0A1H6DUG1	unreviewed	Marinobacterium lutimaris	Malate/lactate/ureidoglycolate dehydrogenase, LDH2 family		
A0A1H6DZU6	unreviewed	Nonomuraea solani	Malate/lactate/ureidoglycolate dehydrogenase, LDH2 family		
A0A1H6E807	unreviewed	Actinacidiphila yanglinensis	Malate/lactate/ureidoglycolate dehydrogenase, LDH2 family		
A0A1H6GUJ8	unreviewed	Magnetospirillum fulvum (Rhodospirillum fulvum)	Malate/lactate/ureidoglycolate dehydrogenase, LDH2 family		
A0A1H6MX72	unreviewed	Paracoccus alkenifer	Malate/lactate/ureidoglycolate dehydrogenase, LDH2 family		
A0A1H6VM80	unreviewed	Alkalibacterium gilvum	Ureidoglycolate dehydrogenase (NAD+)		
A0A1H6WJD3	unreviewed	Sharpea azabuensis	Malate/lactate/ureidoglycolate dehydrogenase, LDH2 family		
A0A1H6XPG8	unreviewed	Cyclobacterium xiamenense	Malate/lactate/ureidoglycolate dehydrogenase, LDH2 family		
A0A1H7AQV8	unreviewed	Cyclobacterium xiamenense	Malate/lactate/ureidoglycolate dehydrogenase, LDH2 family		
A0A1H7QWG7	unreviewed	Jannaschia helgolandensis	Malate/lactate/ureidoglycolate dehydrogenase, LDH2 family		
A0A1H7TSN0	unreviewed	Halomonas daqiaonensis	Malate/lactate/ureidoglycolate dehydrogenase, LDH2 family		
A0A1H7UGD5	unreviewed	Paraburkholderia caballeronis	Malate/lactate/ureidoglycolate dehydrogenase, LDH2 family		
A0A1H7ULV1	unreviewed	Allobosea lupini	Malate/lactate/ureidoglycolate dehydrogenase, LDH2 family		
A0A1H7XU85	unreviewed	Olivibacter domesticus (Pseudosphingobacterium domesticum)	Malate/lactate/ureidoglycolate dehydrogenase, LDH2 family		
A0A1H7YAX8	unreviewed	Syntrophus gentianae	Malate/lactate/ureidoglycolate dehydrogenase, LDH2 family		
A0A1H7ZLK8	unreviewed	Syntrophus gentianae	Malate/lactate/ureidoglycolate dehydrogenase, LDH2 family		
A0A1H8D9Y4	unreviewed	Mesobacillus persicus	Malate/lactate/ureidoglycolate dehydrogenase, LDH2 family		
A0A1H8DLI1	unreviewed	Palleronia pelagia	Malate/lactate/ureidoglycolate dehydrogenase, LDH2 family		
A0A1H8ELZ9	unreviewed	Paracoccus alcaliphilus	Malate/lactate/ureidoglycolate dehydrogenase, LDH2 family		
A0A1H8F889	unreviewed	Rhizobium tibeticum	Malate/lactate/ureidoglycolate dehydrogenase, LDH2 family		
A0A1H8H5I9	unreviewed	Lihuaxuella thermophila	Malate/lactate/ureidoglycolate dehydrogenase, LDH2 family		
A0A1H8I9I7	unreviewed	Peptostreptococcus russellii	Malate/lactate/ureidoglycolate dehydrogenase, LDH2 family		
A0A1H8IK13	unreviewed	Sphingomonas gellani	Malate/lactate/ureidoglycolate dehydrogenase, LDH2 family		
A0A1H8JW97	unreviewed	Paracoccus alcaliphilus	Malate/lactate/ureidoglycolate dehydrogenase, LDH2 family		
A0A1H8K5R8	unreviewed	Rhizobium tibeticum	Malate/lactate/ureidoglycolate dehydrogenase, LDH2 family		
A0A1H8MVI2	unreviewed	Mucilaginibacter gossypiicola	Malate/lactate/ureidoglycolate dehydrogenase, LDH2 family		
A0A1H8NK09	unreviewed	Paracoccus alcaliphilus	Malate/lactate/ureidoglycolate dehydrogenase, LDH2 family		
A0A1H8TII7	unreviewed	Amycolatopsis saalfeldensis	Malate/lactate/ureidoglycolate dehydrogenase, LDH2 family		
A0A1H8WNK3	unreviewed	Rhizobium tibeticum	Malate/lactate/ureidoglycolate dehydrogenase, LDH2 family		
A0A1H8XIR3	unreviewed	Propionispora vibrioides	Malate/lactate/ureidoglycolate dehydrogenase, LDH2 family		
A0A1H8YC50	unreviewed	Amycolatopsis saalfeldensis	Malate/lactate/ureidoglycolate dehydrogenase, LDH2 family		
A0A1H9B7T1	unreviewed	Virgibacillus subterraneus	Ureidoglycolate dehydrogenase (NAD+)		
A0A1H9LRZ9	unreviewed	Lentzea xinjiangensis	Malate/lactate/ureidoglycolate dehydrogenase, LDH2 family		
A0A1H9P6F6	unreviewed	Actinokineospora terrae	Malate/lactate/ureidoglycolate dehydrogenase, LDH2 family		
A0A1H9PUJ1	unreviewed	Isobaculum melis	Ureidoglycolate dehydrogenase (NAD+)		
A0A1H9PVY9	unreviewed	Isobaculum melis	Ureidoglycolate dehydrogenase (NAD+)		
A0A1H9R6Q5	unreviewed	Vreelandella subterranea	Malate/lactate/ureidoglycolate dehydrogenase, LDH2 family		
A0A1H9VCG1	unreviewed	Tranquillimonas rosea	Malate/lactate/ureidoglycolate dehydrogenase, LDH2 family		
A0A1H9XWI8	unreviewed	Lentzea flaviverrucosa	Malate/lactate/ureidoglycolate dehydrogenase, LDH2 family		
A0A1I0AKC6	unreviewed	Enterocloster lavalensis	Malate/lactate/ureidoglycolate dehydrogenase, LDH2 family		
A0A1I0CC48	unreviewed	Natronincola peptidivorans	Malate/lactate/ureidoglycolate dehydrogenase, LDH2 family		
A0A1I0CLP4	unreviewed	Thorsellia anophelis DSM 18579	Ureidoglycolate dehydrogenase (NAD+)		
A0A1I0CMJ9	unreviewed	Geodermatophilus poikilotrophus	Malate/lactate/ureidoglycolate dehydrogenase, LDH2 family		
A0A1I0CXH8	unreviewed	Geodermatophilus poikilotrophus	Malate/lactate/ureidoglycolate dehydrogenase, LDH2 family		
A0A1I0G844	unreviewed	Thomasclavelia cocleata	Malate/lactate/ureidoglycolate dehydrogenase, LDH2 family		
A0A1I0II10	unreviewed	Paracoccus homiensis	Malate/lactate/ureidoglycolate dehydrogenase, LDH2 family		
A0A1I0SEZ6	unreviewed	Chitinophaga arvensicola	Malate/lactate/ureidoglycolate dehydrogenase, LDH2 family		
A0A1I0W7F3	unreviewed	Lentibacillus halodurans	Ureidoglycolate dehydrogenase (NAD+)		
A0A1I0WBV9	unreviewed	Algoriphagus aquimarinus	Malate/lactate/ureidoglycolate dehydrogenase, LDH2 family		
A0A1I0XEE2	unreviewed	Lentibacillus halodurans	Malate/lactate/ureidoglycolate dehydrogenase, LDH2 family		
A0A1I0XMG8	unreviewed	Lentibacillus halodurans	Malate/lactate/ureidoglycolate dehydrogenase, LDH2 family		
A0A1I1AI97	unreviewed	Lentibacillus halodurans	Malate/lactate/ureidoglycolate dehydrogenase, LDH2 family		
A0A1I1BTL3	unreviewed	Amycolatopsis marina	Malate/lactate/ureidoglycolate dehydrogenase, LDH2 family		
A0A1I1BUJ5	unreviewed	Amycolatopsis marina	Malate/lactate/ureidoglycolate dehydrogenase, LDH2 family		
A0A1I1E2E4	unreviewed	Flexibacter flexilis DSM 6793	Malate/lactate/ureidoglycolate dehydrogenase, LDH2 family		
A0A1I1I7H5	unreviewed	Tropicimonas isoalkanivorans	Malate/lactate/ureidoglycolate dehydrogenase, LDH2 family		
A0A1I1IM25	unreviewed	Parapedobacter composti	Malate/lactate/ureidoglycolate dehydrogenase, LDH2 family		
A0A1I1S5R0	unreviewed	Pseudomonas straminea (Phytopseudomonas straminea)	Malate/lactate/ureidoglycolate dehydrogenase, LDH2 family		
A0A1I1ULZ4	unreviewed	Paracidovorax konjaci	Malate/lactate/ureidoglycolate dehydrogenase, LDH2 family		
A0A1I1WKS4	unreviewed	Blastococcus tunisiensis	Malate/lactate/ureidoglycolate dehydrogenase, LDH2 family		
A0A1I2AFU7	unreviewed	Thermoflexibacter ruber	Malate/lactate/ureidoglycolate dehydrogenase, LDH2 family		
A0A1I2BF22	unreviewed	Alteribacillus iranensis	Ureidoglycolate dehydrogenase (NAD+)		
A0A1I2CKR3	unreviewed	Succiniclasticum ruminis DSM 9236	Malate/lactate/ureidoglycolate dehydrogenase, LDH2 family		
A0A1I2L943	unreviewed	Sunxiuqinia elliptica	Malate/lactate/ureidoglycolate dehydrogenase, LDH2 family		
A0A1I2MET7	unreviewed	Planifilum fulgidum	Malate/lactate/ureidoglycolate dehydrogenase, LDH2 family		
A0A1I2XSJ9	unreviewed	Modicisalibacter xianhensis	Malate/lactate/ureidoglycolate dehydrogenase, LDH2 family		
A0A1I2YNL0	unreviewed	Desulfotruncus arcticus DSM 17038	Malate/lactate/ureidoglycolate dehydrogenase, LDH2 family		
A0A1I2YNU5	unreviewed	Desulfotruncus arcticus DSM 17038	Malate/lactate/ureidoglycolate dehydrogenase, LDH2 family		
A0A1I2ZNP5	unreviewed	Pedobacter insulae	Malate/lactate/ureidoglycolate dehydrogenase, LDH2 family		
A0A1I3D194	unreviewed	Pisciglobus halotolerans	Malate/lactate/ureidoglycolate dehydrogenase, LDH2 family		
A0A1I3DGZ1	unreviewed	Modicisalibacter xianhensis	Malate/lactate/ureidoglycolate dehydrogenase, LDH2 family		
A0A1I3EZW1	unreviewed	Modicisalibacter xianhensis	Malate/lactate/ureidoglycolate dehydrogenase, LDH2 family		
A0A1I3F9U2	unreviewed	Planctomicrobium piriforme	Malate/lactate/ureidoglycolate dehydrogenase, LDH2 family		
A0A1I3KT06	unreviewed	Parapedobacter indicus	Malate/lactate/ureidoglycolate dehydrogenase, LDH2 family		
A0A1I3PJ14	unreviewed	Brevibacillus centrosporus	Ureidoglycolate dehydrogenase (NAD+)		
A0A1I3PPE0	unreviewed	Brevibacillus centrosporus	Malate/lactate/ureidoglycolate dehydrogenase, LDH2 family		
A0A1I3PSL6	unreviewed	Celeribacter halophilus	Malate/lactate/ureidoglycolate dehydrogenase, LDH2 family		
A0A1I3QJS8	unreviewed	Paraburkholderia megapolitana	Malate/lactate/ureidoglycolate dehydrogenase, LDH2 family		
A0A1I3R4U5	unreviewed	Amycolatopsis sacchari	Malate/lactate/ureidoglycolate dehydrogenase, LDH2 family		
A0A1I3ZDA4	unreviewed	Falsiroseomonas stagni DSM 19981	Malate/lactate/ureidoglycolate dehydrogenase, LDH2 family		
A0A1I3ZEZ8	unreviewed	Falsiroseomonas stagni DSM 19981	Malate/lactate/ureidoglycolate dehydrogenase, LDH2 family		
A0A1I4AXP5	unreviewed	Falsiroseomonas stagni DSM 19981	Malate/lactate/ureidoglycolate dehydrogenase, LDH2 family		
A0A1I4B6G0	unreviewed	Falsiroseomonas stagni DSM 19981	Malate/lactate/ureidoglycolate dehydrogenase, LDH2 family		
A0A1I4B8B8	unreviewed	Falsiroseomonas stagni DSM 19981	Ureidoglycolate dehydrogenase (NAD+)		
A0A1I4D7H2	unreviewed	Falsiroseomonas stagni DSM 19981	Malate/lactate/ureidoglycolate dehydrogenase, LDH2 family		
A0A1I4GYY9	unreviewed	Pelosinus propionicus DSM 13327	Malate/lactate/ureidoglycolate dehydrogenase, LDH2 family		
A0A1I4IYF2	unreviewed	Pelosinus propionicus DSM 13327	Malate/lactate/ureidoglycolate dehydrogenase, LDH2 family		
A0A1I4NG32	unreviewed	Pelosinus propionicus DSM 13327	Malate/lactate/ureidoglycolate dehydrogenase, LDH2 family		
A0A1I4NI83	unreviewed	Salibacterium qingdaonense	Malate/lactate/ureidoglycolate dehydrogenase, LDH2 family		
A0A1I4NUE8	unreviewed	Salibacterium qingdaonense	Malate/lactate/ureidoglycolate dehydrogenase, LDH2 family		
A0A1I4PVE3	unreviewed	Pelosinus propionicus DSM 13327	Malate/lactate/ureidoglycolate dehydrogenase, LDH2 family		
A0A1I4S0L8	unreviewed	Saccharopolyspora antimicrobica	LDH2 family malate/lactate/ureidoglycolate dehydrogenase		
A0A1I4VWT0	unreviewed	Thermodesulforhabdus norvegica	Malate/lactate/ureidoglycolate dehydrogenase, LDH2 family		
A0A1I5CEU5	unreviewed	Mycetocola miduiensis	Malate/lactate/ureidoglycolate dehydrogenase, LDH2 family		
A0A1I5CFH8	unreviewed	Cohaesibacter marisflavi	Malate/lactate/ureidoglycolate dehydrogenase, LDH2 family		
A0A1I5IN23	unreviewed	Anaerocolumna aminovalerica	Malate/lactate/ureidoglycolate dehydrogenase, LDH2 family		
A0A1I5LCU7	unreviewed	Salibacterium halotolerans	Malate/lactate/ureidoglycolate dehydrogenase, LDH2 family		
A0A1I5NU37	unreviewed	Tranquillimonas alkanivorans	Malate/lactate/ureidoglycolate dehydrogenase, LDH2 family		
A0A1I5R2F7	unreviewed	Geodermatophilus dictyosporus	Malate/lactate/ureidoglycolate dehydrogenase, LDH2 family		
A0A1I5RGR8	unreviewed	Sphingomonas rubra	Malate/lactate/ureidoglycolate dehydrogenase, LDH2 family		
A0A1I5SSG1	unreviewed	Pseudarcicella hirudinis	Malate/lactate/ureidoglycolate dehydrogenase, LDH2 family		
A0A1I5UN53	unreviewed	Desemzia incerta	Malate/lactate/ureidoglycolate dehydrogenase, LDH2 family		
A0A1I5ZFP6	unreviewed	Priestia endophytica DSM 13796	Ureidoglycolate dehydrogenase (NAD+)		
A0A1I6ABC5	unreviewed	Hymenobacter arizonensis (Siccationidurans arizonensis)	Malate/lactate/ureidoglycolate dehydrogenase, LDH2 family		
A0A1I6DKH3	unreviewed	Poseidonocella sedimentorum	Ureidoglycolate dehydrogenase (NAD+)		
A0A1I6DWI3	unreviewed	Desulfoscipio geothermicus DSM 3669	Malate/lactate/ureidoglycolate dehydrogenase, LDH2 family		
A0A1I6DZ34	unreviewed	Desulfoscipio geothermicus DSM 3669	Malate/lactate/ureidoglycolate dehydrogenase, LDH2 family		
A0A1I6HTC2	unreviewed	Pseudidiomarina maritima	Malate/lactate/ureidoglycolate dehydrogenase, LDH2 family		
A0A1I6P951	unreviewed	Saccharopolyspora flava	Malate/lactate/ureidoglycolate dehydrogenase, LDH2 family		
A0A1I6QEW4	unreviewed	Alloyangia pacifica	Malate/lactate/ureidoglycolate dehydrogenase, LDH2 family		
A0A1I6S7X2	unreviewed	Saccharopolyspora flava	Malate/lactate/ureidoglycolate dehydrogenase, LDH2 family		
A0A1I7D1H2	unreviewed	Algoriphagus locisalis	Malate/lactate/ureidoglycolate dehydrogenase, LDH2 family		
A0A1I7DSH7	unreviewed	Pseudovibrio denitrificans	Malate/lactate/ureidoglycolate dehydrogenase, LDH2 family		
A0A1I7HRR6	unreviewed	Halomonas korlensis	Malate/lactate/ureidoglycolate dehydrogenase, LDH2 family		
A0A1I7IH16	unreviewed	Halomonas korlensis	Malate/lactate/ureidoglycolate dehydrogenase, LDH2 family		
A0A1I7N3A9	unreviewed	Devosia crocina	Malate/lactate/ureidoglycolate dehydrogenase, LDH2 family		
A0A1I7NJ15	unreviewed	Thermoflavifilum thermophilum	Malate/lactate/ureidoglycolate dehydrogenase, LDH2 family		
A0A1I9YRB2	unreviewed	Paraburkholderia sprentiae WSM5005	Malate/lactate/ureidoglycolate dehydrogenase		
A0A1J0A6E0	unreviewed	Vagococcus teuberi	Ureidoglycolate dehydrogenase		
A0A1K1PSK0	unreviewed	Amycolatopsis australiensis	Malate/lactate/ureidoglycolate dehydrogenase, LDH2 family		
A0A1K2HVA5	unreviewed	Devosia enhydra	Malate/lactate/ureidoglycolate dehydrogenase, LDH2 family		
A0A1K2HZU0	unreviewed	Devosia enhydra	Ureidoglycolate dehydrogenase (NAD+)		
A0A1K2I281	unreviewed	Devosia enhydra	Malate/lactate/ureidoglycolate dehydrogenase, LDH2 family		
A0A1K2I384	unreviewed	Devosia enhydra	Malate/lactate/ureidoglycolate dehydrogenase, LDH2 family		
A0A1L7ADB4	unreviewed	Roseomonas gilardii	Malate/lactate/ureidoglycolate dehydrogenase		
A0A1L8QQK3	unreviewed	Enterococcus aquimarinus	Ureidoglycolate dehydrogenase		
A0A1M4SH78	unreviewed	Desulfofundulus australicus DSM 11792	Malate/lactate/ureidoglycolate dehydrogenase, LDH2 family		
A0A1M4UM63	unreviewed	Flavisolibacter ginsengisoli DSM 18119	Malate/lactate/ureidoglycolate dehydrogenase, LDH2 family		
A0A1M4VV23	unreviewed	Ruegeria intermedia	Malate/lactate/ureidoglycolate dehydrogenase, LDH2 family		
A0A1M4WP50	unreviewed	Kaistia soli DSM 19436	Malate/lactate/ureidoglycolate dehydrogenase, LDH2 family		
A0A1M4WX45	unreviewed	Kaistia soli DSM 19436	Malate/lactate/ureidoglycolate dehydrogenase, LDH2 family		
A0A1M4WY28	unreviewed	Alkalibacter saccharofermentans DSM 14828	Malate/lactate/ureidoglycolate dehydrogenase, LDH2 family		
A0A1M4Y8X1	unreviewed	Desulfacinum infernum DSM 9756	Malate/lactate/ureidoglycolate dehydrogenase, LDH2 family		
A0A1M4YCC0	unreviewed	Atopostipes suicloacalis DSM 15692	Malate/lactate/ureidoglycolate dehydrogenase, LDH2 family		
A0A1M4ZNW0	unreviewed	Modicisalibacter ilicicola DSM 19980	Malate/lactate/ureidoglycolate dehydrogenase, LDH2 family		
A0A1M5CQD0	unreviewed	Kaistia soli DSM 19436	Malate/lactate/ureidoglycolate dehydrogenase, LDH2 family		
A0A1M5FJJ7	unreviewed	Loktanella atrilutea	Malate/lactate/ureidoglycolate dehydrogenase, LDH2 family		
A0A1M5LX19	unreviewed	Fodinibius roseus	Malate/lactate/ureidoglycolate dehydrogenase, LDH2 family		
A0A1M5N900	unreviewed	Ornithinibacillus halophilus	Ureidoglycolate dehydrogenase (NAD+)		
A0A1M5N9W1	unreviewed	Ornithinibacillus halophilus	Ureidoglycolate dehydrogenase (NAD+)		
A0A1M5S2I8	unreviewed	Marivita hallyeonensis	Malate/lactate/ureidoglycolate dehydrogenase, LDH2 family		
A0A1M5UAA0	unreviewed	Anaerosphaera aminiphila DSM 21120	Ureidoglycolate dehydrogenase (NAD+)		
A0A1M5VDN9	unreviewed	Pollutimonas bauzanensis	Malate/lactate/ureidoglycolate dehydrogenase, LDH2 family		
A0A1M5WK20	unreviewed	Chryseolinea serpens	Malate/lactate/ureidoglycolate dehydrogenase, LDH2 family		
A0A1M5ZN32	unreviewed	Desulfosporosinus lacus DSM 15449	Malate/lactate/ureidoglycolate dehydrogenase, LDH2 family		
A0A1M6CWV7	unreviewed	Desulfofundulus thermosubterraneus DSM 16057	Malate/lactate/ureidoglycolate dehydrogenase, LDH2 family		
A0A1M6CZZ1	unreviewed	Wenxinia saemankumensis	Malate/lactate/ureidoglycolate dehydrogenase, LDH2 family		
A0A1M6D904	unreviewed	Hymenobacter daecheongensis DSM 21074	Malate/lactate/ureidoglycolate dehydrogenase, LDH2 family		
A0A1M6G3S2	unreviewed	Thermoclostridium caenicola	Malate/lactate/ureidoglycolate dehydrogenase, LDH2 family		
A0A1M6HG47	unreviewed	Muricoccus roseus	Malate/lactate/ureidoglycolate dehydrogenase, LDH2 family		
A0A1M6IB99	unreviewed	Parasporobacterium paucivorans DSM 15970	Malate/lactate/ureidoglycolate dehydrogenase, LDH2 family		
A0A1M6K7G5	unreviewed	Anaerobranca californiensis DSM 14826	Ureidoglycolate dehydrogenase (NAD+)		
A0A1M6L1U5	unreviewed	Nocardiopsis flavescens	Malate/lactate/ureidoglycolate dehydrogenase, LDH2 family		
A0A1M6PSU0	unreviewed	Muricoccus roseus	Ureidoglycolate dehydrogenase (NAD+)		
A0A1M6QBG9	unreviewed	Reichenbachiella agariperforans	Malate/lactate/ureidoglycolate dehydrogenase, LDH2 family		
A0A1M6R8T1	unreviewed	Muricoccus roseus	Malate/lactate/ureidoglycolate dehydrogenase, LDH2 family		
A0A1M6RG22	unreviewed	Hymenobacter psychrotolerans DSM 18569	Malate/lactate/ureidoglycolate dehydrogenase, LDH2 family		
A0A1M6SZL4	unreviewed	Muricoccus roseus	Malate/lactate/ureidoglycolate dehydrogenase, LDH2 family		
A0A1M6TFA7	unreviewed	Pseudonocardia thermophila	Malate/lactate/ureidoglycolate dehydrogenase, LDH2 family		
A0A1M7AWT1	unreviewed	Phytopseudomonas punonensis	Malate/lactate/ureidoglycolate dehydrogenase, LDH2 family		
A0A1M7BJ68	unreviewed	Bradyrhizobium lablabi	Malate/lactate/ureidoglycolate dehydrogenase, LDH2 family		
A0A1M7CH08	unreviewed	Anaerocolumna jejuensis DSM 15929	Malate/lactate/ureidoglycolate dehydrogenase, LDH2 family		
A0A1M7DVV0	unreviewed	Paracoccus solventivorans	Malate/lactate/ureidoglycolate dehydrogenase, LDH2 family		
A0A1M7KCG6	unreviewed	Cyclobacterium lianum	Malate/lactate/ureidoglycolate dehydrogenase, LDH2 family		
A0A1M7NJI6	unreviewed	Cyclobacterium lianum	Malate/lactate/ureidoglycolate dehydrogenase, LDH2 family		
A0A1M7RK90	unreviewed	Cryptosporangium aurantiacum	Malate/lactate/ureidoglycolate dehydrogenase, LDH2 family		
A0A1M7T3U7	unreviewed	Bradyrhizobium erythrophlei	Malate/lactate/ureidoglycolate dehydrogenase, LDH2 family		
A0A1M7T8E7	unreviewed	Oceanicella actignis	Malate/lactate/ureidoglycolate dehydrogenase, LDH2 family		
A0A1M7TWA9	unreviewed	Cryptosporangium aurantiacum	Malate/lactate/ureidoglycolate dehydrogenase, LDH2 family		
A0A1M7TYD7	unreviewed	Bradyrhizobium erythrophlei	Malate/lactate/ureidoglycolate dehydrogenase, LDH2 family		
A0A1M7Y0C1	unreviewed	Anaerocolumna xylanovorans DSM 12503	Malate/lactate/ureidoglycolate dehydrogenase, LDH2 family		
A0A1M7ZGQ9	unreviewed	Algoriphagus zhangzhouensis	Malate/lactate/ureidoglycolate dehydrogenase, LDH2 family		
A0A1M7ZNN3	unreviewed	Pseudoxanthobacter soli DSM 19599	Malate/lactate/ureidoglycolate dehydrogenase, LDH2 family		
A0A1M7ZRB3	unreviewed	Pseudoxanthobacter soli DSM 19599	Malate/lactate/ureidoglycolate dehydrogenase, LDH2 family		
A0A1N6HFX6	unreviewed	Carnobacterium alterfunditum	Malate/lactate/ureidoglycolate dehydrogenase, LDH2 family		
A0A1N6K951	unreviewed	Chitinophaga niabensis	Malate/lactate/ureidoglycolate dehydrogenase, LDH2 family		
A0A1N6N4S4	unreviewed	Alkalispirochaeta americana	Malate/lactate/ureidoglycolate dehydrogenase, LDH2 family		
A0A1N7H029	unreviewed	Roseovarius nanhaiticus	Malate/lactate/ureidoglycolate dehydrogenase, LDH2 family		
A0A1N7IHZ9	unreviewed	Insolitispirillum peregrinum	Malate/lactate/ureidoglycolate dehydrogenase, LDH2 family		
A0A1N7N2S7	unreviewed	Alicyclobacillus vulcanalis	Malate/lactate/ureidoglycolate dehydrogenase, LDH2 family		
A0A1P8JS20	unreviewed	Rhodoferax koreensis	Malate/lactate/ureidoglycolate dehydrogenase		
A0A1Q2D789	unreviewed	Vagococcus penaei	Ureidoglycolate dehydrogenase		
A0A1R1QDV9	unreviewed	Bacillus swezeyi	Ureidoglycolate dehydrogenase		
A0A1R1RW67	unreviewed	Bacillus swezeyi	Ureidoglycolate dehydrogenase		
A0A1R3WN10	unreviewed	Yoonia rosea	Ureidoglycolate dehydrogenase (NAD+)		
A0A1R4GBC0	unreviewed	Agrococcus casei LMG 22410	Ureidoglycolate dehydrogenase (EC 1.1.1.154)	1.1.1.154	
A0A1S2LHV8	unreviewed	Anaerobacillus isosaccharinicus	Ureidoglycolate dehydrogenase (EC 1.1.1.154)	1.1.1.154	
A0A1S6IQW8	unreviewed	Jeotgalibaca dankookensis	Ureidoglycolate dehydrogenase (NAD(+)) (EC 1.1.1.350)	1.1.1.350	
A0A1S7FS61	unreviewed	Paenilisteria weihenstephanensis	Ureidoglycolate dehydrogenase		
A0A1S7FYJ4	unreviewed	Paenilisteria weihenstephanensis	Ureidoglycolate dehydrogenase		
A0A1S8D6A4	unreviewed	Roseomonas mucosa	Malate/lactate/ureidoglycolate dehydrogenase		
A0A1S9GZ32	unreviewed	Rhizobium laguerreae	LDH2 family malate/lactate/ureidoglycolate dehydrogenase		
A0A1T3NNQ0	unreviewed	Embleya scabrispora	Malate/lactate/ureidoglycolate dehydrogenase		
A0A1T4JQ67	unreviewed	Selenihalanaerobacter shriftii	Malate/lactate/ureidoglycolate dehydrogenase, LDH2 family		
A0A1T4K8J8	unreviewed	Treponema berlinense	Malate/lactate/ureidoglycolate dehydrogenase, LDH2 family		
A0A1T4KL39	unreviewed	Eubacterium ruminantium	Malate/lactate/ureidoglycolate dehydrogenase, LDH2 family		
A0A1T4KXE1	unreviewed	Chitinophaga eiseniae	Malate/lactate/ureidoglycolate dehydrogenase, LDH2 family		
A0A1T4LCB6	unreviewed	Pilibacter termitis	Ureidoglycolate dehydrogenase (NAD+)		
A0A1T4NLQ9	unreviewed	Eubacterium coprostanoligenes	Malate/lactate/ureidoglycolate dehydrogenase, LDH2 family		
A0A1T4QIK1	unreviewed	Sediminibacterium ginsengisoli	Malate/lactate/ureidoglycolate dehydrogenase, LDH2 family		
A0A1T4TAJ6	unreviewed	Consotaella salsifontis	Malate/lactate/ureidoglycolate dehydrogenase, LDH2 family		
A0A1T4VPX0	unreviewed	Eubacterium uniforme	Malate/lactate/ureidoglycolate dehydrogenase, LDH2 family		
A0A1T4XZG8	unreviewed	Caloramator quimbayensis	Malate/lactate/ureidoglycolate dehydrogenase, LDH2 family		
A0A1T4Z5Y6	unreviewed	Aeromicrobium choanae	Malate/lactate/ureidoglycolate dehydrogenase, LDH2 family		
A0A1T5C4Z4	unreviewed	Dyadobacter psychrophilus	Malate/lactate/ureidoglycolate dehydrogenase, LDH2 family		
A0A1T5DEG3	unreviewed	Parapedobacter luteus	Malate/lactate/ureidoglycolate dehydrogenase, LDH2 family		
A0A1T5EK46	unreviewed	Rhizorhabdus histidinilytica	Ureidoglycolate dehydrogenase (NAD+)		
A0A1T5ERB0	unreviewed	Daejeonella lutea	Malate/lactate/ureidoglycolate dehydrogenase, LDH2 family		
A0A1T5MK71	unreviewed	Ohtaekwangia koreensis	Malate/lactate/ureidoglycolate dehydrogenase, LDH2 family		
A0A1T5P126	unreviewed	Chitinophaga ginsengisegetis	Malate/lactate/ureidoglycolate dehydrogenase, LDH2 family		
A0A1U9UYI0	unreviewed	Cupriavidus necator (Alcaligenes eutrophus) (Ralstonia eutropha)	Malate/lactate/ureidoglycolate dehydrogenase		
A0A1V4DJN1	unreviewed	Vagococcus martis	Ureidoglycolate dehydrogenase		
A0A1V4HPH8	unreviewed	Paenibacillus ferrarius	Ureidoglycolate dehydrogenase		
A0A1V9DIE6	unreviewed	Pantoea latae	Malate/lactate/ureidoglycolate dehydrogenase		
A0A1W1VPB9	unreviewed	Thermanaeromonas toyohensis ToBE	Malate/lactate/ureidoglycolate dehydrogenase, LDH2 family		
A0A1W1W1T8	unreviewed	Thermanaeromonas toyohensis ToBE	Malate/lactate/ureidoglycolate dehydrogenase, LDH2 family		
A0A1W1Y3A6	unreviewed	Polynucleobacter kasalickyi	Malate/lactate/ureidoglycolate dehydrogenase, LDH2 family		
A0A1W1ZKT9	unreviewed	Sporomusa malonica	Malate/lactate/ureidoglycolate dehydrogenase, LDH2 family		
A0A1W1ZMQ5	unreviewed	Lentzea albidocapillata	Malate/lactate/ureidoglycolate dehydrogenase, LDH2 family		
A0A1W2A2E0	unreviewed	Polynucleobacter kasalickyi	Malate/lactate/ureidoglycolate dehydrogenase, LDH2 family		
A0A1W2A3Q5	unreviewed	Polynucleobacter kasalickyi	Malate/lactate/ureidoglycolate dehydrogenase, LDH2 family		
A0A1W2CY60	unreviewed	Pedobacter nyackensis	Malate/lactate/ureidoglycolate dehydrogenase, LDH2 family		
A0A1W2DQE7	unreviewed	Sporomusa malonica	Ureidoglycolate dehydrogenase (NAD+)		
A0A1W2GNZ2	unreviewed	Reichenbachiella faecimaris	Malate/lactate/ureidoglycolate dehydrogenase, LDH2 family		
A0A1W2H3L2	unreviewed	Aquiflexum balticum DSM 16537	Malate/lactate/ureidoglycolate dehydrogenase, LDH2 family		
A0A1W6ZJV3	unreviewed	Pseudorhodoplanes sinuspersici	Malate/lactate/ureidoglycolate dehydrogenase		
A0A1X1C0Y1	unreviewed	Pantoea conspicua	Malate/lactate/ureidoglycolate dehydrogenase		
A0A1X1D9K8	unreviewed	Pantoea wallisii	Malate/lactate/ureidoglycolate dehydrogenase		
A0A1X1ERZ0	unreviewed	Pantoea cypripedii (Pectobacterium cypripedii) (Erwinia cypripedii)	Malate/lactate/ureidoglycolate dehydrogenase		
A0A1X1PLP8	unreviewed	Burkholderia puraquae	Malate/lactate/ureidoglycolate dehydrogenase		
A0A1X3F981	unreviewed	Bradyrhizobium canariense	Malate/lactate/ureidoglycolate dehydrogenase		
A0A1X6WQS9	unreviewed	Vagococcus fluvialis bH819	Ureidoglycolate dehydrogenase (EC 1.1.1.154)	1.1.1.154	
A0A1X6ZNV7	unreviewed	Limimaricola soesokkakensis	LDH2 family malate/lactate/ureidoglycolate dehydrogenase		
A0A1X7EEM0	unreviewed	Priestia filamentosa	Ureidoglycolate dehydrogenase		
A0A1X7HC36	unreviewed	Paenibacillus uliginis N3/975	Ureidoglycolate dehydrogenase (NAD+)		
A0A1X7HWN0	unreviewed	Paraburkholderia susongensis	Malate/lactate/ureidoglycolate dehydrogenase, LDH2 family		
A0A1X7IN14	unreviewed	Dethiosulfovibrio salsuginis	Malate/lactate/ureidoglycolate dehydrogenase, LDH2 family		
A0A1X7J131	unreviewed	Paenibacillus aquistagni	Malate/lactate/ureidoglycolate dehydrogenase, LDH2 family		
A0A1X7KNZ7	unreviewed	Paenibacillus aquistagni	Ureidoglycolate dehydrogenase (NAD+)		
A0A1X7KWH7	unreviewed	Marivirga sericea	Malate/lactate/ureidoglycolate dehydrogenase, LDH2 family		
A0A1X7LIL7	unreviewed	Paraburkholderia susongensis	Malate/lactate/ureidoglycolate dehydrogenase, LDH2 family		
A0A1X7NBE0	unreviewed	Carnobacterium iners	Malate/lactate/ureidoglycolate dehydrogenase, LDH2 family		
A0A1Y0LH36	unreviewed	Tatumella citrea (Pantoea citrea)	Malate/lactate/ureidoglycolate dehydrogenase		
A0A1Y0LQS1	unreviewed	Tatumella citrea (Pantoea citrea)	Ureidoglycolate dehydrogenase		
A0A1Y1S2D7	unreviewed	Marispirochaeta aestuarii	Ureidoglycolate dehydrogenase		
A0A1Y3U2J8	unreviewed	Enorma massiliensis	Ureidoglycolate dehydrogenase		
A0A1Y3XSR0	unreviewed	[Collinsella] massiliensis	Ureidoglycolate dehydrogenase		
A0A1Y4MV04	unreviewed	Anaerotruncus colihominis	Ureidoglycolate dehydrogenase		
A0A1Y5SNV9	unreviewed	Oceanibacterium hippocampi	Ureidoglycolate dehydrogenase (NAD(+)) (EC 1.1.1.350)	1.1.1.350	
A0A1Y6CBJ1	unreviewed	Tistlia consotensis USBA 355	Malate/lactate/ureidoglycolate dehydrogenase, LDH2 family		
A0A1Y6CKY2	unreviewed	Tistlia consotensis USBA 355	Malate/lactate/ureidoglycolate dehydrogenase, LDH2 family		
A0A1Y6CMB7	unreviewed	Tistlia consotensis USBA 355	Malate/lactate/ureidoglycolate dehydrogenase, LDH2 family		
A0A1Y6FK75	unreviewed	Devosia lucknowensis	Malate/lactate/ureidoglycolate dehydrogenase, LDH2 family		
A0A1Y6G1S0	unreviewed	Pseudidiomarina planktonica	Malate/lactate/ureidoglycolate dehydrogenase, LDH2 family		
A0A1Y6G5N7	unreviewed	Devosia lucknowensis	Malate/lactate/ureidoglycolate dehydrogenase, LDH2 family		
A0A1Y6GHQ9	unreviewed	Klebsiella ornithinolytica (Raoultella ornithinolytica)	Malate/lactate/ureidoglycolate dehydrogenase		
A0A200JCA1	unreviewed	Candidatus Enterococcus dunnyi	Ureidoglycolate dehydrogenase		
A0A200JD96	unreviewed	Candidatus Enterococcus dunnyi	Ureidoglycolate dehydrogenase		
A0A211ZRP5	unreviewed	Inquilinus limosus	Malate/lactate/ureidoglycolate dehydrogenase		
A0A221MGF7	unreviewed	Virgibacillus necropolis	Ureidoglycolate dehydrogenase		
A0A221MGI4	unreviewed	Virgibacillus necropolis	Ureidoglycolate dehydrogenase		
A0A222WS57	unreviewed	Paenibacillus kribbensis	Ureidoglycolate dehydrogenase		
A0A223AUD6	unreviewed	Mogibacterium pumilum	Ureidoglycolate dehydrogenase		
A0A226X5Y3	unreviewed	Caballeronia sordidicola (Burkholderia sordidicola)	Ureidoglycolate dehydrogenase		
A0A238V8V0	unreviewed	Blastococcus mobilis	Malate/lactate/ureidoglycolate dehydrogenase, LDH2 family		
A0A238X946	unreviewed	Blastococcus mobilis	Malate/lactate/ureidoglycolate dehydrogenase, LDH2 family		
A0A238XEQ6	unreviewed	Actinomadura mexicana	Malate/lactate/ureidoglycolate dehydrogenase, LDH2 family		
A0A238Y0V0	unreviewed	Actinoplanes regularis	Malate/lactate/ureidoglycolate dehydrogenase, LDH2 family		
A0A239HJN9	unreviewed	Geodermatophilus pulveris	Malate/lactate/ureidoglycolate dehydrogenase, LDH2 family		
A0A239HWE6	unreviewed	Tropicimonas sediminicola	Malate/lactate/ureidoglycolate dehydrogenase, LDH2 family		
A0A239HZC3	unreviewed	Tropicimonas sediminicola	Malate/lactate/ureidoglycolate dehydrogenase, LDH2 family		
A0A239I757	unreviewed	Geodermatophilus pulveris	Malate/lactate/ureidoglycolate dehydrogenase, LDH2 family		
A0A239INA0	unreviewed	Pseudomonas japonica	Malate/lactate/ureidoglycolate dehydrogenase, LDH2 family		
A0A239JUI4	unreviewed	Noviherbaspirillum humi	Malate/lactate/ureidoglycolate dehydrogenase, LDH2 family		
A0A239K3F5	unreviewed	Ekhidna lutea	Malate/lactate/ureidoglycolate dehydrogenase, LDH2 family		
A0A239MYW5	unreviewed	Rhodococcoides kyotonense	Malate/lactate/ureidoglycolate dehydrogenase, LDH2 family		
A0A239Q3C1	unreviewed	Paracoccus seriniphilus	Malate/lactate/ureidoglycolate dehydrogenase, LDH2 family		
A0A239SE33	unreviewed	Pandoraea sputorum	Ureidoglycolate dehydrogenase (EC 1.1.1.154)	1.1.1.154	
A0A239Y9Q0	unreviewed	Mammaliicoccus stepanovicii	Putative ureidoglycolate dehydrogenase (EC 1.1.1.154)	1.1.1.154	
A0A239YBA4	unreviewed	Mammaliicoccus stepanovicii	Putative ureidoglycolate dehydrogenase (EC 1.1.1.154)	1.1.1.154	
A0A239ZTD8	unreviewed	Veillonella rodentium	Ureidoglycolate dehydrogenase (EC 1.1.1.154)	1.1.1.154	
A0A242A3P0	unreviewed	Candidatus Enterococcus testudinis	Ureidoglycolate dehydrogenase		
A0A242C6A3	unreviewed	Candidatus Enterococcus mansonii	Ureidoglycolate dehydrogenase		
A0A242C6I3	unreviewed	Candidatus Enterococcus mansonii	Ureidoglycolate dehydrogenase		
A0A254PUJ2	unreviewed	Polynucleobacter campilacus	Malate/lactate/ureidoglycolate dehydrogenase		
A0A255I4V1	unreviewed	Lachnotalea glycerini	Ureidoglycolate dehydrogenase (EC 1.1.1.154)	1.1.1.154	
A0A285B4V0	unreviewed	Klebsiella grimontii	Malate/lactate/ureidoglycolate dehydrogenase		
A0A285CQ24	unreviewed	Bacillus oleivorans	Ureidoglycolate dehydrogenase (NAD+)		
A0A285D6U3	unreviewed	Bacillus oleivorans	LDH2 family malate/lactate/ureidoglycolate dehydrogenase		
A0A285PG57	unreviewed	Cohaesibacter gelatinilyticus	Malate/lactate/ureidoglycolate dehydrogenase, LDH2 family		
A0A285SVL8	unreviewed	Rhodobacter maris	LDH2 family malate/lactate/ureidoglycolate dehydrogenase		
A0A285UAN1	unreviewed	Salinicoccus kekensis	Ureidoglycolate dehydrogenase (NAD+)		
A0A285UKW6	unreviewed	Ureibacillus acetophenoni	Ureidoglycolate dehydrogenase (NAD+)		
A0A285UQ90	unreviewed	Rhizobium subbaraonis	LDH2 family malate/lactate/ureidoglycolate dehydrogenase		
A0A285UQH5	unreviewed	Ureibacillus acetophenoni	Ureidoglycolate dehydrogenase (NAD+)		
A0A285UXG3	unreviewed	Rhizobium subbaraonis	LDH2 family malate/lactate/ureidoglycolate dehydrogenase		
A0A285UYX7	unreviewed	Rhizobium subbaraonis	LDH2 family malate/lactate/ureidoglycolate dehydrogenase		
A0A286DXL7	unreviewed	Streptomyces zhaozhouensis	Malate/lactate/ureidoglycolate dehydrogenase, LDH2 family		
A0A286GV27	unreviewed	Blastococcus haudaquaticus	Malate/lactate/ureidoglycolate dehydrogenase, LDH2 family		
A0A286GWB1	unreviewed	Blastococcus haudaquaticus	Malate/lactate/ureidoglycolate dehydrogenase, LDH2 family		
A0A291M489	unreviewed	Pacificitalea manganoxidans	LDH2 family malate/lactate/ureidoglycolate dehydrogenase		
A0A2A7UPN3	unreviewed	Comamonas terrigena	Malate/lactate/ureidoglycolate dehydrogenase		
A0A2A9DV83	unreviewed	Paramicrobacterium agarici	LDH2 family malate/lactate/ureidoglycolate dehydrogenase		
A0A2A9FC08	unreviewed	Amycolatopsis sulphurea	LDH2 family malate/lactate/ureidoglycolate dehydrogenase		
A0A2B8BGQ0	unreviewed	Azospirillum palustre	Malate/lactate/ureidoglycolate dehydrogenase		
A0A2B8BH77	unreviewed	Azospirillum palustre	Malate/lactate/ureidoglycolate dehydrogenase		
A0A2C6DDR0	unreviewed	Budvicia aquatica	Ureidoglycolate dehydrogenase		
A0A2C6DNZ2	unreviewed	Budvicia aquatica	Ureidoglycolate dehydrogenase		
A0A2C7AAF3	unreviewed	Teichococcus rhizosphaerae	Malate/lactate/ureidoglycolate dehydrogenase		
A0A2C9CQ38	unreviewed	Pontivivens marinum	Malate/lactate/ureidoglycolate dehydrogenase, LDH2 family		
A0A2C9CTT1	unreviewed	Pontivivens marinum	Malate/lactate/ureidoglycolate dehydrogenase, LDH2 family		
A0A2C9XY12	unreviewed	Gilliamella apicola	Ureidoglycolate dehydrogenase		
A0A2D0KRR3	unreviewed	Xenorhabdus stockiae	Ureidoglycolate dehydrogenase		
A0A2H1L1N7	unreviewed	Brevibacterium jeotgali	Malate/lactate/ureidoglycolate dehydrogenase, LDH2 family		
A0A2H9VTR7	unreviewed	Mucilaginibacter auburnensis	LDH2 family malate/lactate/ureidoglycolate dehydrogenase		
A0A2I5T785	unreviewed	Prodigiosinella confusarubida (Serratia sp. (strain ATCC 39006))	Malate/lactate/ureidoglycolate dehydrogenase		
A0A2K1FRP2	unreviewed	Azospirillum argentinense	Malate/lactate/ureidoglycolate dehydrogenase		
A0A2K3YSI2	unreviewed	Staphylococcus rostri	Ureidoglycolate dehydrogenase		
A0A2K3YTC4	unreviewed	Staphylococcus rostri	Ureidoglycolate dehydrogenase		
A0A2K8QKE8	unreviewed	Dickeya fangzhongdai	Malate/lactate/ureidoglycolate dehydrogenase		
A0A2K8QNJ1	unreviewed	Dickeya fangzhongdai	Malate/lactate/ureidoglycolate dehydrogenase		
A0A2M8RGL2	unreviewed	Bradyrhizobium forestalis	Malate/lactate/ureidoglycolate dehydrogenase		
A0A2M8VIT7	unreviewed	Polynucleobacter brandtiae	LDH2 family malate/lactate/ureidoglycolate dehydrogenase		
A0A2M9B9T9	unreviewed	Hymenobacter chitinivorans DSM 11115	LDH2 family malate/lactate/ureidoglycolate dehydrogenase		
A0A2M9BB93	unreviewed	Compostimonas suwonensis	LDH2 family malate/lactate/ureidoglycolate dehydrogenase		
A0A2M9G6Y5	unreviewed	Minwuia thermotolerans	Malate/lactate/ureidoglycolate dehydrogenase		
A0A2M9WAY1	unreviewed	Pantoea rodasii	Malate/lactate/ureidoglycolate dehydrogenase		
A0A2N3LP91	unreviewed	Heyndrickxia camelliae	Ureidoglycolate dehydrogenase		
A0A2N3PZ75	unreviewed	Telmatospirillum siberiense	Malate/lactate/ureidoglycolate dehydrogenase		
A0A2N3PZC2	unreviewed	Telmatospirillum siberiense	Malate/lactate/ureidoglycolate dehydrogenase		
A0A2N3WFS7	unreviewed	Amycolatopsis echigonensis	LDH2 family malate/lactate/ureidoglycolate dehydrogenase		
A0A2N3Y649	unreviewed	Saccharopolyspora spinosa	LDH2 family malate/lactate/ureidoglycolate dehydrogenase		
A0A2N4U6M4	unreviewed	Pollutimonas subterranea	Malate/lactate/ureidoglycolate dehydrogenase		
A0A2N4UEB1	unreviewed	Pollutimonas nitritireducens	Malate/lactate/ureidoglycolate dehydrogenase		
A0A2N5C218	unreviewed	Cupriavidus pauculus	Malate/lactate/ureidoglycolate dehydrogenase		
A0A2N5GK72	unreviewed	Bacillus canaveralius	Ureidoglycolate dehydrogenase		
A0A2N5HBZ9	unreviewed	Neobacillus cucumis	Ureidoglycolate dehydrogenase		
A0A2P5GKQ1	unreviewed	Superficieibacter electus	Malate/lactate/ureidoglycolate dehydrogenase		
A0A2P5GSQ7	unreviewed	Superficieibacter electus	Ureidoglycolate dehydrogenase		
A0A2P8GCF6	unreviewed	Planomicrobium soli	Ureidoglycolate dehydrogenase (NAD+)		
A0A2R4VR74	unreviewed	Azospirillum humicireducens	Malate/lactate/ureidoglycolate dehydrogenase		
A0A2R4W1S5	unreviewed	Thermodesulfobium acidiphilum	Malate/lactate/ureidoglycolate dehydrogenase, LDH2 family		
A0A2R4WP42	unreviewed	Methylobacterium currus	Malate/lactate/ureidoglycolate dehydrogenase		
A0A2R4XNS9	unreviewed	Orrella marina	Malate/lactate/ureidoglycolate dehydrogenase		
A0A2R5EQI4	unreviewed	Paenibacillus agaridevorans	Ureidoglycolate dehydrogenase		
A0A2S0L3X2	unreviewed	Mogibacterium diversum	Ureidoglycolate dehydrogenase		
A0A2S0NA30	unreviewed	Phreatobacter cathodiphilus	Malate/lactate/ureidoglycolate dehydrogenase		
A0A2S2CKL5	unreviewed	Azospirillum thermophilum	Malate/lactate/ureidoglycolate dehydrogenase		
A0A2S3V0T3	unreviewed	Roseibium marinum	LDH2 family malate/lactate/ureidoglycolate dehydrogenase		
A0A2S5G857	unreviewed	Jeotgalibacillus proteolyticus	Ureidoglycolate dehydrogenase		
A0A2S6GFY9	unreviewed	Actinokineospora auranticolor	LDH2 family malate/lactate/ureidoglycolate dehydrogenase		
A0A2S6HZJ9	unreviewed	Lacrimispora xylanisolvens	Ureidoglycolate dehydrogenase (NAD+)		
A0A2S6MZW1	unreviewed	Rhodopila globiformis (Rhodopseudomonas globiformis)	Malate/lactate/ureidoglycolate dehydrogenase		
A0A2S6NIQ4	unreviewed	Rhodopila globiformis (Rhodopseudomonas globiformis)	Malate/lactate/ureidoglycolate dehydrogenase		
A0A2S9EYV9	unreviewed	Pseudomonas poae	Malate/lactate/ureidoglycolate dehydrogenase		
A0A2S9IHJ6	unreviewed	Pantoea coffeiphila	Ureidoglycolate dehydrogenase		
A0A2S9IHZ4	unreviewed	Pantoea coffeiphila	Malate/lactate/ureidoglycolate dehydrogenase		
A0A2T0JZJ1	unreviewed	Actinoplanes italicus	LDH2 family malate/lactate/ureidoglycolate dehydrogenase		
A0A2T0QEN0	unreviewed	Allonocardiopsis opalescens	LDH2 family malate/lactate/ureidoglycolate dehydrogenase		
A0A2T0QEU5	unreviewed	Allonocardiopsis opalescens	LDH2 family malate/lactate/ureidoglycolate dehydrogenase		
A0A2T0TQ58	unreviewed	Geodermatophilus tzadiensis	LDH2 family malate/lactate/ureidoglycolate dehydrogenase		
A0A2T0V546	unreviewed	Vreelandella songnenensis	LDH2 family malate/lactate/ureidoglycolate dehydrogenase		
A0A2T0W5H5	unreviewed	Alkalibacterium olivapovliticus	LDH2 family malate/lactate/ureidoglycolate dehydrogenase		
A0A2T0WL92	unreviewed	Donghicola tyrosinivorans	LDH2 family malate/lactate/ureidoglycolate dehydrogenase		
A0A2T0WNZ1	unreviewed	Mongoliibacter ruber	LDH2 family malate/lactate/ureidoglycolate dehydrogenase		
A0A2T0WQB1	unreviewed	Mongoliibacter ruber	LDH2 family malate/lactate/ureidoglycolate dehydrogenase		
A0A2T0YAM1	unreviewed	Nesterenkonia sandarakina	LDH2 family malate/lactate/ureidoglycolate dehydrogenase		
A0A2T1HWN2	unreviewed	Alsobacter soli	Malate/lactate/ureidoglycolate dehydrogenase		
A0A2T3IQB9	unreviewed	Photobacterium lutimaris	Ureidoglycolate dehydrogenase		
A0A2T3NU70	unreviewed	Photobacterium sanctipauli	Ureidoglycolate dehydrogenase		
A0A2T4ZI82	unreviewed	Phreatobacter oligotrophus	Ureidoglycolate dehydrogenase (NAD+)		
A0A2T5AXL7	unreviewed	Mycoplana dimorpha	LDH2 family malate/lactate/ureidoglycolate dehydrogenase		
A0A2T5B355	unreviewed	Mycoplana dimorpha	LDH2 family malate/lactate/ureidoglycolate dehydrogenase		
A0A2T5BDT6	unreviewed	Mycoplana dimorpha	LDH2 family malate/lactate/ureidoglycolate dehydrogenase		
A0A2T5GNH6	unreviewed	Sphingomonas aurantiaca	LDH2 family malate/lactate/ureidoglycolate dehydrogenase		
A0A2T5ICP3	unreviewed	Trichococcus patagoniensis	Ureidoglycolate dehydrogenase (NAD+)		
A0A2T5IEG0	unreviewed	Trichococcus patagoniensis	Ureidoglycolate dehydrogenase (NAD+)		
A0A2T5JEN3	unreviewed	Mucilaginibacter yixingensis	LDH2 family malate/lactate/ureidoglycolate dehydrogenase		
A0A2T5KA36	unreviewed	Cereibacter azotoformans	LDH2 family malate/lactate/ureidoglycolate dehydrogenase		
A0A2T5VH43	unreviewed	Breoghania corrubedonensis	LDH2 family malate/lactate/ureidoglycolate dehydrogenase		
A0A2T5VH79	unreviewed	Breoghania corrubedonensis	LDH2 family malate/lactate/ureidoglycolate dehydrogenase		
A0A2T6B034	unreviewed	Gemmobacter caeni	LDH2 family malate/lactate/ureidoglycolate dehydrogenase		
A0A2T7U8K1	unreviewed	Limnohabitans planktonicus II-D5	Malate/lactate/ureidoglycolate dehydrogenase		
A0A2U1TJW8	unreviewed	Brenneria corticis	Malate/lactate/ureidoglycolate dehydrogenase		
A0A2U1TPQ5	unreviewed	Brenneria roseae subsp. americana	Malate/lactate/ureidoglycolate dehydrogenase		
A0A2U1TVS8	unreviewed	Brenneria roseae subsp. americana	Malate/lactate/ureidoglycolate dehydrogenase		
A0A2U1TYJ1	unreviewed	Brenneria corticis	Malate/lactate/ureidoglycolate dehydrogenase		
A0A2U1UAT8	unreviewed	Brenneria nigrifluens DSM 30175 = ATCC 13028	Malate/lactate/ureidoglycolate dehydrogenase		
A0A2U1UR08	unreviewed	Brenneria nigrifluens DSM 30175 = ATCC 13028	Malate/lactate/ureidoglycolate dehydrogenase		
A0A2U1V1G0	unreviewed	Teichococcus aestuarii	Malate/lactate/ureidoglycolate dehydrogenase		
A0A2U2AFM1	unreviewed	Ignatzschineria ureiclastica	Ureidoglycolate dehydrogenase		
A0A2U3Q5T6	unreviewed	Bradyrhizobium vignae	Malate/lactate/ureidoglycolate dehydrogenase		
A0A2U3THP3	unreviewed	Microvirgula aerodenitrificans	Malate/lactate/ureidoglycolate dehydrogenase		
A0A2U8DX64	unreviewed	Clostridium drakei	Ureidoglycolate dehydrogenase		
A0A2U8P165	unreviewed	Bradyrhizobium ottawaense	LDH2 family malate/lactate/ureidoglycolate dehydrogenase		
A0A2U8PRQ5	unreviewed	Bradyrhizobium amphicarpaeae	Malate/lactate/ureidoglycolate dehydrogenase		
A0A2U8WN33	unreviewed	Methylobacterium terrae	Malate/lactate/ureidoglycolate dehydrogenase		
A0A2U9SD59	unreviewed	Azospirillum ramasamyi	Malate/lactate/ureidoglycolate dehydrogenase		
A0A2U9SDP7	unreviewed	Azospirillum ramasamyi	Malate/lactate/ureidoglycolate dehydrogenase		
A0A2V3TTX3	unreviewed	Chelatococcus asaccharovorans	Ureidoglycolate dehydrogenase (NAD+)		
A0A2V3U482	unreviewed	Chelatococcus asaccharovorans	LDH2 family malate/lactate/ureidoglycolate dehydrogenase		
A0A2V3U8A2	unreviewed	Chelatococcus asaccharovorans	LDH2 family malate/lactate/ureidoglycolate dehydrogenase		
A0A2V4E2T7	unreviewed	Gilliamella apicola	Ureidoglycolate dehydrogenase		
A0A2V4E8Y7	unreviewed	Gilliamella apis	Ureidoglycolate dehydrogenase		
A0A2W1NNT0	unreviewed	Paenibacillus xerothermodurans	Ureidoglycolate dehydrogenase		
A0A2W3YRB8	unreviewed	Enterococcus plantarum	Ureidoglycolate dehydrogenase		
A0A2W4B3N5	unreviewed	Enterococcus plantarum	Ureidoglycolate dehydrogenase		
A0A2W7IM09	unreviewed	Humitalea rosea	LDH2 family malate/lactate/ureidoglycolate dehydrogenase		
A0A2W7MYK8	unreviewed	Palleronia aestuarii	LDH2 family malate/lactate/ureidoglycolate dehydrogenase		
A0A2W7NF12	unreviewed	Palleronia aestuarii	LDH2 family malate/lactate/ureidoglycolate dehydrogenase		
A0A2W7NFB4	unreviewed	Breznakibacter xylanolyticus	LDH2 family malate/lactate/ureidoglycolate dehydrogenase		
A0A2W7RCD8	unreviewed	Algoriphagus chordae	LDH2 family malate/lactate/ureidoglycolate dehydrogenase		
A0A2W7TJS0	unreviewed	Hydrotalea sandarakina	LDH2 family malate/lactate/ureidoglycolate dehydrogenase		
A0A2X4Y2G2	unreviewed	Leminorella richardii	Ureidoglycolate dehydrogenase (EC 1.1.1.154)	1.1.1.154	
A0A2Y9AP74	unreviewed	Jannaschia seohaensis	LDH2 family malate/lactate/ureidoglycolate dehydrogenase		
A0A2Y9BFQ2	unreviewed	Faecalicatena orotica	LDH2 family malate/lactate/ureidoglycolate dehydrogenase		
A0A2Y9C9W1	unreviewed	Faecalicatena orotica	LDH2 family malate/lactate/ureidoglycolate dehydrogenase		
A0A2Z6IC65	unreviewed	Sutterella megalosphaeroides	Malate/lactate/ureidoglycolate dehydrogenase		
A0A315E284	unreviewed	Limnohabitans parvus II-B4	Malate/lactate/ureidoglycolate dehydrogenase		
A0A315XLT4	unreviewed	Methanobrevibacter thaueri	Ureidoglycolate dehydrogenase (EC 1.1.1.350)	1.1.1.350	
A0A316AG25	unreviewed	Faecalicatena contorta	Ureidoglycolate dehydrogenase (NAD+)		
A0A316AK93	unreviewed	Dyadobacter jejuensis	LDH2 family malate/lactate/ureidoglycolate dehydrogenase		
A0A316C1N5	unreviewed	Pseudaminobacter salicylatoxidans	LDH2 family malate/lactate/ureidoglycolate dehydrogenase		
A0A316C6D1	unreviewed	Pseudaminobacter salicylatoxidans	LDH2 family malate/lactate/ureidoglycolate dehydrogenase		
A0A316EGL7	unreviewed	Arcicella aurantiaca	LDH2 family malate/lactate/ureidoglycolate dehydrogenase		
A0A316G4G5	unreviewed	Silicimonas algicola	LDH2 family malate/lactate/ureidoglycolate dehydrogenase		
A0A316G5C2	unreviewed	Silicimonas algicola	LDH2 family malate/lactate/ureidoglycolate dehydrogenase		
A0A316GFJ8	unreviewed	Roseicyclus mahoneyensis	LDH2 family malate/lactate/ureidoglycolate dehydrogenase		
A0A316GH05	unreviewed	Silicimonas algicola	LDH2 family malate/lactate/ureidoglycolate dehydrogenase		
A0A316H1K5	unreviewed	Mucilaginibacter oryzae	LDH2 family malate/lactate/ureidoglycolate dehydrogenase		
A0A316H4L0	unreviewed	Roseicyclus mahoneyensis	LDH2 family malate/lactate/ureidoglycolate dehydrogenase		
A0A317FGK9	unreviewed	Falsiroseomonas bella	Malate/lactate/ureidoglycolate dehydrogenase		
A0A317MYK6	unreviewed	Plasticicumulans acidivorans	LDH2 family malate/lactate/ureidoglycolate dehydrogenase		
A0A317PD44	unreviewed	Hoeflea marina	LDH2 family malate/lactate/ureidoglycolate dehydrogenase		
A0A317Q7L4	unreviewed	Pseudidiomarina maritima	LDH2 family malate/lactate/ureidoglycolate dehydrogenase		
A0A317R8G6	unreviewed	Melaminivora alkalimesophila	LDH2 family malate/lactate/ureidoglycolate dehydrogenase		
A0A318STS2	unreviewed	Paramesorhizobium leguminum	LDH2 family malate/lactate/ureidoglycolate dehydrogenase		
A0A318SV74	unreviewed	Pseudoroseicyclus aestuarii	LDH2 family malate/lactate/ureidoglycolate dehydrogenase		
A0A318USC3	unreviewed	Pedobacter nutrimenti	LDH2 family malate/lactate/ureidoglycolate dehydrogenase		
A0A318UY78	unreviewed	Marinomonas alcarazii	LDH2 family malate/lactate/ureidoglycolate dehydrogenase		
A0A327M9J2	unreviewed	Roseicella frigidaeris	Malate/lactate/ureidoglycolate dehydrogenase		
A0A327P6B7	unreviewed	Algoriphagus yeomjeoni	LDH2 family malate/lactate/ureidoglycolate dehydrogenase		
A0A327WIG6	unreviewed	Chitinophaga dinghuensis	LDH2 family malate/lactate/ureidoglycolate dehydrogenase		
A0A327X3Z3	unreviewed	Larkinella arboricola	LDH2 family malate/lactate/ureidoglycolate dehydrogenase		
A0A327YNH1	unreviewed	Paranoxybacillus vitaminiphilus	Ureidoglycolate dehydrogenase (NAD+)		
A0A327ZJL0	unreviewed	Actinoplanes lutulentus	LDH2 family malate/lactate/ureidoglycolate dehydrogenase		
A0A345UMI2	unreviewed	Cyclonatronum proteinivorum	Malate/lactate/ureidoglycolate dehydrogenase, LDH2 family		
A0A347WIY7	unreviewed	Suicoccus acidiformans	Ureidoglycolate dehydrogenase		
A0A347ZTJ1	unreviewed	Pelolinea submarina	LDH2 family malate/lactate/ureidoglycolate dehydrogenase		
A0A364JS62	unreviewed	Falsochrobactrum ovis	LDH2 family malate/lactate/ureidoglycolate dehydrogenase		
A0A364JWN6	unreviewed	Falsochrobactrum ovis	LDH2 family malate/lactate/ureidoglycolate dehydrogenase		
A0A364JXG4	unreviewed	Falsochrobactrum ovis	LDH2 family malate/lactate/ureidoglycolate dehydrogenase		
A0A365K521	unreviewed	Planococcus maitriensis	Ureidoglycolate dehydrogenase (EC 1.1.1.154)	1.1.1.154	
A0A365QY56	unreviewed	Burkholderia reimsis	Malate/lactate/ureidoglycolate dehydrogenase		
A0A366D8E6	unreviewed	Marinomonas aquiplantarum	LDH2 family malate/lactate/ureidoglycolate dehydrogenase		
A0A366E5D2	unreviewed	Pseudochrobactrum asaccharolyticum	LDH2 family malate/lactate/ureidoglycolate dehydrogenase		
A0A366JH11	unreviewed	Marinomonas rhizomae	LDH2 family malate/lactate/ureidoglycolate dehydrogenase		
A0A366K0D0	unreviewed	Cytobacillus firmus (Bacillus firmus)	Ureidoglycolate dehydrogenase (NAD+)		
A0A368UWD6	unreviewed	Pseudidiomarina tainanensis	LDH2 family malate/lactate/ureidoglycolate dehydrogenase		
A0A368YE82	unreviewed	Pseudorhodoferax soli	LDH2 family malate/lactate/ureidoglycolate dehydrogenase		
A0A368YHI1	unreviewed	Paracoccus lutimaris	LDH2 family malate/lactate/ureidoglycolate dehydrogenase		
A0A368YNT5	unreviewed	Phyllobacterium bourgognense	LDH2 family malate/lactate/ureidoglycolate dehydrogenase		
A0A368Z5X0	unreviewed	Phyllobacterium bourgognense	LDH2 family malate/lactate/ureidoglycolate dehydrogenase		
A0A369B5W4	unreviewed	Vagococcus fluvialis	Ureidoglycolate dehydrogenase		
A0A369QIJ6	unreviewed	Adhaeribacter pallidiroseus	Ureidoglycolate dehydrogenase (NAD(+)) (EC 1.1.1.350)	1.1.1.350	
A0A370G0B6	unreviewed	Gluconacetobacter liquefaciens (Acetobacter liquefaciens)	LDH2 family malate/lactate/ureidoglycolate dehydrogenase		
A0A370HLX5	unreviewed	Microvirga subterranea	LDH2 family malate/lactate/ureidoglycolate dehydrogenase		
A0A370L1C3	unreviewed	Allobosea caraganae	Malate/lactate/ureidoglycolate dehydrogenase		
A0A370P070	unreviewed	Cupriavidus lacunae	Malate/lactate/ureidoglycolate dehydrogenase		
A0A370R426	unreviewed	Enterobacillus tribolii	LDH2 family malate/lactate/ureidoglycolate dehydrogenase		
A0A370V403	unreviewed	Escherichia marmotae	Ureidoglycolate dehydrogenase (EC 1.1.1.154)	1.1.1.154	
A0A370VCI0	unreviewed	Escherichia marmotae	Malate/lactate/ureidoglycolate dehydrogenase		
A0A375G2H3	unreviewed	Cupriavidus oxalaticus	Malate/lactate/ureidoglycolate dehydrogenase		
A0A376H998	unreviewed	Enterococcus gallinarum	Ureidoglycolate dehydrogenase (EC 1.1.1.154)	1.1.1.154	
A0A378TMP8	unreviewed	Mycolicibacterium tokaiense	Ureidoglycolate dehydrogenase (EC 1.1.1.154)	1.1.1.154	
A0A380BVP0	unreviewed	Staphylococcus arlettae	Ureidoglycolate dehydrogenase		
A0A380BVW1	unreviewed	Staphylococcus arlettae	Ureidoglycolate dehydrogenase		
A0A380G4T4	unreviewed	Staphylococcus intermedius NCTC 11048	Putative ureidoglycolate dehydrogenase (EC 1.1.1.154)	1.1.1.154	
A0A380G5I3	unreviewed	Staphylococcus intermedius NCTC 11048	Putative ureidoglycolate dehydrogenase (EC 1.1.1.154)	1.1.1.154	
A0A380NLL1	unreviewed	Veillonella criceti	Ureidoglycolate dehydrogenase (EC 1.1.1.154)	1.1.1.154	
A0A396S563	unreviewed	Ureibacillus yapensis	Ureidoglycolate dehydrogenase (EC 1.1.1.154)	1.1.1.154	
A0A396S589	unreviewed	Ureibacillus yapensis	Ureidoglycolate dehydrogenase (EC 1.1.1.154)	1.1.1.154	
A0A397NNA3	unreviewed	Hephaestia caeni	LDH2 family malate/lactate/ureidoglycolate dehydrogenase		
A0A397QSP6	unreviewed	Anaeroplasma bactoclasticum	LDH2 family malate/lactate/ureidoglycolate dehydrogenase		
A0A398B0Y5	unreviewed	Peribacillus asahii	Ureidoglycolate dehydrogenase (EC 1.1.1.154)	1.1.1.154	
A0A3A3FGK5	unreviewed	Noviherbaspirillum saxi	Malate/lactate/ureidoglycolate dehydrogenase		
A0A3A9JVU0	unreviewed	Teichococcus wenyumeiae	Malate/lactate/ureidoglycolate dehydrogenase		
A0A3B6VMK3	unreviewed	Brachyspira pilosicoli P43/6/78	Ureidoglycolate dehydrogenase		
A0A3D8GJK7	unreviewed	Neobacillus piezotolerans	Ureidoglycolate dehydrogenase (EC 1.1.1.154)	1.1.1.154	
A0A3D8GUU7	unreviewed	Neobacillus piezotolerans	Ureidoglycolate dehydrogenase (EC 1.1.1.154)	1.1.1.154	
A0A3D8GUX9	unreviewed	Neobacillus piezotolerans	Ureidoglycolate dehydrogenase (EC 1.1.1.154)	1.1.1.154	
A0A3D9DWA7	unreviewed	Kushneria indalinina DSM 14324	LDH2 family malate/lactate/ureidoglycolate dehydrogenase		
A0A3D9INL4	unreviewed	Cohnella lupini	LDH2 family malate/lactate/ureidoglycolate dehydrogenase		
A0A3E0B1L6	unreviewed	Jeotgalicoccus halotolerans	Ureidoglycolate dehydrogenase (NAD+)		
A0A3E0B1N2	unreviewed	Jeotgalicoccus halotolerans	Ureidoglycolate dehydrogenase (NAD+)		
A0A3E0D779	unreviewed	Marinomonas pollencensis	LDH2 family malate/lactate/ureidoglycolate dehydrogenase		
A0A3E0DM26	unreviewed	Marinomonas pollencensis	LDH2 family malate/lactate/ureidoglycolate dehydrogenase		
A0A3E3K077	unreviewed	Sellimonas intestinalis	Ureidoglycolate dehydrogenase (EC 1.1.1.154)	1.1.1.154	
A0A3E4MHZ5	unreviewed	Dorea formicigenerans	Ureidoglycolate dehydrogenase (EC 1.1.1.154)	1.1.1.154	
A0A3G8H1P9	unreviewed	Cupriavidus pauculus	Malate/lactate/ureidoglycolate dehydrogenase		
A0A3M8DMW1	unreviewed	Brevibacillus nitrificans	Ureidoglycolate dehydrogenase (EC 1.1.1.154)	1.1.1.154	
A0A3N1CP22	unreviewed	Actinocorallia herbida	LDH2 family malate/lactate/ureidoglycolate dehydrogenase		
A0A3N1CTX6	unreviewed	Actinocorallia herbida	Ureidoglycolate dehydrogenase (NAD+)		
A0A3N1GYV1	unreviewed	Saccharothrix texasensis	LDH2 family malate/lactate/ureidoglycolate dehydrogenase		
A0A3N1KRX4	unreviewed	Allostella humosa	LDH2 family malate/lactate/ureidoglycolate dehydrogenase		
A0A3N1KZ02	unreviewed	Allostella humosa	LDH2 family malate/lactate/ureidoglycolate dehydrogenase		
A0A3N2ARV1	unreviewed	Agrococcus jenensis	LDH2 family malate/lactate/ureidoglycolate dehydrogenase		
A0A3N2B9R3	unreviewed	Allobogoriella caseilytica	LDH2 family malate/lactate/ureidoglycolate dehydrogenase		
A0A3N2G8B2	unreviewed	Amycolatopsis thermoflava	LDH2 family malate/lactate/ureidoglycolate dehydrogenase		
A0A3N2H6V2	unreviewed	Amycolatopsis thermoflava	LDH2 family malate/lactate/ureidoglycolate dehydrogenase		
A0A3N4P4U0	unreviewed	Candidatus Pantoea deserta	Malate/lactate/ureidoglycolate dehydrogenase		
A0A3N4RQM3	unreviewed	Kitasatospora cineracea	LDH2 family malate/lactate/ureidoglycolate dehydrogenase		
A0A3N4UQI1	unreviewed	Pacificibacter maritimus	Ureidoglycolate dehydrogenase (NAD+)		
A0A3N9U9Z5	unreviewed	Lysinibacillus composti	Ureidoglycolate dehydrogenase (EC 1.1.1.154)	1.1.1.154	
A0A3P1VE56	unreviewed	Streptococcus minor	Ureidoglycolate dehydrogenase (EC 1.1.1.154)	1.1.1.154	
A0A3P3U3H1	unreviewed	Paenibacillus oralis	Ureidoglycolate dehydrogenase (EC 1.1.1.154)	1.1.1.154	
A0A3P4B2B0	unreviewed	Pigmentiphaga humi	Ureidoglycolate dehydrogenase (NAD(+)) (EC 1.1.1.350)	1.1.1.350	
A0A3Q9BJM7	unreviewed	Jeotgalibaca ciconiae	Ureidoglycolate dehydrogenase (EC 1.1.1.154)	1.1.1.154	
A0A3Q9I5X9	unreviewed	Paenibacillus lutimineralis	Ureidoglycolate dehydrogenase (EC 1.1.1.154)	1.1.1.154	
A0A3R9P3S3	unreviewed	Salibacterium salarium	Ureidoglycolate dehydrogenase (EC 1.1.1.154)	1.1.1.154	
A0A3S0HEG8	unreviewed	Variovorax gossypii	Malate/lactate/ureidoglycolate dehydrogenase		
A0A3S0V691	unreviewed	Azospirillum doebereinerae	Malate/lactate/ureidoglycolate dehydrogenase		
A0A3S0W6Y1	unreviewed	Peribacillus cavernae	Ureidoglycolate dehydrogenase (EC 1.1.1.154)	1.1.1.154	
A0A3S1AIT0	unreviewed	Pectobacterium brasiliense	Malate/lactate/ureidoglycolate dehydrogenase		
A0A3S2X435	unreviewed	Rubrivivax albus	Malate/lactate/ureidoglycolate dehydrogenase		
A0A3S2YXL4	unreviewed	Methylobacterium oryzihabitans	Malate/lactate/ureidoglycolate dehydrogenase		
A0A3S4TIY1	unreviewed	Mycolicibacterium chitae (Mycobacterium chitae)	Ureidoglycolate dehydrogenase (EC 1.1.1.154)	1.1.1.154	
A0A3S5DJ80	unreviewed	Avibacterium volantium (Pasteurella volantium)	Ureidoglycolate dehydrogenase (EC 1.1.1.154)	1.1.1.154	
A0A3S9A6I5	unreviewed	Paenibacillus albus	Ureidoglycolate dehydrogenase (EC 1.1.1.154)	1.1.1.154	
A0A3S9XG91	unreviewed	Entomomonas moraniae	Ureidoglycolate dehydrogenase (EC 1.1.1.154)	1.1.1.154	
A0A410MEB5	unreviewed	Halobacillus litoralis	Ureidoglycolate dehydrogenase		
A0A410VAZ5	unreviewed	Bradyrhizobium guangdongense	Malate/lactate/ureidoglycolate dehydrogenase		
A0A417YDX7	unreviewed	Oceanobacillus profundus	Ureidoglycolate dehydrogenase (EC 1.1.1.154)	1.1.1.154	
A0A417YDZ3	unreviewed	Oceanobacillus profundus	Ureidoglycolate dehydrogenase (EC 1.1.1.154)	1.1.1.154	
A0A417YMQ0	unreviewed	Neobacillus notoginsengisoli	Ureidoglycolate dehydrogenase (EC 1.1.1.154)	1.1.1.154	
A0A417YMS9	unreviewed	Neobacillus notoginsengisoli	Ureidoglycolate dehydrogenase (EC 1.1.1.154)	1.1.1.154	
A0A418HP56	unreviewed	Staphylococcus gallinarum	Ureidoglycolate dehydrogenase		
A0A418IIZ2	unreviewed	Staphylococcus shinii	Ureidoglycolate dehydrogenase (EC 1.1.1.154)	1.1.1.154	
A0A418IIZ9	unreviewed	Staphylococcus shinii	Ureidoglycolate dehydrogenase (EC 1.1.1.154)	1.1.1.154	
A0A418SHM6	unreviewed	Pseudooceanicola algae	Ureidoglycolate dehydrogenase (EC 1.1.1.350)	1.1.1.350	
A0A419V8L5	unreviewed	Sinobaca qinghaiensis	LDH2 family malate/lactate/ureidoglycolate dehydrogenase		
A0A421BAD4	unreviewed	Actinokineospora cianjurensis	LDH2 family malate/lactate/ureidoglycolate dehydrogenase		
A0A429XSU5	unreviewed	Siminovitchia acidinfaciens	Ureidoglycolate dehydrogenase (EC 1.1.1.154)	1.1.1.154	
A0A429ZS02	unreviewed	Vagococcus salmoninarum	Ureidoglycolate dehydrogenase		
A0A430B858	unreviewed	Vagococcus carniphilus	Ureidoglycolate dehydrogenase		
A0A433HWD5	unreviewed	Peribacillus cavernae	Ureidoglycolate dehydrogenase (EC 1.1.1.154)	1.1.1.154	
A0A433RUP9	unreviewed	Candidatus Kurthia intestinigallinarum	Ureidoglycolate dehydrogenase		
A0A437M2M5	unreviewed	Rhodovarius crocodyli	Malate/lactate/ureidoglycolate dehydrogenase		
A0A437MN22	unreviewed	Rhodovarius crocodyli	Malate/lactate/ureidoglycolate dehydrogenase		
A0A437QXZ3	unreviewed	Hwanghaeella grinnelliae	Malate/lactate/ureidoglycolate dehydrogenase		
A0A443VT88	unreviewed	Klebsiella planticola (Raoultella planticola)	Malate/lactate/ureidoglycolate dehydrogenase		
A0A447CUU0	unreviewed	Rhodoplanes serenus	Ureidoglycolate dehydrogenase (NAD(+))		
A0A448SV22	unreviewed	Serratia rubidaea (Serratia marinorubra)	Malate/lactate/ureidoglycolate dehydrogenase		
A0A480AQ12	unreviewed	Pseudaquabacterium pictum	Malate/lactate/ureidoglycolate dehydrogenase		
A0A485BB07	unreviewed	Kluyvera cryocrescens (Kluyvera citrophila)	Ureidoglycolate dehydrogenase (EC 1.1.1.154)	1.1.1.154	
A0A495IZW3	unreviewed	Mucilaginibacter gracilis	LDH2 family malate/lactate/ureidoglycolate dehydrogenase		
A0A495QG71	unreviewed	Actinomadura pelletieri DSM 43383	LDH2 family malate/lactate/ureidoglycolate dehydrogenase		
A0A495RJJ9	unreviewed	Orbus hercynius	Ureidoglycolate dehydrogenase (NAD+)		
A0A495X2U6	unreviewed	Saccharothrix variisporea	LDH2 family malate/lactate/ureidoglycolate dehydrogenase		
A0A495Y4F4	unreviewed	Terracoccus luteus	LDH2 family malate/lactate/ureidoglycolate dehydrogenase		
A0A497YGP7	unreviewed	Planococcus citreus	Ureidoglycolate dehydrogenase (NAD+)		
A0A4D7BD31	unreviewed	Phreatobacter stygius	Malate/lactate/ureidoglycolate dehydrogenase		
A0A4D7QHS1	unreviewed	Phreatobacter aquaticus	Malate/lactate/ureidoglycolate dehydrogenase		
A0A4P5PFS5	unreviewed	Enterococcus florum	Ureidoglycolate dehydrogenase		
A0A4P6WJV1	unreviewed	Citrobacter arsenatis	Ureidoglycolate dehydrogenase (EC 1.1.1.154)	1.1.1.154	
A0A4P6WLS1	unreviewed	Citrobacter arsenatis	Malate/lactate/ureidoglycolate dehydrogenase		
A0A4P8IZ95	unreviewed	Trinickia violacea	Malate/lactate/ureidoglycolate dehydrogenase		
A0A4P8QPN8	unreviewed	Brenneria rubrifaciens	Malate/lactate/ureidoglycolate dehydrogenase		
A0A4P8YKY9	unreviewed	Jejuibacter calystegiae	Malate/lactate/ureidoglycolate dehydrogenase		
A0A4Q1VFY0	unreviewed	Bradyrhizobium betae	Malate/lactate/ureidoglycolate dehydrogenase		
A0A4Q7N8D9	unreviewed	Pigmentiphaga kullae	LDH2 family malate/lactate/ureidoglycolate dehydrogenase		
A0A4Q7NGH3	unreviewed	Pigmentiphaga kullae	LDH2 family malate/lactate/ureidoglycolate dehydrogenase		
A0A4Q7VQE3	unreviewed	Advenella incenata	LDH2 family malate/lactate/ureidoglycolate dehydrogenase		
A0A4Q7VST7	unreviewed	Advenella incenata	LDH2 family malate/lactate/ureidoglycolate dehydrogenase		
A0A4Q7VXN2	unreviewed	Kribbella rubisoli	LDH2 family malate/lactate/ureidoglycolate dehydrogenase		
A0A4Q7WKC3	unreviewed	Kribbella rubisoli	LDH2 family malate/lactate/ureidoglycolate dehydrogenase		
A0A4Q7Y8N1	unreviewed	Blastococcus saxobsidens	LDH2 family malate/lactate/ureidoglycolate dehydrogenase		
A0A4R1B037	unreviewed	Cytobacillus praedii	Ureidoglycolate dehydrogenase (EC 1.1.1.154)	1.1.1.154	
A0A4R1HTX0	unreviewed	Pseudonocardia endophytica	LDH2 family malate/lactate/ureidoglycolate dehydrogenase		
A0A4R1I3Y1	unreviewed	Ancylobacter aquaticus	LDH2 family malate/lactate/ureidoglycolate dehydrogenase		
A0A4R1I6P6	unreviewed	Ancylobacter aquaticus	LDH2 family malate/lactate/ureidoglycolate dehydrogenase		
A0A4R1LVZ4	unreviewed	Albibacterium bauzanense	LDH2 family malate/lactate/ureidoglycolate dehydrogenase		
A0A4R1N6T3	unreviewed	Sodalis ligni	LDH2 family malate/lactate/ureidoglycolate dehydrogenase		
A0A4R2AWM2	unreviewed	Mesobacillus foraminis	Ureidoglycolate dehydrogenase (NAD+)		
A0A4R2B5G5	unreviewed	Mesobacillus foraminis	LDH2 family malate/lactate/ureidoglycolate dehydrogenase		
A0A4R2BAV8	unreviewed	Mesobacillus foraminis	LDH2 family malate/lactate/ureidoglycolate dehydrogenase		
A0A4R2BUX2	unreviewed	Shinella granuli	LDH2 family malate/lactate/ureidoglycolate dehydrogenase		
A0A4R2C7C3	unreviewed	Shinella granuli	LDH2 family malate/lactate/ureidoglycolate dehydrogenase		
A0A4R2CQ10	unreviewed	Shinella granuli	LDH2 family malate/lactate/ureidoglycolate dehydrogenase		
A0A4R2CV76	unreviewed	Shinella granuli	LDH2 family malate/lactate/ureidoglycolate dehydrogenase		
A0A4R2HHK2	unreviewed	Kribbella steppae	LDH2 family malate/lactate/ureidoglycolate dehydrogenase		
A0A4R2HWL3	unreviewed	Kribbella steppae	LDH2 family malate/lactate/ureidoglycolate dehydrogenase		
A0A4R2IJ99	unreviewed	Kribbella antiqua	LDH2 family malate/lactate/ureidoglycolate dehydrogenase		
A0A4R2J4C0	unreviewed	Kribbella antiqua	LDH2 family malate/lactate/ureidoglycolate dehydrogenase		
A0A4R2NJG5	unreviewed	Scopulibacillus darangshiensis	Ureidoglycolate dehydrogenase (NAD+)		
A0A4R2NJP6	unreviewed	Scopulibacillus darangshiensis	Ureidoglycolate dehydrogenase (NAD+)		
A0A4R2QN56	unreviewed	Tamaricihabitans halophyticus	LDH2 family malate/lactate/ureidoglycolate dehydrogenase		
A0A4R2T050	unreviewed	Cricetibacter osteomyelitidis	Ureidoglycolate dehydrogenase (NAD+)		
A0A4R2UJK0	unreviewed	Serpentinicella alkaliphila	LDH2 family malate/lactate/ureidoglycolate dehydrogenase		
A0A4R3J8P1	unreviewed	Primorskyibacter sedentarius	Ureidoglycolate dehydrogenase (NAD+)		
A0A4R3K920	unreviewed	Tepidibacillus fermentans	Ureidoglycolate dehydrogenase (NAD+)		
A0A4R3KGH6	unreviewed	Muricomes intestini	LDH2 family malate/lactate/ureidoglycolate dehydrogenase		
A0A4R3KIW3	unreviewed	Muricomes intestini	Ureidoglycolate dehydrogenase (NAD+)		
A0A4R3LT39	unreviewed	Paralcaligenes ureilyticus	LDH2 family malate/lactate/ureidoglycolate dehydrogenase		
A0A4R3M3W7	unreviewed	Aquabacter spiritensis	LDH2 family malate/lactate/ureidoglycolate dehydrogenase		
A0A4R3M5Z1	unreviewed	Aquabacter spiritensis	Ureidoglycolate dehydrogenase (NAD+)		
A0A4R3MH18	unreviewed	Tepidamorphus gemmatus	LDH2 family malate/lactate/ureidoglycolate dehydrogenase		
A0A4R3MKY8	unreviewed	Tepidamorphus gemmatus	LDH2 family malate/lactate/ureidoglycolate dehydrogenase		
A0A4R3NIY8	unreviewed	Martelella mediterranea	LDH2 family malate/lactate/ureidoglycolate dehydrogenase		
A0A4R3NSU7	unreviewed	Martelella mediterranea	LDH2 family malate/lactate/ureidoglycolate dehydrogenase		
A0A4R3QHF7	unreviewed	Rhizobium azibense	LDH2 family malate/lactate/ureidoglycolate dehydrogenase		
A0A4R3RDZ2	unreviewed	Rhizobium azibense	LDH2 family malate/lactate/ureidoglycolate dehydrogenase		
A0A4R3UNJ9	unreviewed	Paracandidimonas soli	LDH2 family malate/lactate/ureidoglycolate dehydrogenase		
A0A4R3UPK3	unreviewed	Paracandidimonas soli	LDH2 family malate/lactate/ureidoglycolate dehydrogenase		
A0A4R3URH5	unreviewed	Paracandidimonas soli	LDH2 family malate/lactate/ureidoglycolate dehydrogenase		
A0A4R3UW61	unreviewed	Paracandidimonas soli	LDH2 family malate/lactate/ureidoglycolate dehydrogenase		
A0A4R3V0U6	unreviewed	Paracandidimonas soli	LDH2 family malate/lactate/ureidoglycolate dehydrogenase		
A0A4R4DV89	unreviewed	Roseicella aquatilis	Malate/lactate/ureidoglycolate dehydrogenase		
A0A4R4E7I2	unreviewed	Paenibacillus albiflavus	Ureidoglycolate dehydrogenase (EC 1.1.1.154)	1.1.1.154	
A0A4R4FH49	unreviewed	Extibacter muris	Ureidoglycolate dehydrogenase (EC 1.1.1.154)	1.1.1.154	
A0A4R6FDB1	unreviewed	Stakelama pacifica	LDH2 family malate/lactate/ureidoglycolate dehydrogenase		
A0A4R6KBJ7	unreviewed	Kribbella caucasensis	LDH2 family malate/lactate/ureidoglycolate dehydrogenase		
A0A4R6KGV7	unreviewed	Kribbella caucasensis	LDH2 family malate/lactate/ureidoglycolate dehydrogenase		
A0A4R6NZL4	unreviewed	Idiomarina aquatica	LDH2 family malate/lactate/ureidoglycolate dehydrogenase		
A0A4R6XB69	unreviewed	Marinomonas communis	LDH2 family malate/lactate/ureidoglycolate dehydrogenase		
A0A4R6ZT34	unreviewed	Paenilisteria rocourtiae	Ureidoglycolate dehydrogenase (NAD+)		
A0A4R6ZU64	unreviewed	Paenilisteria rocourtiae	Ureidoglycolate dehydrogenase (NAD+)		
A0A4R7BJB1	unreviewed	Enterovirga rhinocerotis	LDH2 family malate/lactate/ureidoglycolate dehydrogenase		
A0A4R7BWR8	unreviewed	Enterovirga rhinocerotis	LDH2 family malate/lactate/ureidoglycolate dehydrogenase		
A0A4R7C7H8	unreviewed	Enterovirga rhinocerotis	LDH2 family malate/lactate/ureidoglycolate dehydrogenase		
A0A4R7CB32	unreviewed	Enterovirga rhinocerotis	LDH2 family malate/lactate/ureidoglycolate dehydrogenase		
A0A4R7T612	unreviewed	Kribbella voronezhensis	LDH2 family malate/lactate/ureidoglycolate dehydrogenase		
A0A4R7ZX82	unreviewed	Kribbella kalugense	LDH2 family malate/lactate/ureidoglycolate dehydrogenase		
A0A4R8A0G5	unreviewed	Kribbella kalugense	LDH2 family malate/lactate/ureidoglycolate dehydrogenase		
A0A4R8CIQ2	unreviewed	Kribbella pratensis	LDH2 family malate/lactate/ureidoglycolate dehydrogenase		
A0A4R8CLG7	unreviewed	Kribbella pratensis	LDH2 family malate/lactate/ureidoglycolate dehydrogenase		
A0A4R8DER4	unreviewed	Dinghuibacter silviterrae	LDH2 family malate/lactate/ureidoglycolate dehydrogenase		
A0A4R8LPZ3	unreviewed	Alicyclobacillus sacchari	Ureidoglycolate dehydrogenase (NAD+)		
A0A4R8M1C7	unreviewed	Aminivibrio pyruvatiphilus	LDH2 family malate/lactate/ureidoglycolate dehydrogenase		
A0A4R8M305	unreviewed	Aminivibrio pyruvatiphilus	LDH2 family malate/lactate/ureidoglycolate dehydrogenase		
A0A4R8M5K1	unreviewed	Aminivibrio pyruvatiphilus	LDH2 family malate/lactate/ureidoglycolate dehydrogenase		
A0A4R8MDQ7	unreviewed	Aminivibrio pyruvatiphilus	LDH2 family malate/lactate/ureidoglycolate dehydrogenase		
A0A4U1IFL2	unreviewed	Trinickia terrae	Malate/lactate/ureidoglycolate dehydrogenase		
A0A4U6BT08	unreviewed	Afipia massiliensis	Malate/lactate/ureidoglycolate dehydrogenase		
A0A4V2FSH1	unreviewed	Advenella incenata	LDH2 family malate/lactate/ureidoglycolate dehydrogenase		
A0A4V2RYZ5	unreviewed	Kribbella steppae	LDH2 family malate/lactate/ureidoglycolate dehydrogenase		
A0A4V2S7G1	unreviewed	Actinocrispum wychmicini	LDH2 family malate/lactate/ureidoglycolate dehydrogenase		
A0A4V2UX65	unreviewed	Paralcaligenes ureilyticus	LDH2 family malate/lactate/ureidoglycolate dehydrogenase		
A0A4V3AA88	unreviewed	Dankookia rubra	Malate/lactate/ureidoglycolate dehydrogenase		
A0A4V3C3T6	unreviewed	Pedobacter duraquae	LDH2 family malate/lactate/ureidoglycolate dehydrogenase		
A0A4V3EIL6	unreviewed	Ilumatobacter fluminis	LDH2 family malate/lactate/ureidoglycolate dehydrogenase		
A0A4V3F4H3	unreviewed	Chromohalobacter marismortui	LDH2 family malate/lactate/ureidoglycolate dehydrogenase		
A0A4V3HDW0	unreviewed	Alicyclobacillus sacchari	LDH2 family malate/lactate/ureidoglycolate dehydrogenase		
A0A4V4N8P6	unreviewed	Crenobacter intestini	Malate/lactate/ureidoglycolate dehydrogenase		
A0A4Y9LHG0	unreviewed	Bradyrhizobium frederickii	Malate/lactate/ureidoglycolate dehydrogenase		
A0A4Y9M644	unreviewed	Bradyrhizobium niftali	Malate/lactate/ureidoglycolate dehydrogenase		
A0A4Z0ASQ6	unreviewed	Pseudomonas kairouanensis	Malate/lactate/ureidoglycolate dehydrogenase		
A0A4Z0BB22	unreviewed	Pseudomonas nabeulensis	Malate/lactate/ureidoglycolate dehydrogenase		
A0A4Z0C1R4	unreviewed	Ramlibacter humi	Malate/lactate/ureidoglycolate dehydrogenase		
A0A4Z0C1V0	unreviewed	Ramlibacter henchirensis	Malate/lactate/ureidoglycolate dehydrogenase		
A0A4Z0NUV6	unreviewed	Methylobacterium nonmethylotrophicum	Malate/lactate/ureidoglycolate dehydrogenase		
A0A502DUU9	unreviewed	Variovorax guangxiensis	Malate/lactate/ureidoglycolate dehydrogenase		
A0A502J2B5	unreviewed	Brevibacillus laterosporus (Bacillus laterosporus)	Ureidoglycolate dehydrogenase (EC 1.1.1.154)	1.1.1.154	
A0A502J4F7	unreviewed	Brevibacillus laterosporus (Bacillus laterosporus)	Ureidoglycolate dehydrogenase (EC 1.1.1.154)	1.1.1.154	
A0A511QR64	unreviewed	Vibrio superstes NBRC 103154	Ureidoglycolate dehydrogenase		
A0A511Z8H3	unreviewed	Sporosarcina luteola	Ureidoglycolate dehydrogenase		
A0A511Z8K3	unreviewed	Sporosarcina luteola	Ureidoglycolate dehydrogenase		
A0A512DI89	unreviewed	Skermanella aerolata	Malate/lactate/ureidoglycolate dehydrogenase		
A0A512N8S0	unreviewed	Reyranella soli	Malate/lactate/ureidoglycolate dehydrogenase		
A0A512NG60	unreviewed	Reyranella soli	Malate/lactate/ureidoglycolate dehydrogenase		
A0A514LJS8	unreviewed	Salicibibacter halophilus	Ureidoglycolate dehydrogenase (EC 1.1.1.154)	1.1.1.154	
A0A515CWK1	unreviewed	Serratia liquefaciens	Malate/lactate/ureidoglycolate dehydrogenase		
A0A515DFE3	unreviewed	Rhodoferax sediminis	Malate/lactate/ureidoglycolate dehydrogenase		
A0A516GWY5	unreviewed	Ferrovibrio terrae	Malate/lactate/ureidoglycolate dehydrogenase		
A0A517DRB2	unreviewed	Sporomusa termitida	Ureidoglycolate dehydrogenase (NAD(+)) (EC 1.1.1.350)	1.1.1.350	
A0A521AEF7	unreviewed	Solitalea koreensis	Malate/lactate/ureidoglycolate dehydrogenase, LDH2 family		
A0A521F5L4	unreviewed	Paracoccus laeviglucosivorans	Malate/lactate/ureidoglycolate dehydrogenase, LDH2 family		
A0A521FAC1	unreviewed	Paracoccus laeviglucosivorans	Malate/lactate/ureidoglycolate dehydrogenase, LDH2 family		
A0A521FBL0	unreviewed	Paracoccus laeviglucosivorans	Malate/lactate/ureidoglycolate dehydrogenase, LDH2 family		
A0A521FEI8	unreviewed	Ruegeria faecimaris	Malate/lactate/ureidoglycolate dehydrogenase, LDH2 family		
A0A521FQ40	unreviewed	Pedobacter westerhofensis	Malate/lactate/ureidoglycolate dehydrogenase, LDH2 family		
A0A542D9K6	unreviewed	Kribbella jejuensis	LDH2 family malate/lactate/ureidoglycolate dehydrogenase		
A0A542YAA1	unreviewed	Homoserinimonas aerilata	LDH2 family malate/lactate/ureidoglycolate dehydrogenase		
A0A543DRE6	unreviewed	Pseudonocardia kunmingensis	LDH2 family malate/lactate/ureidoglycolate dehydrogenase		
A0A543DVN8	unreviewed	Pseudonocardia kunmingensis	LDH2 family malate/lactate/ureidoglycolate dehydrogenase		
A0A543E0F9	unreviewed	Pseudonocardia kunmingensis	LDH2 family malate/lactate/ureidoglycolate dehydrogenase		
A0A543J534	unreviewed	Saccharothrix saharensis	LDH2 family malate/lactate/ureidoglycolate dehydrogenase		
A0A543P1P5	unreviewed	Blastococcus colisei	LDH2 family malate/lactate/ureidoglycolate dehydrogenase		
A0A543P232	unreviewed	Blastococcus colisei	LDH2 family malate/lactate/ureidoglycolate dehydrogenase		
A0A544SX07	unreviewed	Psychrobacillus lasiicapitis	Ureidoglycolate dehydrogenase (EC 1.1.1.154)	1.1.1.154	
A0A544T1P7	unreviewed	Psychrobacillus lasiicapitis	Ureidoglycolate dehydrogenase (EC 1.1.1.154)	1.1.1.154	
A0A544T1Q0	unreviewed	Psychrobacillus lasiicapitis	Ureidoglycolate dehydrogenase (EC 1.1.1.154)	1.1.1.154	
A0A544TLB6	unreviewed	Psychrobacillus soli	Ureidoglycolate dehydrogenase (EC 1.1.1.154)	1.1.1.154	
A0A544TMQ7	unreviewed	Psychrobacillus soli	Ureidoglycolate dehydrogenase (EC 1.1.1.154)	1.1.1.154	
A0A544TMQ8	unreviewed	Psychrobacillus soli	Ureidoglycolate dehydrogenase (EC 1.1.1.154)	1.1.1.154	
A0A554A2N7	unreviewed	Alkalicoccobacillus porphyridii	Ureidoglycolate dehydrogenase (EC 1.1.1.154)	1.1.1.154	
A0A556AKD4	unreviewed	Verticiella sediminum	Malate/lactate/ureidoglycolate dehydrogenase		
A0A560KXE4	unreviewed	Bradyrhizobium macuxiense	Ureidoglycolate dehydrogenase (NAD+)		
A0A560WGB3	unreviewed	Marihabitans asiaticum	LDH2 family malate/lactate/ureidoglycolate dehydrogenase		
A0A561BY10	unreviewed	Kribbella amoyensis	LDH2 family malate/lactate/ureidoglycolate dehydrogenase		
A0A561DXW6	unreviewed	Neobacillus bataviensis	Ureidoglycolate dehydrogenase (NAD+)		
A0A561Q848	unreviewed	Neorhizobium alkalisoli	LDH2 family malate/lactate/ureidoglycolate dehydrogenase		
A0A561UI27	unreviewed	Kitasatospora viridis	LDH2 family malate/lactate/ureidoglycolate dehydrogenase		
A0A562BU05	unreviewed	Cupriavidus gilardii J11	LDH2 family malate/lactate/ureidoglycolate dehydrogenase		
A0A562J8M9	unreviewed	Sedimentibacter saalensis	LDH2 family malate/lactate/ureidoglycolate dehydrogenase		
A0A562JRS6	unreviewed	Cytobacillus oceanisediminis	Ureidoglycolate dehydrogenase (NAD+)		
A0A562JSC0	unreviewed	Cytobacillus oceanisediminis	LDH2 family malate/lactate/ureidoglycolate dehydrogenase		
A0A562N3W6	unreviewed	Mesorhizobium tianshanense	LDH2 family malate/lactate/ureidoglycolate dehydrogenase		
A0A562NNV2	unreviewed	Paracoccus sulfuroxidans	LDH2 family malate/lactate/ureidoglycolate dehydrogenase		
A0A562NZL4	unreviewed	Mesorhizobium tianshanense	Ureidoglycolate dehydrogenase (NAD+)		
A0A562Q7H5	unreviewed	Pseudomonas duriflava	LDH2 family malate/lactate/ureidoglycolate dehydrogenase		
A0A562SFT3	unreviewed	Lacibacter cauensis	LDH2 family malate/lactate/ureidoglycolate dehydrogenase		
A0A562TBI7	unreviewed	Chitinophaga japonensis (Flexibacter japonensis)	LDH2 family malate/lactate/ureidoglycolate dehydrogenase		
A0A562TUH2	unreviewed	Mucilaginibacter frigoritolerans	LDH2 family malate/lactate/ureidoglycolate dehydrogenase		
A0A562ZV63	unreviewed	Caenimonas sedimenti	Malate/lactate/ureidoglycolate dehydrogenase		
A0A564LSA4	unreviewed	Klebsiella huaxiensis	Malate/lactate/ureidoglycolate dehydrogenase		
A0A5A9GLP5	unreviewed	Azospirillum lipoferum	Malate/lactate/ureidoglycolate dehydrogenase		
A0A5A9GNW4	unreviewed	Azospirillum lipoferum	Malate/lactate/ureidoglycolate dehydrogenase		
A0A5B0HDZ7	unreviewed	Paraburkholderia panacisoli	Malate/lactate/ureidoglycolate dehydrogenase		
A0A5B2TLY1	unreviewed	Teichococcus oryzae	Malate/lactate/ureidoglycolate dehydrogenase		
A0A5B2W0J0	unreviewed	Salinarimonas soli	Malate/lactate/ureidoglycolate dehydrogenase		
A0A5B8HKQ2	unreviewed	Dickeya poaceiphila	Malate/lactate/ureidoglycolate dehydrogenase		
A0A5B8I877	unreviewed	Dickeya poaceiphila	Malate/lactate/ureidoglycolate dehydrogenase		
A0A5C4LPM5	unreviewed	Methylobacterium terricola	Malate/lactate/ureidoglycolate dehydrogenase		
A0A5C5CLC4	unreviewed	Brucella pecoris	LDH2 family malate/lactate/ureidoglycolate dehydrogenase		
A0A5C5E5Q5	unreviewed	Trichococcus shcherbakoviae subsp. psychrophilus	Ureidoglycolate dehydrogenase (EC 1.1.1.154)	1.1.1.154	
A0A5C5EDZ4	unreviewed	Trichococcus shcherbakoviae subsp. psychrophilus	Ureidoglycolate dehydrogenase (EC 1.1.1.154)	1.1.1.154	
A0A5C6VH13	unreviewed	Paraburkholderia azotifigens	Malate/lactate/ureidoglycolate dehydrogenase		
A0A5C8I6C4	unreviewed	Microbacterium saccharophilum	Malate/lactate/ureidoglycolate dehydrogenase		
A0A5C8NYY3	unreviewed	Zeimonas arvi	Malate/lactate/ureidoglycolate dehydrogenase		
A0A5C8P7E4	unreviewed	Vineibacter terrae	Malate/lactate/ureidoglycolate dehydrogenase		
A0A5C8PD67	unreviewed	Vineibacter terrae	Malate/lactate/ureidoglycolate dehydrogenase		
A0A5D3KER9	unreviewed	Bradyrhizobium rifense	Malate/lactate/ureidoglycolate dehydrogenase		
A0A5E4S0N7	unreviewed	Pandoraea terrae	Ureidoglycolate dehydrogenase (NAD(+)) (EC 1.1.1.350)	1.1.1.350	
A0A5E4SWX5	unreviewed	Pandoraea iniqua	Ureidoglycolate dehydrogenase (NAD(+)) (EC 1.1.1.350)	1.1.1.350	
A0A5E4VNI4	unreviewed	Pandoraea pneumonica	Ureidoglycolate dehydrogenase (NAD(+)) (EC 1.1.1.350)	1.1.1.350	
A0A5E4YUV4	unreviewed	Pandoraea aquatica	Ureidoglycolate dehydrogenase (NAD(+)) (EC 1.1.1.350)	1.1.1.350	
A0A5E5ASI4	unreviewed	Pandoraea anapnoica	Ureidoglycolate dehydrogenase (NAD(+)) (EC 1.1.1.350)	1.1.1.350	
A0A5J5FY48	unreviewed	Affinibrenneria salicis	Malate/lactate/ureidoglycolate dehydrogenase		
A0A5J5G3Q8	unreviewed	Affinibrenneria salicis	Malate/lactate/ureidoglycolate dehydrogenase		
A0A5M6IKJ1	unreviewed	Rhodovastum atsumiense	Malate/lactate/ureidoglycolate dehydrogenase		
A0A5M6IU71	unreviewed	Rhodovastum atsumiense	Malate/lactate/ureidoglycolate dehydrogenase		
A0A5M8ALC8	unreviewed	Cupriavidus cauae	Malate/lactate/ureidoglycolate dehydrogenase		
A0A5P2H1M0	unreviewed	Cupriavidus pauculus	Malate/lactate/ureidoglycolate dehydrogenase		
A0A5Q2QCC8	unreviewed	Litorivicinus lipolyticus	Malate/lactate/ureidoglycolate dehydrogenase		
A0A5R9L8F9	unreviewed	Klebsiella indica	Malate/lactate/ureidoglycolate dehydrogenase		
A0A5R9LNZ1	unreviewed	Klebsiella indica	Malate/lactate/ureidoglycolate dehydrogenase		
A0A5S4X2H1	unreviewed	Bradyrhizobium cytisi	Malate/lactate/ureidoglycolate dehydrogenase		
A0A5S4YDM0	unreviewed	Bradyrhizobium hipponense	Malate/lactate/ureidoglycolate dehydrogenase		
A0A5S5CMJ0	unreviewed	Blastococcus xanthinilyticus	LDH2 family malate/lactate/ureidoglycolate dehydrogenase		
A0A5S5D3W0	unreviewed	Blastococcus xanthinilyticus	LDH2 family malate/lactate/ureidoglycolate dehydrogenase		
A0A6B2KW62	unreviewed	Crenobacter caeni	Malate/lactate/ureidoglycolate dehydrogenase		
A0A6B9FKL4	unreviewed	Methylobacterium mesophilicum SR1.6/6	Malate/lactate/ureidoglycolate dehydrogenase		
A0A6G1X1Z6	unreviewed	Salinibacillus xinjiangensis	Ureidoglycolate dehydrogenase (EC 1.1.1.154)	1.1.1.154	
A0A6G6SG35	unreviewed	Proteus vulgaris	Ureidoglycolate dehydrogenase (EC 1.1.1.154)	1.1.1.154	
A0A6G8AXC7	unreviewed	Vagococcus hydrophili	Ureidoglycolate dehydrogenase (EC 1.1.1.154)	1.1.1.154	
A0A6G8ZY22	unreviewed	Bradyrhizobium symbiodeficiens	Malate/lactate/ureidoglycolate dehydrogenase		
A0A6H9SZ05	unreviewed	Burkholderia latens	Malate/lactate/ureidoglycolate dehydrogenase		
A0A6I2G991	unreviewed	Fundicoccus ignavus	Ureidoglycolate dehydrogenase (EC 1.1.1.154)	1.1.1.154	
A0A6I2GVZ8	unreviewed	Fundicoccus ignavus	Ureidoglycolate dehydrogenase (EC 1.1.1.154)	1.1.1.154	
A0A6I6EU35	unreviewed	Erwinia sorbitola	Ureidoglycolate dehydrogenase (EC 1.1.1.154)	1.1.1.154	
A0A6I7D6X1	unreviewed	Proteus columbae	Ureidoglycolate dehydrogenase (EC 1.1.1.154)	1.1.1.154	
A0A6L3V999	unreviewed	Cytobacillus depressus	Ureidoglycolate dehydrogenase (EC 1.1.1.154)	1.1.1.154	
A0A6L3VC76	unreviewed	Cytobacillus depressus	Ureidoglycolate dehydrogenase (EC 1.1.1.154)	1.1.1.154	
A0A6L3VD92	unreviewed	Cytobacillus depressus	Ureidoglycolate dehydrogenase (EC 1.1.1.154)	1.1.1.154	
A0A6L5GPB7	unreviewed	Candidatus Pseudoramibacter fermentans	Ureidoglycolate dehydrogenase (EC 1.1.1.154)	1.1.1.154	
A0A6L6IMF5	unreviewed	Intestinirhabdus alba	Malate/lactate/ureidoglycolate dehydrogenase		
A0A6L8W5Q4	unreviewed	Sneathiella litorea	Malate/lactate/ureidoglycolate dehydrogenase		
A0A6M0H3I6	unreviewed	Clostridium senegalense	Ureidoglycolate dehydrogenase (EC 1.1.1.154)	1.1.1.154	
A0A6M1LUQ9	unreviewed	Falsiroseomonas algicola	Malate/lactate/ureidoglycolate dehydrogenase		
A0A6N6K035	unreviewed	Citrobacter pasteurii	Malate/lactate/ureidoglycolate dehydrogenase		
A0A6N7UYV5	unreviewed	Suipraeoptans intestinalis	Ureidoglycolate dehydrogenase (EC 1.1.1.154)	1.1.1.154	
A0A6N7XK29	unreviewed	Mogibacterium kristiansenii	Ureidoglycolate dehydrogenase (EC 1.1.1.154)	1.1.1.154	
A0A6N8CMB2	unreviewed	Terrilactibacillus tamarindi	Ureidoglycolate dehydrogenase (EC 1.1.1.154)	1.1.1.154	
A0A6N8IT17	unreviewed	Ramlibacter pinisoli	Malate/lactate/ureidoglycolate dehydrogenase		
A0A6P1BDM0	unreviewed	Bradyrhizobium uaiense	Malate/lactate/ureidoglycolate dehydrogenase		
A0A6P1CC16	unreviewed	Rhizobium tropici	LDH2 family malate/lactate/ureidoglycolate dehydrogenase		
A0A6P2GK32	unreviewed	Burkholderia anthina	Malate/lactate/ureidoglycolate dehydrogenase		
A0A6V7RAG9	unreviewed	Jeotgalicoccus coquinae	Ureidoglycolate dehydrogenase (NAD+) (EC 1.1.1.350)	1.1.1.350	
A0A6V7RC58	unreviewed	Jeotgalicoccus coquinae	Ureidoglycolate dehydrogenase (NAD+) (EC 1.1.1.350)	1.1.1.350	
A0A6V7REX9	unreviewed	Phocicoccus schoeneichii	Ureidoglycolate dehydrogenase (NAD(+))		
A0A6V7RF87	unreviewed	Phocicoccus pinnipedialis	Ureidoglycolate dehydrogenase (NAD(+))		
A0A6V7RH67	unreviewed	Phocicoccus pinnipedialis	Ureidoglycolate dehydrogenase (NAD(+))		
A0A6V7RH89	unreviewed	Phocicoccus schoeneichii	Ureidoglycolate dehydrogenase (NAD(+))		
A0A6V7RKT5	unreviewed	Jeotgalicoccus meleagridis	Ureidoglycolate dehydrogenase (NAD(+))		
A0A6V7RMP4	unreviewed	Jeotgalicoccus meleagridis	Ureidoglycolate dehydrogenase (NAD(+))		
A0A7D5IEL9	unreviewed	Mannheimia pernigra	Ureidoglycolate dehydrogenase (EC 1.1.1.154)	1.1.1.154	
A0A7H1C095	unreviewed	Mannheimia bovis	Ureidoglycolate dehydrogenase (EC 1.1.1.154)	1.1.1.154	
A0A7I8BPX0	unreviewed	Paraburkholderia largidicola	Malate/lactate/ureidoglycolate dehydrogenase		
A0A7K0DPF1	unreviewed	Nocardia aurantia	Ureidoglycolate dehydrogenase (NAD(+)) (EC 1.1.1.350)	1.1.1.350	
A0A7K0G850	unreviewed	Enorma shizhengliae	Ureidoglycolate dehydrogenase (EC 1.1.1.154)	1.1.1.154	
A0A7M2RK45	unreviewed	Blautia liquoris	Ureidoglycolate dehydrogenase (EC 1.1.1.154)	1.1.1.154	
A0A7S9GXP6	unreviewed	Bradyrhizobium commune	Malate/lactate/ureidoglycolate dehydrogenase		
A0A7T2WD15	unreviewed	Serratia plymuthica	Malate/lactate/ureidoglycolate dehydrogenase		
A0A7T4TAJ9	unreviewed	Paraburkholderia ginsengisoli	Malate/lactate/ureidoglycolate dehydrogenase		
A0A7T6Z2M1	unreviewed	Salicibibacter cibarius	Ureidoglycolate dehydrogenase (EC 1.1.1.154)	1.1.1.154	
A0A7T7CF05	unreviewed	Salicibibacter cibi	Ureidoglycolate dehydrogenase (EC 1.1.1.154)	1.1.1.154	
A0A7W1WNC1	unreviewed	Paenactinomyces guangxiensis	Ureidoglycolate dehydrogenase (EC 1.1.1.154)	1.1.1.154	
A0A7W1YFX3	unreviewed	Paenilisteria rustica	Ureidoglycolate dehydrogenase (EC 1.1.1.154)	1.1.1.154	
A0A7W1YFY1	unreviewed	Paenilisteria rustica	Ureidoglycolate dehydrogenase (EC 1.1.1.154)	1.1.1.154	
A0A7W3CNN8	unreviewed	Klebsiella grimontii	Ureidoglycolate dehydrogenase (EC 1.1.1.154)	1.1.1.154	
A0A7W3NWU6	unreviewed	Streptomyces murinus	LDH2 family malate/lactate/ureidoglycolate dehydrogenase		
A0A7W3XRI6	unreviewed	Fontibacillus panacisegetis	LDH2 family malate/lactate/ureidoglycolate dehydrogenase		
A0A7W4VE21	unreviewed	Cupriavidus alkaliphilus	LDH2 family malate/lactate/ureidoglycolate dehydrogenase		
A0A7W4VSG6	unreviewed	Nocardioides soli	LDH2 family malate/lactate/ureidoglycolate dehydrogenase		
A0A7W4YSS4	unreviewed	Cupriavidus alkaliphilus	LDH2 family malate/lactate/ureidoglycolate dehydrogenase		
A0A7W4ZKU5	unreviewed	Streptomyces violaceus subsp. violarus	LDH2 family malate/lactate/ureidoglycolate dehydrogenase		
A0A7W5BYR1	unreviewed	Halomonas organivorans	LDH2 family malate/lactate/ureidoglycolate dehydrogenase		
A0A7W5C2A1	unreviewed	Halomonas organivorans	LDH2 family malate/lactate/ureidoglycolate dehydrogenase		
A0A7W5FE05	unreviewed	Actinoplanes campanulatus	LDH2 family malate/lactate/ureidoglycolate dehydrogenase		
A0A7W5FH31	unreviewed	Actinoplanes campanulatus	LDH2 family malate/lactate/ureidoglycolate dehydrogenase		
A0A7W5GZA2	unreviewed	Halomonas fontilapidosi	LDH2 family malate/lactate/ureidoglycolate dehydrogenase		
A0A7W5K192	unreviewed	Halomonas campaniensis	LDH2 family malate/lactate/ureidoglycolate dehydrogenase		
A0A7W5K2Z7	unreviewed	Halomonas campaniensis	LDH2 family malate/lactate/ureidoglycolate dehydrogenase		
A0A7W6BNJ9	unreviewed	Sphingobium jiangsuense	Ureidoglycolate dehydrogenase (NAD+) (EC 1.1.1.350)	1.1.1.350	
A0A7W6BWB4	unreviewed	Aureimonas phyllosphaerae	LDH2 family malate/lactate/ureidoglycolate dehydrogenase		
A0A7W6CQJ9	unreviewed	Rhizobium metallidurans	LDH2 family malate/lactate/ureidoglycolate dehydrogenase		
A0A7W6DEA0	unreviewed	Mycoplana azooxidifex	LDH2 family malate/lactate/ureidoglycolate dehydrogenase		
A0A7W6DQL2	unreviewed	Sagittula marina	LDH2 family malate/lactate/ureidoglycolate dehydrogenase		
A0A7W6E9D6	unreviewed	Aureimonas pseudogalii	LDH2 family malate/lactate/ureidoglycolate dehydrogenase		
A0A7W6EAC4	unreviewed	Aureimonas pseudogalii	LDH2 family malate/lactate/ureidoglycolate dehydrogenase		
A0A7W6EG12	unreviewed	Pseudochelatococcus contaminans	LDH2 family malate/lactate/ureidoglycolate dehydrogenase		
A0A7W6ER88	unreviewed	Runella defluvii	LDH2 family malate/lactate/ureidoglycolate dehydrogenase		
A0A7W6F2A8	unreviewed	Sphingomonas pseudosanguinis	LDH2 family malate/lactate/ureidoglycolate dehydrogenase		
A0A7W6FUX2	unreviewed	Aureimonas phyllosphaerae	LDH2 family malate/lactate/ureidoglycolate dehydrogenase		
A0A7W6GL49	unreviewed	Mycoplana azooxidifex	LDH2 family malate/lactate/ureidoglycolate dehydrogenase		
A0A7W6HDU0	unreviewed	Aurantimonas endophytica	LDH2 family malate/lactate/ureidoglycolate dehydrogenase		
A0A7W6HES8	unreviewed	Aurantimonas endophytica	LDH2 family malate/lactate/ureidoglycolate dehydrogenase		
A0A7W6ILY7	unreviewed	Devosia subaequoris	LDH2 family malate/lactate/ureidoglycolate dehydrogenase		
A0A7W6IRN9	unreviewed	Devosia subaequoris	LDH2 family malate/lactate/ureidoglycolate dehydrogenase		
A0A7W6J7T8	unreviewed	Gellertiella hungarica	LDH2 family malate/lactate/ureidoglycolate dehydrogenase		
A0A7W6JNF9	unreviewed	Sphingomonas kyeonggiensis	LDH2 family malate/lactate/ureidoglycolate dehydrogenase		
A0A7W6K1Y4	unreviewed	Allorhizobium borbori	LDH2 family malate/lactate/ureidoglycolate dehydrogenase		
A0A7W6KJW4	unreviewed	Martelella radicis	LDH2 family malate/lactate/ureidoglycolate dehydrogenase		
A0A7W6MMU7	unreviewed	Aurantimonas endophytica	LDH2 family malate/lactate/ureidoglycolate dehydrogenase		
A0A7W6PR95	unreviewed	Affinirhizobium rhizoryzae	LDH2 family malate/lactate/ureidoglycolate dehydrogenase		
A0A7W6QAY1	unreviewed	Rhizobium aethiopicum	LDH2 family malate/lactate/ureidoglycolate dehydrogenase		
A0A7W6QBN3	unreviewed	Rhizobium aethiopicum	LDH2 family malate/lactate/ureidoglycolate dehydrogenase		
A0A7W6R9T7	unreviewed	Roseospira visakhapatnamensis	LDH2 family malate/lactate/ureidoglycolate dehydrogenase		
A0A7W6WR97	unreviewed	Aliirhizobium cellulosilyticum	LDH2 family malate/lactate/ureidoglycolate dehydrogenase		
A0A7W6XW58	unreviewed	Rhizobium esperanzae	LDH2 family malate/lactate/ureidoglycolate dehydrogenase		
A0A7W7CG09	unreviewed	Crossiella cryophila	LDH2 family malate/lactate/ureidoglycolate dehydrogenase		
A0A7W7ENL6	unreviewed	Martinezella leucaenae	LDH2 family malate/lactate/ureidoglycolate dehydrogenase		
A0A7W7R3J2	unreviewed	Kitasatospora kifunensis (Streptomyces kifunensis)	LDH2 family malate/lactate/ureidoglycolate dehydrogenase		
A0A7W7RCV6	unreviewed	Lipingzhangella halophila	LDH2 family malate/lactate/ureidoglycolate dehydrogenase		
A0A7W7RHX1	unreviewed	Lipingzhangella halophila	LDH2 family malate/lactate/ureidoglycolate dehydrogenase		
A0A7W7RJZ3	unreviewed	Lipingzhangella halophila	LDH2 family malate/lactate/ureidoglycolate dehydrogenase		
A0A7W7S5D1	unreviewed	Streptosporangium album	LDH2 family malate/lactate/ureidoglycolate dehydrogenase		
A0A7W7SX50	unreviewed	Micromonospora polyrhachis	LDH2 family malate/lactate/ureidoglycolate dehydrogenase		
A0A7W7YVD9	unreviewed	Shinella fusca	LDH2 family malate/lactate/ureidoglycolate dehydrogenase		
A0A7W8ENH5	unreviewed	Pseudochrobactrum saccharolyticum	LDH2 family malate/lactate/ureidoglycolate dehydrogenase		
A0A7W8INQ7	unreviewed	Anoxybacteroides tepidamans	Ureidoglycolate dehydrogenase (NAD+) (EC 1.1.1.350)	1.1.1.350	
A0A7W8L065	unreviewed	Paraburkholderia youngii	Malate/lactate/ureidoglycolate dehydrogenase		
A0A7W8QII5	unreviewed	Nocardiopsis composta	LDH2 family malate/lactate/ureidoglycolate dehydrogenase		
A0A7W8UGQ2	unreviewed	Rhizobium giardinii	LDH2 family malate/lactate/ureidoglycolate dehydrogenase		
A0A7W8XK69	unreviewed	Rhizobium lentis	LDH2 family malate/lactate/ureidoglycolate dehydrogenase		
A0A7W8XWA6	unreviewed	Martinezella paranaensis	LDH2 family malate/lactate/ureidoglycolate dehydrogenase		
A0A7W9AWU6	unreviewed	Brucella daejeonensis	LDH2 family malate/lactate/ureidoglycolate dehydrogenase		
A0A7W9AX43	unreviewed	Brucella daejeonensis	LDH2 family malate/lactate/ureidoglycolate dehydrogenase		
A0A7W9CUL8	unreviewed	Prosthecomicrobium pneumaticum	LDH2 family malate/lactate/ureidoglycolate dehydrogenase		
A0A7W9EKG7	unreviewed	Brucella daejeonensis	LDH2 family malate/lactate/ureidoglycolate dehydrogenase		
A0A7W9EWP0	unreviewed	Yoonia ponticola	LDH2 family malate/lactate/ureidoglycolate dehydrogenase		
A0A7W9F4H6	unreviewed	Sphingomonas prati	LDH2 family malate/lactate/ureidoglycolate dehydrogenase		
A0A7W9GNL6	unreviewed	Jiangella mangrovi	LDH2 family malate/lactate/ureidoglycolate dehydrogenase		
A0A7W9HBW4	unreviewed	Streptomyces caelestis	LDH2 family malate/lactate/ureidoglycolate dehydrogenase		
A0A7W9J3D7	unreviewed	Kribbella italica	LDH2 family malate/lactate/ureidoglycolate dehydrogenase		
A0A7W9LEW2	unreviewed	Nonomuraea jabiensis	LDH2 family malate/lactate/ureidoglycolate dehydrogenase		
A0A7W9LPD0	unreviewed	Jiangella mangrovi	LDH2 family malate/lactate/ureidoglycolate dehydrogenase		
A0A7W9LZZ5	unreviewed	Saccharothrix ecbatanensis	LDH2 family malate/lactate/ureidoglycolate dehydrogenase		
A0A7W9QAB2	unreviewed	Streptomyces zagrosensis	LDH2 family malate/lactate/ureidoglycolate dehydrogenase		
A0A7W9QB85	unreviewed	Streptomyces zagrosensis	LDH2 family malate/lactate/ureidoglycolate dehydrogenase		
A0A7W9S4Q2	unreviewed	Aquamicrobium lusatiense	LDH2 family malate/lactate/ureidoglycolate dehydrogenase		
A0A7W9S6H2	unreviewed	Aquamicrobium lusatiense	LDH2 family malate/lactate/ureidoglycolate dehydrogenase		
A0A7W9SST2	unreviewed	Armatimonas rosea	LDH2 family malate/lactate/ureidoglycolate dehydrogenase		
A0A7W9WA88	unreviewed	Hymenobacter luteus	LDH2 family malate/lactate/ureidoglycolate dehydrogenase		
A0A7W9YAI2	unreviewed	Aliirhizobium wenxiniae	LDH2 family malate/lactate/ureidoglycolate dehydrogenase		
A0A7X0DD66	unreviewed	Pseudorhizobium flavum	LDH2 family malate/lactate/ureidoglycolate dehydrogenase		
A0A7X0DDM6	unreviewed	Pseudorhizobium flavum	LDH2 family malate/lactate/ureidoglycolate dehydrogenase		
A0A7X0F9E9	unreviewed	Aminobacter aganoensis	LDH2 family malate/lactate/ureidoglycolate dehydrogenase		
A0A7X0FPD1	unreviewed	Microbacterium thalassium	LDH2 family malate/lactate/ureidoglycolate dehydrogenase		
A0A7X0FXT8	unreviewed	Actinomadura coerulea	LDH2 family malate/lactate/ureidoglycolate dehydrogenase		
A0A7X0HLA3	unreviewed	Streptomyces candidus	LDH2 family malate/lactate/ureidoglycolate dehydrogenase		
A0A7X0IKK1	unreviewed	Sphaerisporangium rubeum	LDH2 family malate/lactate/ureidoglycolate dehydrogenase		
A0A7X0IZV0	unreviewed	Martinezella lusitana	LDH2 family malate/lactate/ureidoglycolate dehydrogenase		
A0A7X0KNW1	unreviewed	Aminobacter aganoensis	LDH2 family malate/lactate/ureidoglycolate dehydrogenase		
A0A7X0KTD5	unreviewed	Microbacterium thalassium	Ureidoglycolate dehydrogenase (NAD+) (EC 1.1.1.350)	1.1.1.350	
A0A7X0MSG8	unreviewed	Velazquezella soli	LDH2 family malate/lactate/ureidoglycolate dehydrogenase		
A0A7X0TYL7	unreviewed	Nonomuraea rubra	LDH2 family malate/lactate/ureidoglycolate dehydrogenase		
A0A7X0U0A5	unreviewed	Nonomuraea rubra	LDH2 family malate/lactate/ureidoglycolate dehydrogenase		
A0A7X0U9G1	unreviewed	Acidovorax soli	LDH2 family malate/lactate/ureidoglycolate dehydrogenase		
A0A7X1N7W2	unreviewed	Paraburkholderia franconis	Malate/lactate/ureidoglycolate dehydrogenase		
A0A7X2T9L7	unreviewed	Pseudoramibacter porci	Ureidoglycolate dehydrogenase (EC 1.1.1.154)	1.1.1.154	
A0A7X3MK60	unreviewed	Sporofaciens musculi	Ureidoglycolate dehydrogenase		
A0A7X3SIC2	unreviewed	Sporofaciens musculi	Ureidoglycolate dehydrogenase (EC 1.1.1.154)	1.1.1.154	
A0A7X4YPT1	unreviewed	Paenibacillus sacheonensis	Ureidoglycolate dehydrogenase		
A0A7X5VFG5	unreviewed	Kribbella shirazensis	LDH2 family malate/lactate/ureidoglycolate dehydrogenase		
A0A7X6A4X0	unreviewed	Kribbella shirazensis	LDH2 family malate/lactate/ureidoglycolate dehydrogenase		
A0A7X6A5L3	unreviewed	Kribbella shirazensis	LDH2 family malate/lactate/ureidoglycolate dehydrogenase		
A0A7X6A5M7	unreviewed	Kribbella shirazensis	LDH2 family malate/lactate/ureidoglycolate dehydrogenase		
A0A7X6B7W9	unreviewed	Sphingopyxis italica	LDH2 family malate/lactate/ureidoglycolate dehydrogenase		
A0A7X6I6R5	unreviewed	Ramlibacter lithotrophicus	Malate/lactate/ureidoglycolate dehydrogenase		
A0A7X9ZY68	unreviewed	Paraburkholderia antibiotica	Malate/lactate/ureidoglycolate dehydrogenase		
A0A7Y4LW99	unreviewed	Bradyrhizobium australiense	Malate/lactate/ureidoglycolate dehydrogenase		
A0A7Y4M0E8	unreviewed	Bradyrhizobium archetypum	Malate/lactate/ureidoglycolate dehydrogenase		
A0A7Y9B138	unreviewed	Mogibacterium timidum	Ureidoglycolate dehydrogenase (EC 1.1.1.154)	1.1.1.154	
A0A7Y9FKJ3	unreviewed	Sphingomonas melonis	LDH2 family malate/lactate/ureidoglycolate dehydrogenase		
A0A7Y9IB86	unreviewed	Microlunatus parietis	LDH2 family malate/lactate/ureidoglycolate dehydrogenase		
A0A7Y9IQR1	unreviewed	Pigmentiphaga litoralis	LDH2 family malate/lactate/ureidoglycolate dehydrogenase		
A0A7Y9JKZ5	unreviewed	Microbacterium pseudoresistens	LDH2 family malate/lactate/ureidoglycolate dehydrogenase		
A0A7Y9KQA0	unreviewed	Nocardioides cavernae	LDH2 family malate/lactate/ureidoglycolate dehydrogenase		
A0A7Y9LL76	unreviewed	Pigmentiphaga litoralis	LDH2 family malate/lactate/ureidoglycolate dehydrogenase		
A0A7Y9U5F1	unreviewed	Sphaerotilus montanus	Ureidoglycolate dehydrogenase (NAD+) (EC 1.1.1.350)	1.1.1.350	
A0A7Y9XQI0	unreviewed	Phytopseudomonas flavescens	LDH2 family malate/lactate/ureidoglycolate dehydrogenase		
A0A7Z0EHE4	unreviewed	Glaciibacter psychrotolerans	LDH2 family malate/lactate/ureidoglycolate dehydrogenase		
A0A7Z0EJC4	unreviewed	Nocardiopsis aegyptia	LDH2 family malate/lactate/ureidoglycolate dehydrogenase		
A0A7Z2GMT1	unreviewed	Paraburkholderia acidisoli	Malate/lactate/ureidoglycolate dehydrogenase		
A0A7Z2JB59	unreviewed	Paraburkholderia acidiphila	Malate/lactate/ureidoglycolate dehydrogenase		
A0A7Z2YDJ3	unreviewed	Vibrio astriarenae	Ureidoglycolate dehydrogenase		
A0A7Z7IEQ7	unreviewed	Caballeronia arationis	Malate/lactate/ureidoglycolate dehydrogenase, LDH2 family		
A0A839GNI9	unreviewed	Rufibacter quisquiliarum	LDH2 family malate/lactate/ureidoglycolate dehydrogenase		
A0A839SM11	unreviewed	Mucilaginibacter gotjawali	LDH2 family malate/lactate/ureidoglycolate dehydrogenase		
A0A839UF71	unreviewed	Phyllobacterium trifolii	LDH2 family malate/lactate/ureidoglycolate dehydrogenase		
A0A839V7W5	unreviewed	Halomonas cerina	LDH2 family malate/lactate/ureidoglycolate dehydrogenase		
A0A839ZAS1	unreviewed	Ancylobacter tetraedralis	LDH2 family malate/lactate/ureidoglycolate dehydrogenase		
A0A839ZG71	unreviewed	Ancylobacter tetraedralis	LDH2 family malate/lactate/ureidoglycolate dehydrogenase		
A0A840AA79	unreviewed	Roseococcus suduntuyensis	LDH2 family malate/lactate/ureidoglycolate dehydrogenase		
A0A840AK94	unreviewed	Kaistia hirudinis	LDH2 family malate/lactate/ureidoglycolate dehydrogenase		
A0A840AP89	unreviewed	Kaistia hirudinis	LDH2 family malate/lactate/ureidoglycolate dehydrogenase		
A0A840AU32	unreviewed	Kaistia hirudinis	LDH2 family malate/lactate/ureidoglycolate dehydrogenase		
A0A840BWV3	unreviewed	Chelatococcus caeni	LDH2 family malate/lactate/ureidoglycolate dehydrogenase		
A0A840FID4	unreviewed	Sphingomonas jinjuensis	LDH2 family malate/lactate/ureidoglycolate dehydrogenase		
A0A840FLU3	unreviewed	Variovorax guangxiensis	LDH2 family malate/lactate/ureidoglycolate dehydrogenase		
A0A840GBE4	unreviewed	Variovorax guangxiensis	LDH2 family malate/lactate/ureidoglycolate dehydrogenase		
A0A840J0J2	unreviewed	Amycolatopsis jiangsuensis	LDH2 family malate/lactate/ureidoglycolate dehydrogenase		
A0A840J2E6	unreviewed	Amycolatopsis jiangsuensis	LDH2 family malate/lactate/ureidoglycolate dehydrogenase		
A0A840LEX5	unreviewed	Roseateles oligotrophus	LDH2 family malate/lactate/ureidoglycolate dehydrogenase		
A0A840NFS2	unreviewed	Saccharopolyspora gloriosae	LDH2 family malate/lactate/ureidoglycolate dehydrogenase		
A0A840NGI0	unreviewed	Saccharopolyspora gloriosae	LDH2 family malate/lactate/ureidoglycolate dehydrogenase		
A0A840P211	unreviewed	Thermocatellispora tengchongensis	LDH2 family malate/lactate/ureidoglycolate dehydrogenase		
A0A840QDE6	unreviewed	Saccharopolyspora phatthalungensis	LDH2 family malate/lactate/ureidoglycolate dehydrogenase		
A0A840QEV7	unreviewed	Saccharopolyspora phatthalungensis	LDH2 family malate/lactate/ureidoglycolate dehydrogenase		
A0A840QH61	unreviewed	Saccharopolyspora phatthalungensis	LDH2 family malate/lactate/ureidoglycolate dehydrogenase		
A0A840SI94	unreviewed	Amaricoccus macauensis	LDH2 family malate/lactate/ureidoglycolate dehydrogenase		
A0A840SLN9	unreviewed	Amaricoccus macauensis	LDH2 family malate/lactate/ureidoglycolate dehydrogenase		
A0A840SWN3	unreviewed	Amaricoccus macauensis	LDH2 family malate/lactate/ureidoglycolate dehydrogenase		
A0A840TZ77	unreviewed	Rhabdobacter roseus	LDH2 family malate/lactate/ureidoglycolate dehydrogenase		
A0A840XVL4	unreviewed	Muricoccus pecuniae	LDH2 family malate/lactate/ureidoglycolate dehydrogenase		
A0A840Y0Q8	unreviewed	Muricoccus pecuniae	LDH2 family malate/lactate/ureidoglycolate dehydrogenase		
A0A840Y4T1	unreviewed	Muricoccus pecuniae	LDH2 family malate/lactate/ureidoglycolate dehydrogenase		
A0A840Y7R4	unreviewed	Muricoccus pecuniae	LDH2 family malate/lactate/ureidoglycolate dehydrogenase		
A0A840YCM3	unreviewed	Neoroseomonas alkaliterrae	LDH2 family malate/lactate/ureidoglycolate dehydrogenase		
A0A840YXS5	unreviewed	Stakelama sediminis	LDH2 family malate/lactate/ureidoglycolate dehydrogenase		
A0A841B7C1	unreviewed	Amycolatopsis umgeniensis	LDH2 family malate/lactate/ureidoglycolate dehydrogenase		
A0A841D9U2	unreviewed	Thiemannella venezuelensis (Planomonospora venezuelensis)	Ureidoglycolate dehydrogenase (NAD+) (EC 1.1.1.350)	1.1.1.350	
A0A841DJN3	unreviewed	Kribbella solani	LDH2 family malate/lactate/ureidoglycolate dehydrogenase		
A0A841E9T2	unreviewed	Streptomonospora salina	LDH2 family malate/lactate/ureidoglycolate dehydrogenase		
A0A841EK71	unreviewed	Streptomonospora salina	LDH2 family malate/lactate/ureidoglycolate dehydrogenase		
A0A841ELF6	unreviewed	Arcicella rosea	LDH2 family malate/lactate/ureidoglycolate dehydrogenase		
A0A841ISU3	unreviewed	Nocardiopsis algeriensis	LDH2 family malate/lactate/ureidoglycolate dehydrogenase		
A0A841JHW3	unreviewed	Mucilaginibacter lappiensis	LDH2 family malate/lactate/ureidoglycolate dehydrogenase		
A0A841MT39	unreviewed	Algoriphagus iocasae	LDH2 family malate/lactate/ureidoglycolate dehydrogenase		
A0A841PII2	unreviewed	Geomicrobium halophilum	LDH2 family malate/lactate/ureidoglycolate dehydrogenase		
A0A841PLJ8	unreviewed	Geomicrobium halophilum	Ureidoglycolate dehydrogenase (NAD+) (EC 1.1.1.350)	1.1.1.350	
A0A841Q5L6	unreviewed	Salirhabdus euzebyi	LDH2 family malate/lactate/ureidoglycolate dehydrogenase		
A0A841R6C7	unreviewed	Spirochaeta isovalerica	LDH2 family malate/lactate/ureidoglycolate dehydrogenase		
A0A841R800	unreviewed	Spirochaeta isovalerica	LDH2 family malate/lactate/ureidoglycolate dehydrogenase		
A0A844ASG9	unreviewed	Caenimonas koreensis DSM 17982	Malate/lactate/ureidoglycolate dehydrogenase		
A0A844T183	unreviewed	Bradyrhizobium pachyrhizi	Malate/lactate/ureidoglycolate dehydrogenase		
A0A844T2H6	unreviewed	Bradyrhizobium cajani	Malate/lactate/ureidoglycolate dehydrogenase		
A0A845BEN8	unreviewed	Teichococcus coralli	Malate/lactate/ureidoglycolate dehydrogenase		
A0A845MIR6	unreviewed	Sneathiella chungangensis	Malate/lactate/ureidoglycolate dehydrogenase		
A0A845SRI8	unreviewed	Acerihabitans arboris	Malate/lactate/ureidoglycolate dehydrogenase		
A0A846MPD7	unreviewed	Thermonema lapsum	LDH2 family malate/lactate/ureidoglycolate dehydrogenase		
A0A846RT90	unreviewed	Arthrobacter pigmenti	LDH2 family malate/lactate/ureidoglycolate dehydrogenase		
A0A848EEG1	unreviewed	Neoroseomonas marina	Malate/lactate/ureidoglycolate dehydrogenase		
A0A848ELI7	unreviewed	Neoroseomonas marina	Malate/lactate/ureidoglycolate dehydrogenase		
A0A848HJ93	unreviewed	Ramlibacter agri	Malate/lactate/ureidoglycolate dehydrogenase		
A0A848IHB4	unreviewed	Paraburkholderia polaris	Malate/lactate/ureidoglycolate dehydrogenase		
A0A848MF04	unreviewed	Rouxiella aceris	Malate/lactate/ureidoglycolate dehydrogenase		
A0A849IAC6	unreviewed	Enterovirga aerilata	Malate/lactate/ureidoglycolate dehydrogenase		
A0A849KGW4	unreviewed	Ramlibacter montanisoli	Malate/lactate/ureidoglycolate dehydrogenase		
A0A852RBQ5	unreviewed	Leucobacter aridicollis	LDH2 family malate/lactate/ureidoglycolate dehydrogenase		
A0A852U2W5	unreviewed	Spinactinospora alkalitolerans	LDH2 family malate/lactate/ureidoglycolate dehydrogenase		
A0A852U3S4	unreviewed	Spinactinospora alkalitolerans	Ureidoglycolate dehydrogenase (NAD+) (EC 1.1.1.350)	1.1.1.350	
A0A852VYY9	unreviewed	Pseudonocardia alni (Amycolata alni)	LDH2 family malate/lactate/ureidoglycolate dehydrogenase		
A0A852VZT9	unreviewed	Pseudonocardia alni (Amycolata alni)	LDH2 family malate/lactate/ureidoglycolate dehydrogenase		
A0A852W8C8	unreviewed	Pseudonocardia alni (Amycolata alni)	LDH2 family malate/lactate/ureidoglycolate dehydrogenase		
A0A852WFD6	unreviewed	Pseudonocardia alni (Amycolata alni)	LDH2 family malate/lactate/ureidoglycolate dehydrogenase		
A0A852YAA6	unreviewed	Schumannella luteola	LDH2 family malate/lactate/ureidoglycolate dehydrogenase		
A0A853BQJ1	unreviewed	Streptomonospora nanhaiensis	LDH2 family malate/lactate/ureidoglycolate dehydrogenase		
A0A853BWY9	unreviewed	Streptomonospora nanhaiensis	Ureidoglycolate dehydrogenase (NAD+) (EC 1.1.1.350)	1.1.1.350	
A0A892IFS1	unreviewed	Burkholderia dolosa	Malate/lactate/ureidoglycolate dehydrogenase		
A0A8A8D8A1	unreviewed	Burkholderia seminalis	Malate/lactate/ureidoglycolate dehydrogenase		
A0A8B4TTQ9	unreviewed	Klebsiella quasivariicola	Ureidoglycolate dehydrogenase (EC 1.1.1.154)	1.1.1.154	
A0A8E2I4L5	unreviewed	Heyndrickxia oleronia	Ureidoglycolate dehydrogenase		
A0A8E2I5X0	unreviewed	Heyndrickxia oleronia	Ureidoglycolate dehydrogenase		
A0A8E3B832	unreviewed	Rhizobium loti (Mesorhizobium loti)	LDH2 family malate/lactate/ureidoglycolate dehydrogenase		
A0A8I0FUA4	unreviewed	Aeromicrobium tamlense	LDH2 family malate/lactate/ureidoglycolate dehydrogenase		
A0A8I0KNG5	unreviewed	Aeromicrobium tamlense	LDH2 family malate/lactate/ureidoglycolate dehydrogenase		
A0A8J2U7W2	unreviewed	Neiella marina	Ureidoglycolate dehydrogenase		
A0A8J2ZDG3	unreviewed	Caldovatus sediminis	Malate/lactate/ureidoglycolate dehydrogenase		
A0A8J2ZP27	unreviewed	Compostibacillus humi	Ureidoglycolate dehydrogenase		
A0A8J3GXG0	unreviewed	Seohaeicola zhoushanensis	Malate/lactate/ureidoglycolate dehydrogenase		
A0A916W4R4	unreviewed	Ornithinibacillus halotolerans	Ureidoglycolate dehydrogenase		
A0A916W4U8	unreviewed	Ornithinibacillus halotolerans	Ureidoglycolate dehydrogenase		
A0A916WGC4	unreviewed	Polaromonas eurypsychrophila	Malate/lactate/ureidoglycolate dehydrogenase		
A0A917K963	unreviewed	Neoroseomonas lacus	Malate/lactate/ureidoglycolate dehydrogenase		
A0A917KWV4	unreviewed	Neoroseomonas lacus	Malate/lactate/ureidoglycolate dehydrogenase		
A0A917MGD1	unreviewed	Alsobacter metallidurans	Malate/lactate/ureidoglycolate dehydrogenase		
A0A917N637	unreviewed	Enterococcus alcedinis	Ureidoglycolate dehydrogenase		
A0A917SUN3	unreviewed	Nakamurella endophytica	Malate/lactate/ureidoglycolate dehydrogenase		
A0A917UYH2	unreviewed	Lentibacillus kapialis	Ureidoglycolate dehydrogenase		
A0A917UYI0	unreviewed	Lentibacillus kapialis	Ureidoglycolate dehydrogenase		
A0A918XN95	unreviewed	Thalassobaculum fulvum	Malate/lactate/ureidoglycolate dehydrogenase		
A0A918XQ58	unreviewed	Thalassobaculum fulvum	Malate/lactate/ureidoglycolate dehydrogenase		
A0A923M906	unreviewed	Ramlibacter albus	Malate/lactate/ureidoglycolate dehydrogenase		
A0A923MWF8	unreviewed	Ramlibacter cellulosilyticus	Malate/lactate/ureidoglycolate dehydrogenase		
A0A926RZS3	unreviewed	Metabacillus arenae	Ureidoglycolate dehydrogenase (EC 1.1.1.154)	1.1.1.154	
A0A927E968	unreviewed	Allobosea spartocytisi	Malate/lactate/ureidoglycolate dehydrogenase		
A0A927GZ71	unreviewed	Paenibacillus oceani	Ureidoglycolate dehydrogenase (EC 1.1.1.154)	1.1.1.154	
A0A927IKW6	unreviewed	Limnohabitans radicicola	Malate/lactate/ureidoglycolate dehydrogenase		
A0A927M5R7	unreviewed	Plantactinospora soyae	LDH2 family malate/lactate/ureidoglycolate dehydrogenase		
A0A931DDZ4	unreviewed	Actinomadura viridis	LDH2 family malate/lactate/ureidoglycolate dehydrogenase		
A0A931DLA3	unreviewed	Actinomadura viridis	LDH2 family malate/lactate/ureidoglycolate dehydrogenase		
A0A931MIB5	unreviewed	Caenimonas aquaedulcis	Malate/lactate/ureidoglycolate dehydrogenase		
A0A934P9P6	unreviewed	Streptococcus zalophi	Ureidoglycolate dehydrogenase (EC 1.1.1.154)	1.1.1.154	
A0A934STY5	unreviewed	Noviherbaspirillum pedocola	Malate/lactate/ureidoglycolate dehydrogenase		
A0A934T1M8	unreviewed	Noviherbaspirillum pedocola	Malate/lactate/ureidoglycolate dehydrogenase		
A0A934TNS7	unreviewed	Ramlibacter ginsenosidimutans	Malate/lactate/ureidoglycolate dehydrogenase		
A0A934US73	unreviewed	Ramlibacter algicola	Malate/lactate/ureidoglycolate dehydrogenase		
A0A936YYW5	unreviewed	Ramlibacter monticola	Malate/lactate/ureidoglycolate dehydrogenase		
A0A938X5X6	unreviewed	Mordavella massiliensis	Ureidoglycolate dehydrogenase (EC 1.1.1.154)	1.1.1.154	
A0A938Y3M2	unreviewed	Brevibacillus fulvus	LDH2 family malate/lactate/ureidoglycolate dehydrogenase		
A0A940N2M7	unreviewed	Roseomonas indoligenes	Malate/lactate/ureidoglycolate dehydrogenase		
A0A940PC63	unreviewed	Vagococcus allomyrinae	Ureidoglycolate dehydrogenase (EC 1.1.1.154)	1.1.1.154	
A0A944CM78	unreviewed	Mesobacillus boroniphilus	Ureidoglycolate dehydrogenase (EC 1.1.1.154)	1.1.1.154	
A0A953N637	unreviewed	Zwartia hollandica	Malate/lactate/ureidoglycolate dehydrogenase		
A0A972JYJ1	unreviewed	Paenibacillus foliorum	Ureidoglycolate dehydrogenase		
A0A974A0Q5	unreviewed	Bradyrhizobium septentrionale	Malate/lactate/ureidoglycolate dehydrogenase		
A0A975NWA4	unreviewed	Bradyrhizobium sediminis	Malate/lactate/ureidoglycolate dehydrogenase		
A0A975U2Z7	unreviewed	Elioraea tepida	Malate/lactate/ureidoglycolate dehydrogenase		
A0A975U5B0	unreviewed	Elioraea tepida	Malate/lactate/ureidoglycolate dehydrogenase		
A0A9C7GCP5	unreviewed	Pseudoneobacillus rhizosphaerae	Ureidoglycolate dehydrogenase (NAD(+)) (EC 1.1.1.350)	1.1.1.350	
A0A9J6PML4	unreviewed	Winslowiella arboricola	Malate/lactate/ureidoglycolate dehydrogenase		
A0A9J7AKL1	unreviewed	Nisaea acidiphila	Malate/lactate/ureidoglycolate dehydrogenase		
A0A9J7AUE8	unreviewed	Nisaea acidiphila	Malate/lactate/ureidoglycolate dehydrogenase		
A0A9N8CXX9	unreviewed	Citrobacter werkmanii	Ureidoglycolate dehydrogenase (EC 1.1.1.154)	1.1.1.154	
A0A9P3Z831	unreviewed	Citrobacter freundii	Malate/lactate/ureidoglycolate dehydrogenase		
A0A9P5D2C1	unreviewed	Geosmithia morbida	Malate/lactate/ureidoglycolate dehydrogenase, LDH2 family		
A0A9Q6WMW3	unreviewed	Paraburkholderia caribensis	Malate/lactate/ureidoglycolate dehydrogenase		
A0A9Q9SH20	unreviewed	Burkholderia arboris	Malate/lactate/ureidoglycolate dehydrogenase		
A0A9W5TW07	unreviewed	Lentibacillus populi	Ureidoglycolate dehydrogenase		
A0A9W5TX54	unreviewed	Lentibacillus populi	Ureidoglycolate dehydrogenase		
A0A9W6CEX7	unreviewed	Sellimonas catena	Ureidoglycolate dehydrogenase		
A0A9W6CM98	unreviewed	Xanthobacter flavus	LDH2 family malate/lactate/ureidoglycolate dehydrogenase		
A0A9W6IJZ5	unreviewed	Maricaulis virginensis	Malate/lactate/ureidoglycolate dehydrogenase		
A0A9X0QXQ7	unreviewed	Siccirubricoccus deserti	Malate/lactate/ureidoglycolate dehydrogenase		
A0A9X0R012	unreviewed	Siccirubricoccus deserti	Malate/lactate/ureidoglycolate dehydrogenase		
A0A9X0YPW7	unreviewed	Oceanobacillus polygoni	LDH2 family malate/lactate/ureidoglycolate dehydrogenase		
A0A9X0YQL7	unreviewed	Oceanobacillus polygoni	Ureidoglycolate dehydrogenase (NAD+) (EC 1.1.1.350)	1.1.1.350	
A0A9X0YQS5	unreviewed	Oceanobacillus polygoni	Ureidoglycolate dehydrogenase (NAD+) (EC 1.1.1.350)	1.1.1.350	
A0A9X1LBS2	unreviewed	Roseicella aerolata	Malate/lactate/ureidoglycolate dehydrogenase		
A0A9X1RL81	unreviewed	Paraburkholderia tagetis	Malate/lactate/ureidoglycolate dehydrogenase		
A0A9X1VQC8	unreviewed	Variovorax terrae	Malate/lactate/ureidoglycolate dehydrogenase		
A0A9X2BV48	unreviewed	Roseomonas acroporae	Malate/lactate/ureidoglycolate dehydrogenase		
A0A9X2GCU5	unreviewed	Nonomuraea thailandensis	LDH2 family malate/lactate/ureidoglycolate dehydrogenase		
A0A9X2GKC7	unreviewed	Nonomuraea thailandensis	LDH2 family malate/lactate/ureidoglycolate dehydrogenase		
A0A9X2K2Z2	unreviewed	Nonomuraea thailandensis	LDH2 family malate/lactate/ureidoglycolate dehydrogenase		
A0A9X4AKW2	unreviewed	Terrihalobacillus insolitus	Ureidoglycolate dehydrogenase (EC 1.1.1.154)	1.1.1.154	
A0A9X8D5Y1	unreviewed	Acidovorax cavernicola	Malate/lactate/ureidoglycolate dehydrogenase		
A0A9X8JJL8	unreviewed	Pectobacterium zantedeschiae	Malate/lactate/ureidoglycolate dehydrogenase		
A0A9X8JKP2	unreviewed	Pectobacterium zantedeschiae	Malate/lactate/ureidoglycolate dehydrogenase		
A0A9X9WGK7	unreviewed	Neoroseomonas oryzicola	Malate/lactate/ureidoglycolate dehydrogenase		
A0A9X9WM42	unreviewed	Neoroseomonas oryzicola	Malate/lactate/ureidoglycolate dehydrogenase		
A0A9X9WQX4	unreviewed	Neoroseomonas soli	Malate/lactate/ureidoglycolate dehydrogenase		
A0A9X9WYH9	unreviewed	Neoroseomonas soli	Malate/lactate/ureidoglycolate dehydrogenase		
A0A9X9X8M8	unreviewed	Neoroseomonas eburnea	Malate/lactate/ureidoglycolate dehydrogenase		
A0A9X9XAV3	unreviewed	Neoroseomonas eburnea	Malate/lactate/ureidoglycolate dehydrogenase		
A0AA37RWL1	unreviewed	Paraferrimonas sedimenticola	Malate/lactate/ureidoglycolate dehydrogenase, LDH2 family		
A0AA37WTF8	unreviewed	Methylobacterium tardum	Malate/lactate/ureidoglycolate dehydrogenase		
A0AA37XNN9	unreviewed	Tetragenococcus osmophilus	Ureidoglycolate dehydrogenase		
A0AA38CX02	unreviewed	Tetragenococcus osmophilus	Ureidoglycolate dehydrogenase		
A0AA40SQD4	unreviewed	Microbacterium invictum	Ureidoglycolate dehydrogenase (NAD+) (EC 1.1.1.350)	1.1.1.350	
A0AA41XVM6	unreviewed	Brenneria izbisi	Malate/lactate/ureidoglycolate dehydrogenase		
A0AA41YKG6	unreviewed	Limobrevibacterium gyesilva	Malate/lactate/ureidoglycolate dehydrogenase		
A0AA41YNE6	unreviewed	Limobrevibacterium gyesilva	Malate/lactate/ureidoglycolate dehydrogenase		
A0AA50HPC3	unreviewed	Erwinia pyri	Malate/lactate/ureidoglycolate dehydrogenase		
A0AA87FK24	unreviewed	Enterococcus saccharolyticus 30_1	Ureidoglycolate dehydrogenase		
A0AA89TYW1	unreviewed	Streptomyces collinus	LDH2 family malate/lactate/ureidoglycolate dehydrogenase		
A0AA90EG34	unreviewed	Bacillus haynesii	Ureidoglycolate dehydrogenase		
A0AA92XA74	unreviewed	Serratia inhibens	Malate/lactate/ureidoglycolate dehydrogenase		
A0AA94H3I7	unreviewed	Kosakonia oryzae	Malate/lactate/ureidoglycolate dehydrogenase		
A0AA95S7U2	unreviewed	Neobacillus novalis	Ureidoglycolate dehydrogenase (EC 1.1.1.154)	1.1.1.154	
A0AA95SAA0	unreviewed	Neobacillus novalis	Ureidoglycolate dehydrogenase (EC 1.1.1.154)	1.1.1.154	
A0AAC8YJL4	unreviewed	Aminobacter aminovorans (Chelatobacter heintzii)	LDH2 family malate/lactate/ureidoglycolate dehydrogenase		
A0AAC8YLV7	unreviewed	Aminobacter aminovorans (Chelatobacter heintzii)	LDH2 family malate/lactate/ureidoglycolate dehydrogenase		
A0AAD0SH21	unreviewed	Lonsdalea britannica	Malate/lactate/ureidoglycolate dehydrogenase		
A0AAD3YRI0	unreviewed	Klebsiella oxytoca	Malate/lactate/ureidoglycolate dehydrogenase		
A0AAD8BIP3	unreviewed	Biomphalaria pfeifferi (Bloodfluke planorb) (Freshwater snail)	Ureidoglycolate dehydrogenase (NAD(+))		
A0AAE3B6C5	unreviewed	Sulfitobacter geojensis	Malate/lactate/ureidoglycolate dehydrogenase		
A0AAE3G2Z0	unreviewed	Natronocella acetinitrilica	LDH2 family malate/lactate/ureidoglycolate dehydrogenase		
A0AAE3NBF1	unreviewed	Xenophilus arseniciresistens	Malate/lactate/ureidoglycolate dehydrogenase		
A0AAE3VFS1	unreviewed	Oligosphaera ethanolica	LDH2 family malate/lactate/ureidoglycolate dehydrogenase		
A0AAE3VR89	unreviewed	Amorphus orientalis	LDH2 family malate/lactate/ureidoglycolate dehydrogenase		
A0AAE3VTH3	unreviewed	Amorphus orientalis	LDH2 family malate/lactate/ureidoglycolate dehydrogenase		
A0AAE3XMY4	unreviewed	Aureibacter tunicatorum	LDH2 family malate/lactate/ureidoglycolate dehydrogenase		
A0AAE3YJL9	unreviewed	Catenuloplanes atrovinosus	Ureidoglycolate dehydrogenase (NAD+)/L-2-hydroxycarboxylate dehydrogenase (NAD+) (EC 1.1.1.337, EC 1.1.1.350)	1.1.1.337; 1.1.1.350	
A0AAE5X467	unreviewed	Bradyrhizobium guangzhouense	Malate/lactate/ureidoglycolate dehydrogenase		
A0AAE6NWK2	unreviewed	Paracoccus pantotrophus (Thiosphaera pantotropha)	LDH2 family malate/lactate/ureidoglycolate dehydrogenase		
A0AAE6TT85	unreviewed	Paracoccus pantotrophus (Thiosphaera pantotropha)	LDH2 family malate/lactate/ureidoglycolate dehydrogenase		
A0AAE9I3M3	unreviewed	Cupriavidus campinensis	Malate/lactate/ureidoglycolate dehydrogenase		
A0AAF0CEU5	unreviewed	Hyphococcus flavus	Malate/lactate/ureidoglycolate dehydrogenase		
A0AAF1KUM6	unreviewed	Plastoroseomonas arctica	Malate/lactate/ureidoglycolate dehydrogenase		
A0AAI8NJU8	unreviewed	Klebsiella quasipneumoniae	Malate/lactate/ureidoglycolate dehydrogenase		
A0AAI8QDE1	unreviewed	Bradyrhizobium cosmicum	Malate/lactate/ureidoglycolate dehydrogenase		
A0AAI9S987	unreviewed	Sutterella seckii	Malate/lactate/ureidoglycolate dehydrogenase		
A0AAJ1LD27	unreviewed	Paenibacillus thiaminolyticus (Bacillus thiaminolyticus)	Ureidoglycolate dehydrogenase (EC 1.1.1.154)	1.1.1.154	
A0AAJ1TRJ6	unreviewed	Methylobacterium brachiatum	Malate/lactate/ureidoglycolate dehydrogenase		
A0AAJ3HTH9	unreviewed	Proteus hauseri ATCC 700826	Ureidoglycolate dehydrogenase (EC 1.-.-.-, EC 1.1.1.154)	1.-.-.-; 1.1.1.154	
A0AAJ5NAD6	unreviewed	Burkholderia stabilis	Uncharacterized oxidoreductase ybiC,putative dehydrogenase,Malate/L-lactate dehydrogenases,ureidoglycolate dehydrogenase,Malate/L-lactate dehydrogenase		
A0AAJ5QGY0	unreviewed	Pantoea piersonii	Malate/lactate/ureidoglycolate dehydrogenase		
A0AAJ5QWT2	unreviewed	Klebsiella electrica	Malate/lactate/ureidoglycolate dehydrogenase		
A0AAJ5QZQ6	unreviewed	Klebsiella electrica	Malate/lactate/ureidoglycolate dehydrogenase		
A0AAJ5T5L4	unreviewed	Burkholderia stabilis	Uncharacterized oxidoreductase ybiC,putative dehydrogenase,Malate/L-lactate dehydrogenases,ureidoglycolate dehydrogenase,Malate/L-lactate dehydrogenase		
A0AAJ5UV19	unreviewed	Lysinibacillus irui	Ureidoglycolate dehydrogenase (EC 1.1.1.154)	1.1.1.154	
A0AAN0K9S3	unreviewed	Pectobacterium araliae	Malate/lactate/ureidoglycolate dehydrogenase		
A0AAN0MLH3	unreviewed	Pectobacterium araliae	Malate/lactate/ureidoglycolate dehydrogenase		
A0AAN6I9W1	unreviewed	Exophiala viscosa	Ureidoglycolate dehydrogenase		
A0AAP2BIA1	unreviewed	Klebsiella oxytoca	Ureidoglycolate dehydrogenase (EC 1.1.1.154)	1.1.1.154	
A0AAP2CYV9	unreviewed	Dickeya dianthicola	Malate/lactate/ureidoglycolate dehydrogenase		
A0AAP2D2E3	unreviewed	Dickeya dianthicola	Malate/lactate/ureidoglycolate dehydrogenase		
A0AAP3UZX8	unreviewed	Marinimicrococcus flavescens	Malate/lactate/ureidoglycolate dehydrogenase		
A0AAP9H3V4	unreviewed	Pantoea phytobeneficialis	Malate/lactate/ureidoglycolate dehydrogenase		
A0AAP9LEM7	unreviewed	Pectobacterium parvum	Malate/lactate/ureidoglycolate dehydrogenase		
A0AAQ0HF17	unreviewed	Paracoccus versutus (Thiobacillus versutus)	LDH2 family malate/lactate/ureidoglycolate dehydrogenase		
A0AAQ0KLU2	unreviewed	Paracoccus versutus (Thiobacillus versutus)	LDH2 family malate/lactate/ureidoglycolate dehydrogenase		
A0AAQ0MEA6	unreviewed	Staphylococcus pseudoxylosus	Ureidoglycolate dehydrogenase (EC 1.1.1.154)	1.1.1.154	
A0AAQ0MGL2	unreviewed	Staphylococcus pseudoxylosus	Ureidoglycolate dehydrogenase (EC 1.1.1.154)	1.1.1.154	
A0AAQ3WCC2	unreviewed	Candidatus Enterococcus palustris	Ureidoglycolate dehydrogenase		
A0AAQ3Y6I6	unreviewed	Candidatus Enterococcus palustris	Ureidoglycolate dehydrogenase		
A0AAU9EZZ0	unreviewed	Drosophila madeirensis (Fruit fly)	Ureidoglycolate dehydrogenase (NAD(+))		
A0AAV5N442	unreviewed	Leminorella grimontii	Ureidoglycolate dehydrogenase (NAD(+))		
A0AAW5AZX3	unreviewed	Oceanobacillus jordanicus	Ureidoglycolate dehydrogenase (EC 1.1.1.154)	1.1.1.154	
A0AAW5G7J1	unreviewed	Pectobacterium polaris	Malate/lactate/ureidoglycolate dehydrogenase		
A0AAW5GC85	unreviewed	Pectobacterium polaris	Malate/lactate/ureidoglycolate dehydrogenase		
A0AAW6X9J5	unreviewed	Serratia nevei	Ureidoglycolate dehydrogenase (EC 1.1.1.154)	1.1.1.154	
A0AAW6XC71	unreviewed	Serratia nevei	Malate/lactate/ureidoglycolate dehydrogenase		
A0AAW9A8A7	unreviewed	Sporosarcina thermotolerans	Ureidoglycolate dehydrogenase (EC 1.1.1.154)	1.1.1.154	
A0AAW9A8X7	unreviewed	Sporosarcina thermotolerans	Ureidoglycolate dehydrogenase (EC 1.1.1.154)	1.1.1.154	
A0AAW9NNW5	unreviewed	Peribacillus frigoritolerans	Ureidoglycolate dehydrogenase (EC 1.1.1.154)	1.1.1.154	
A0AAX3J7V9	unreviewed	Pantoea brenneri	Malate/lactate/ureidoglycolate dehydrogenase		
A0AB34AK37	unreviewed	Staphylococcus ureilyticus (Staphylococcus cohnii subsp. urealyticus)	Ureidoglycolate dehydrogenase		
A0AB34ALB1	unreviewed	Staphylococcus ureilyticus (Staphylococcus cohnii subsp. urealyticus)	Ureidoglycolate dehydrogenase		
A0AB34API6	unreviewed	Staphylococcus ureilyticus (Staphylococcus cohnii subsp. urealyticus)	Ureidoglycolate dehydrogenase		
A0AB35RNJ1	unreviewed	Phytobacter ursingii	Malate/lactate/ureidoglycolate dehydrogenase		
A0AB35RRE6	unreviewed	Phytobacter ursingii	Malate/lactate/ureidoglycolate dehydrogenase		
A0AB38A2D0	unreviewed	Trichococcus collinsii	Ureidoglycolate dehydrogenase (NAD+)		
A0AB38A3K0	unreviewed	Trichococcus collinsii	Ureidoglycolate dehydrogenase (NAD+)		
A0AB94IKD7	unreviewed	Neobacillus vireti LMG 21834	Ureidoglycolate dehydrogenase		
A0AB94IL79	unreviewed	Neobacillus vireti LMG 21834	Ureidoglycolate dehydrogenase		
A0ABD6LZL2	unreviewed	Citrobacter gillenii	Malate/lactate/ureidoglycolate dehydrogenase		
A0ABF7R0P9	unreviewed	Limosilactobacillus fermentum (strain NBRC 3956 / LMG 18251) (Lactobacillus fermentum)	Ureidoglycolate dehydrogenase		
A0ABM1AG43	unreviewed	Aplysia californica (California sea hare)	Ureidoglycolate dehydrogenase (NAD(+))		
A0ABM6FC16	unreviewed	Cupriavidus malaysiensis	Malate/lactate/ureidoglycolate dehydrogenase		
A0ABM6JV71	unreviewed	Sporosarcina ureae	Ureidoglycolate dehydrogenase		
A0ABM6LLH3	unreviewed	Bacillus sonorensis	Ureidoglycolate dehydrogenase (NAD(+)) (EC 1.1.1.350)	1.1.1.350	
A0ABM6P1E1	unreviewed	Burkholderia cepacia (Pseudomonas cepacia)	Malate/lactate/ureidoglycolate dehydrogenase		
A0ABM6XFL7	unreviewed	Peribacillus butanolivorans	Ureidoglycolate dehydrogenase (EC 1.1.1.154)	1.1.1.154	
A0ABM7MXC3	unreviewed	Erwinia rhapontici (Pectobacterium rhapontici)	Malate/lactate/ureidoglycolate dehydrogenase		
A0ABM7TU75	unreviewed	Paraburkholderia terrae	Malate/lactate/ureidoglycolate dehydrogenase		
A0ABM7XXN5	unreviewed	Roseomonas fluvialis	Malate/lactate/ureidoglycolate dehydrogenase		
A0ABM7Y974	unreviewed	Roseomonas fluvialis	Malate/lactate/ureidoglycolate dehydrogenase		
A0ABM9FVK1	unreviewed	Paenibacillus melissococcoides	Ureidoglycolate dehydrogenase		
A0ABM9W5B0	unreviewed	Sporomusa sphaeroides DSM 2875	Ureidoglycolate dehydrogenase (NAD(+)) (EC 1.1.1.350)	1.1.1.350	
A0ABN0PCJ9	unreviewed	Staphylococcus simulans UMC-CNS-990	Ureidoglycolate dehydrogenase		
A0ABN1AY40	unreviewed	Salinibacillus aidingensis	Ureidoglycolate dehydrogenase		
A0ABN1WIP1	unreviewed	Kitasatospora nipponensis	LDH2 family malate/lactate/ureidoglycolate dehydrogenase		
A0ABN2A564	unreviewed	Nocardioides humi	Malate/lactate/ureidoglycolate dehydrogenase, LDH2 family		
A0ABN5AHI8	unreviewed	Bacillus sonorensis	Ureidoglycolate dehydrogenase (NAD(+)) (EC 1.1.1.350)	1.1.1.350	
A0ABN6LTG5	unreviewed	Phytobacter diazotrophicus	Malate/lactate/ureidoglycolate dehydrogenase		
A0ABP3ILD4	unreviewed	Paenibacillus motobuensis	Ureidoglycolate dehydrogenase		
A0ABP3RJ51	unreviewed	Craurococcus roseus	Malate/lactate/ureidoglycolate dehydrogenase		
A0ABP3ZE67	unreviewed	Pseudonocardia zijingensis	Malate/lactate/ureidoglycolate dehydrogenase		
A0ABP7KTF6	unreviewed	Gibbsiella dentisursi	Malate/lactate/ureidoglycolate dehydrogenase		
A0ABP8GIX1	unreviewed	Pigmentiphaga soli	Malate/lactate/ureidoglycolate dehydrogenase		
A0ABP8HEG9	unreviewed	Variovorax defluvii	Malate/lactate/ureidoglycolate dehydrogenase		
A0ABP9MGP1	unreviewed	Wohlfahrtiimonas larvae	Ureidoglycolate dehydrogenase		
A0ABP9MT53	unreviewed	Wohlfahrtiimonas larvae	Ureidoglycolate dehydrogenase		
A0ABP9N4Y1	unreviewed	Pseudonocardia adelaidensis	Malate/lactate/ureidoglycolate dehydrogenase		
A0ABP9N971	unreviewed	Orbus sasakiae	Ureidoglycolate dehydrogenase		
A0ABP9P032	unreviewed	Prosthecobacter algae	Ureidoglycolate dehydrogenase		
A0ABP9THN3	unreviewed	Paeniglutamicibacter antarcticus	Malate/lactate/ureidoglycolate dehydrogenase		
A0ABQ1F719	unreviewed	Paenibacillus marchantiophytorum	Ureidoglycolate dehydrogenase		
A0ABQ1I3W1	unreviewed	Agarivorans gilvus	Ureidoglycolate dehydrogenase		
A0ABQ1IMV0	unreviewed	Tistrella bauzanensis	Malate/lactate/ureidoglycolate dehydrogenase		
A0ABQ1NGN3	unreviewed	Enterococcus wangshanyuanii	Ureidoglycolate dehydrogenase		
A0ABQ1NH82	unreviewed	Enterococcus wangshanyuanii	Ureidoglycolate dehydrogenase		
A0ABQ1VUK5	unreviewed	Paenibacillus aceti	Ureidoglycolate dehydrogenase		
A0ABQ1ZWC4	unreviewed	Saccharibacillus endophyticus	Ureidoglycolate dehydrogenase		
A0ABQ2NXJ4	unreviewed	Oceanobacillus neutriphilus	Ureidoglycolate dehydrogenase		
A0ABQ2NXN5	unreviewed	Oceanobacillus neutriphilus	Ureidoglycolate dehydrogenase		
A0ABQ3G3Q0	unreviewed	Pseudorhodoferax aquiterrae	Malate/lactate/ureidoglycolate dehydrogenase		
A0ABQ5LIM2	unreviewed	Pragia fontium	Ureidoglycolate dehydrogenase (NAD(+))		
A0ABQ5VG57	unreviewed	Sulfitobacter pacificus	Malate/lactate/ureidoglycolate dehydrogenase		
A0ABQ6AYW5	unreviewed	Bradyrhizobium iriomotense	Malate/lactate/ureidoglycolate dehydrogenase		
A0ABQ6ERR0	unreviewed	Vibrio algivorus	Ureidoglycolate dehydrogenase		
A0ABQ6ITJ2	unreviewed	Mobilicoccus caccae	Malate/lactate/ureidoglycolate dehydrogenase		
A0ABQ6LSV1	unreviewed	Paralimibaculum aggregatum	Malate/lactate/ureidoglycolate dehydrogenase		
A0ABQ6YX90	unreviewed	Candidatus Enterococcus willemsii	Ureidoglycolate dehydrogenase		
A0ABQ6YYC0	unreviewed	Candidatus Enterococcus willemsii	Ureidoglycolate dehydrogenase		
A0ABR4XVV2	unreviewed	Lysinibacillus boronitolerans JCM 21713 = 10a = NBRC 103108	Ureidoglycolate dehydrogenase		
A0ABR5PCT3	unreviewed	Lentilactobacillus rapi DSM 19907 = JCM 15042	Ureidoglycolate dehydrogenase		
A0ABR5Z8J2	unreviewed	Pectobacterium aroidearum	Malate/lactate/ureidoglycolate dehydrogenase		
A0ABR5ZDG5	unreviewed	Pectobacterium aroidearum	Malate/lactate/ureidoglycolate dehydrogenase		
A0ABR6ALM4	unreviewed	Brucella intermedia	LDH2 family malate/lactate/ureidoglycolate dehydrogenase		
A0ABR6BCK8	unreviewed	Kutzneria viridogrisea	LDH2 family malate/lactate/ureidoglycolate dehydrogenase		
A0ABR6BKN6	unreviewed	Kutzneria viridogrisea	LDH2 family malate/lactate/ureidoglycolate dehydrogenase		
A0ABR6C285	unreviewed	Aminobacter ciceronei	LDH2 family malate/lactate/ureidoglycolate dehydrogenase		
A0ABR6CCW1	unreviewed	Aminobacter ciceronei	LDH2 family malate/lactate/ureidoglycolate dehydrogenase		
A0ABR6FK92	unreviewed	Paraburkholderia silvatlantica	LDH2 family malate/lactate/ureidoglycolate dehydrogenase		
A0ABR6GC70	unreviewed	Rhizobium laguerreae	LDH2 family malate/lactate/ureidoglycolate dehydrogenase		
A0ABR6GC71	unreviewed	Rhizobium laguerreae	LDH2 family malate/lactate/ureidoglycolate dehydrogenase		
A0ABR6HN49	unreviewed	Limimaricola variabilis	LDH2 family malate/lactate/ureidoglycolate dehydrogenase		
A0ABR6IHV1	unreviewed	Rhizobium mongolense	LDH2 family malate/lactate/ureidoglycolate dehydrogenase		
A0ABR6IVN8	unreviewed	Rhizobium mongolense	LDH2 family malate/lactate/ureidoglycolate dehydrogenase		
A0ABR6IZF5	unreviewed	Rhizobium mongolense	LDH2 family malate/lactate/ureidoglycolate dehydrogenase		
A0ABR6J7B9	unreviewed	Agrobacterium radiobacter	LDH2 family malate/lactate/ureidoglycolate dehydrogenase		
A0ABR6JDS1	unreviewed	Agrobacterium radiobacter	LDH2 family malate/lactate/ureidoglycolate dehydrogenase		
A0ABR6JT95	unreviewed	Hymenobacter latericoloratus	LDH2 family malate/lactate/ureidoglycolate dehydrogenase		
A0ABR6K647	unreviewed	Sphingomonas yabuuchiae	LDH2 family malate/lactate/ureidoglycolate dehydrogenase		
A0ABR6L3C9	unreviewed	Aminobacter niigataensis	LDH2 family malate/lactate/ureidoglycolate dehydrogenase		
A0ABR6LZF8	unreviewed	Streptomyces rapamycinicus	LDH2 family malate/lactate/ureidoglycolate dehydrogenase		
A0ABR6N9G4	unreviewed	Sphingomonas endophytica	LDH2 family malate/lactate/ureidoglycolate dehydrogenase		
A0ABR6NF20	unreviewed	Sphingobium lignivorans	LDH2 family malate/lactate/ureidoglycolate dehydrogenase		
A0ABR6RI56	unreviewed	Comamonas odontotermitis	LDH2 family malate/lactate/ureidoglycolate dehydrogenase		
A0ABR6TPY9	unreviewed	Citrobacter braakii	Malate/lactate/ureidoglycolate dehydrogenase		
A0ABR6WEE0	unreviewed	Spirosoma utsteinense	LDH2 family malate/lactate/ureidoglycolate dehydrogenase		
A0ABR7PKY2	unreviewed	Paraburkholderia podalyriae	Malate/lactate/ureidoglycolate dehydrogenase		
A0ABR7RC85	unreviewed	Pseudoroseomonas ludipueritiae	Malate/lactate/ureidoglycolate dehydrogenase		
A0ABR7RR83	unreviewed	Teichococcus aerophilus	Malate/lactate/ureidoglycolate dehydrogenase		
A0ABR7U0T3	unreviewed	Bradyrhizobium campsiandrae	Malate/lactate/ureidoglycolate dehydrogenase		
A0ABR8PHM3	unreviewed	Sporosarcina gallistercoris	Ureidoglycolate dehydrogenase (EC 1.1.1.154)	1.1.1.154	
A0ABR8TEA2	unreviewed	Escherichia whittamii	Ureidoglycolate dehydrogenase (EC 1.1.1.154)	1.1.1.154	
A0ABR8WDD5	unreviewed	Planococcus wigleyi	Ureidoglycolate dehydrogenase (EC 1.1.1.154)	1.1.1.154	
A0ABR8YPW3	unreviewed	Clostridium faecium	Ureidoglycolate dehydrogenase (EC 1.1.1.154)	1.1.1.154	
A0ABR8ZTB2	unreviewed	Erwinia persicina	Malate/lactate/ureidoglycolate dehydrogenase		
A0ABR9HGL2	unreviewed	Nocardiopsis terrae	LDH2 family malate/lactate/ureidoglycolate dehydrogenase		
A0ABR9I883	unreviewed	Amycolatopsis lexingtonensis	LDH2 family malate/lactate/ureidoglycolate dehydrogenase		
A0ABR9IW10	unreviewed	Rhizobium viscosum (Arthrobacter viscosus)	LDH2 family malate/lactate/ureidoglycolate dehydrogenase		
A0ABR9JQJ4	unreviewed	Actinomadura algeriensis	LDH2 family malate/lactate/ureidoglycolate dehydrogenase		
A0ABR9K1A2	unreviewed	Actinomadura algeriensis	LDH2 family malate/lactate/ureidoglycolate dehydrogenase		
A0ABR9K272	unreviewed	Actinomadura algeriensis	LDH2 family malate/lactate/ureidoglycolate dehydrogenase		
A0ABR9KYT8	unreviewed	Amycolatopsis roodepoortensis	LDH2 family malate/lactate/ureidoglycolate dehydrogenase		
A0ABR9LKB5	unreviewed	Amycolatopsis roodepoortensis	LDH2 family malate/lactate/ureidoglycolate dehydrogenase		
A0ABR9LP22	unreviewed	Nonomuraea angiospora	LDH2 family malate/lactate/ureidoglycolate dehydrogenase		
A0ABR9RYD7	unreviewed	Ramlibacter pallidus	Malate/lactate/ureidoglycolate dehydrogenase		
A0ABR9SI06	unreviewed	Ramlibacter aquaticus	Malate/lactate/ureidoglycolate dehydrogenase		
A0ABR9XW73	unreviewed	Jeotgalicoccus nanhaiensis	Ureidoglycolate dehydrogenase (EC 1.1.1.154)	1.1.1.154	
A0ABR9XWC5	unreviewed	Jeotgalicoccus nanhaiensis	Ureidoglycolate dehydrogenase (EC 1.1.1.154)	1.1.1.154	
A0ABS0LS07	unreviewed	Facklamia lactis	Ureidoglycolate dehydrogenase (EC 1.1.1.154)	1.1.1.154	
A0ABS0LU43	unreviewed	Serratia surfactantfaciens	Ureidoglycolate dehydrogenase (EC 1.1.1.154)	1.1.1.154	
A0ABS0LWT5	unreviewed	Serratia surfactantfaciens	Malate/lactate/ureidoglycolate dehydrogenase		
A0ABS0P520	unreviewed	Bradyrhizobium diversitatis	Malate/lactate/ureidoglycolate dehydrogenase		
A0ABS0P575	unreviewed	Bradyrhizobium diversitatis	Malate/lactate/ureidoglycolate dehydrogenase		
A0ABS0PSN3	unreviewed	Bradyrhizobium agreste	Malate/lactate/ureidoglycolate dehydrogenase		
A0ABS0TLK7	unreviewed	Serratia proteamaculans	Ureidoglycolate dehydrogenase (EC 1.1.1.154)	1.1.1.154	
A0ABS0TUK0	unreviewed	Serratia proteamaculans	Malate/lactate/ureidoglycolate dehydrogenase		
A0ABS0W3W7	unreviewed	Proteus penneri	Ureidoglycolate dehydrogenase (EC 1.1.1.154)	1.1.1.154	
A0ABS0ZIY3	unreviewed	Streptococcus pacificus	Ureidoglycolate dehydrogenase (EC 1.1.1.154)	1.1.1.154	
A0ABS1A0P5	unreviewed	Citrobacter cronae	Ureidoglycolate dehydrogenase (EC 1.1.1.154)	1.1.1.154	
A0ABS1A7H4	unreviewed	Citrobacter cronae	Malate/lactate/ureidoglycolate dehydrogenase		
A0ABS1CZ60	unreviewed	Paracraurococcus ruber	Malate/lactate/ureidoglycolate dehydrogenase		
A0ABS1F547	unreviewed	Azospirillum endophyticum	Malate/lactate/ureidoglycolate dehydrogenase		
A0ABS1FAX9	unreviewed	Azospirillum endophyticum	Malate/lactate/ureidoglycolate dehydrogenase		
A0ABS1JI06	unreviewed	Ramlibacter alkalitolerans	Malate/lactate/ureidoglycolate dehydrogenase		
A0ABS1U8I6	unreviewed	Belnapia arida	Malate/lactate/ureidoglycolate dehydrogenase		
A0ABS1U9T0	unreviewed	Belnapia arida	Malate/lactate/ureidoglycolate dehydrogenase		
A0ABS1UX74	unreviewed	Belnapia mucosa	Malate/lactate/ureidoglycolate dehydrogenase		
A0ABS1UXJ3	unreviewed	Belnapia mucosa	Malate/lactate/ureidoglycolate dehydrogenase		
A0ABS2DQD3	unreviewed	Sutterella massiliensis	Malate/lactate/ureidoglycolate dehydrogenase		
A0ABS2EJJ9	unreviewed	Drancourtella massiliensis	Ureidoglycolate dehydrogenase (EC 1.1.1.154)	1.1.1.154	
A0ABS2GX05	unreviewed	Parasutterella secunda	Malate/lactate/ureidoglycolate dehydrogenase		
A0ABS2L1C3	unreviewed	Subtercola frigoramans	LDH2 family malate/lactate/ureidoglycolate dehydrogenase		
A0ABS2MA33	unreviewed	Nocardioides salarius	LDH2 family malate/lactate/ureidoglycolate dehydrogenase		
A0ABS2MA67	unreviewed	Nocardioides salarius	LDH2 family malate/lactate/ureidoglycolate dehydrogenase		
A0ABS2MN67	unreviewed	Fusibacter tunisiensis	LDH2 family malate/lactate/ureidoglycolate dehydrogenase		
A0ABS2MWI5	unreviewed	Aquibacillus albus	LDH2 family malate/lactate/ureidoglycolate dehydrogenase		
A0ABS2N627	unreviewed	Aquibacillus albus	Ureidoglycolate dehydrogenase (NAD+) (EC 1.1.1.350)	1.1.1.350	
A0ABS2Q109	unreviewed	Scopulibacillus daqui	Ureidoglycolate dehydrogenase (NAD+) (EC 1.1.1.350)	1.1.1.350	
A0ABS2Q1Q0	unreviewed	Scopulibacillus daqui	Ureidoglycolate dehydrogenase (NAD+) (EC 1.1.1.350)	1.1.1.350	
A0ABS2QFW1	unreviewed	Peribacillus deserti	Ureidoglycolate dehydrogenase (NAD+) (EC 1.1.1.350)	1.1.1.350	
A0ABS2RDY8	unreviewed	Microlunatus panaciterrae	LDH2 family malate/lactate/ureidoglycolate dehydrogenase		
A0ABS2SU96	unreviewed	Shouchella xiaoxiensis	LDH2 family malate/lactate/ureidoglycolate dehydrogenase		
A0ABS2SYE4	unreviewed	Shouchella xiaoxiensis	Ureidoglycolate dehydrogenase (NAD+) (EC 1.1.1.350)	1.1.1.350	
A0ABS3F221	unreviewed	Sneathiella sedimenti	Malate/lactate/ureidoglycolate dehydrogenase		
A0ABS3GXR7	unreviewed	Candidatus Enterococcus ikei	Ureidoglycolate dehydrogenase (EC 1.1.1.154)	1.1.1.154	
A0ABS3GYY9	unreviewed	Candidatus Enterococcus ikei	Ureidoglycolate dehydrogenase (EC 1.1.1.154)	1.1.1.154	
A0ABS3HG84	unreviewed	Candidatus Enterococcus murrayae	Ureidoglycolate dehydrogenase (EC 1.1.1.154)	1.1.1.154	
A0ABS3HKJ7	unreviewed	Candidatus Enterococcus murrayae	Ureidoglycolate dehydrogenase (EC 1.1.1.154)	1.1.1.154	
A0ABS3KAQ0	unreviewed	Roseomonas marmotae	Malate/lactate/ureidoglycolate dehydrogenase		
A0ABS3KKE9	unreviewed	Roseomonas haemaphysalidis	Malate/lactate/ureidoglycolate dehydrogenase		
A0ABS3L273	unreviewed	Staphylococcus nepalensis	Ureidoglycolate dehydrogenase (EC 1.1.1.154)	1.1.1.154	
A0ABS3L277	unreviewed	Staphylococcus nepalensis	Ureidoglycolate dehydrogenase (EC 1.1.1.154)	1.1.1.154	
A0ABS3LA64	unreviewed	Candidatus Enterococcus moelleringii	Ureidoglycolate dehydrogenase (EC 1.1.1.154)	1.1.1.154	
A0ABS4ADF7	unreviewed	Pararoseomonas baculiformis	Malate/lactate/ureidoglycolate dehydrogenase		
A0ABS4AT07	unreviewed	Roseomonas nitratireducens	Malate/lactate/ureidoglycolate dehydrogenase		
A0ABS4AV66	unreviewed	Roseomonas nitratireducens	Malate/lactate/ureidoglycolate dehydrogenase		
A0ABS4D2Z0	unreviewed	Bacillus capparidis	Ureidoglycolate dehydrogenase (NAD+) (EC 1.1.1.350)	1.1.1.350	
A0ABS4FPX0	unreviewed	Paenibacillus turicensis	Ureidoglycolate dehydrogenase (NAD+) (EC 1.1.1.350)	1.1.1.350	
A0ABS4FQK0	unreviewed	Paenibacillus turicensis	Ureidoglycolate dehydrogenase (NAD+) (EC 1.1.1.350)	1.1.1.350	
A0ABS4G4J8	unreviewed	Youngiibacter multivorans	LDH2 family malate/lactate/ureidoglycolate dehydrogenase		
A0ABS4G7Q3	unreviewed	Youngiibacter multivorans	LDH2 family malate/lactate/ureidoglycolate dehydrogenase		
A0ABS4GKT8	unreviewed	Ammoniphilus resinae	LDH2 family malate/lactate/ureidoglycolate dehydrogenase		
A0ABS4GN62	unreviewed	Ammoniphilus resinae	LDH2 family malate/lactate/ureidoglycolate dehydrogenase		
A0ABS4GNR2	unreviewed	Ammoniphilus resinae	LDH2 family malate/lactate/ureidoglycolate dehydrogenase		
A0ABS4GUD3	unreviewed	Ammoniphilus resinae	LDH2 family malate/lactate/ureidoglycolate dehydrogenase		
A0ABS4GUF5	unreviewed	Ammoniphilus resinae	Ureidoglycolate dehydrogenase (NAD+) (EC 1.1.1.350)	1.1.1.350	
A0ABS4GWA6	unreviewed	Ammoniphilus resinae	Ureidoglycolate dehydrogenase (NAD+) (EC 1.1.1.350)	1.1.1.350	
A0ABS4HHV5	unreviewed	Virgibacillus litoralis	Ureidoglycolate dehydrogenase (NAD+) (EC 1.1.1.350)	1.1.1.350	
A0ABS4I618	unreviewed	Paenibacillus aceris	LDH2 family malate/lactate/ureidoglycolate dehydrogenase		
A0ABS4J1K8	unreviewed	Paenibacillus eucommiae	Ureidoglycolate dehydrogenase (NAD+) (EC 1.1.1.350)	1.1.1.350	
A0ABS4J437	unreviewed	Paenibacillus eucommiae	LDH2 family malate/lactate/ureidoglycolate dehydrogenase		
A0ABS4J8B1	unreviewed	Paenibacillus eucommiae	LDH2 family malate/lactate/ureidoglycolate dehydrogenase		
A0ABS4JEX0	unreviewed	Paenibacillus shirakamiensis	LDH2 family malate/lactate/ureidoglycolate dehydrogenase		
A0ABS4KT48	unreviewed	Clostridium algifaecis	LDH2 family malate/lactate/ureidoglycolate dehydrogenase		
A0ABS4ME94	unreviewed	Lactobacillus colini	LDH2 family malate/lactate/ureidoglycolate dehydrogenase		
A0ABS4P8P5	unreviewed	Winslowiella toletana	LDH2 family malate/lactate/ureidoglycolate dehydrogenase		
A0ABS4PSN3	unreviewed	Amycolatopsis magusensis	LDH2 family malate/lactate/ureidoglycolate dehydrogenase		
A0ABS4SXC1	unreviewed	Azospirillum rugosum	LDH2 family malate/lactate/ureidoglycolate dehydrogenase		
A0ABS4TTA7	unreviewed	Kibdelosporangium banguiense	LDH2 family malate/lactate/ureidoglycolate dehydrogenase		
A0ABS4TVB0	unreviewed	Kibdelosporangium banguiense	LDH2 family malate/lactate/ureidoglycolate dehydrogenase		
A0ABS4V088	unreviewed	Kribbella aluminosa	LDH2 family malate/lactate/ureidoglycolate dehydrogenase		
A0ABS4Z6I6	unreviewed	Microlunatus capsulatus	LDH2 family malate/lactate/ureidoglycolate dehydrogenase		
A0ABS5B8B2	unreviewed	Dickeya oryzae	Malate/lactate/ureidoglycolate dehydrogenase		
A0ABS5EJJ1	unreviewed	Neoroseomonas terrae	Malate/lactate/ureidoglycolate dehydrogenase		
A0ABS5EPK0	unreviewed	Neoroseomonas terrae	Malate/lactate/ureidoglycolate dehydrogenase		
A0ABS5EZH6	unreviewed	Plastoroseomonas hellenica	Malate/lactate/ureidoglycolate dehydrogenase		
A0ABS5FCY1	unreviewed	Bradyrhizobium jicamae	Malate/lactate/ureidoglycolate dehydrogenase		
A0ABS5G4U6	unreviewed	Bradyrhizobium denitrificans	Malate/lactate/ureidoglycolate dehydrogenase		
A0ABS5Q8I3	unreviewed	Roseococcus pinisoli	Malate/lactate/ureidoglycolate dehydrogenase		
A0ABS6DAT3	unreviewed	Faecalicatena faecalis	Ureidoglycolate dehydrogenase (EC 1.1.1.154)	1.1.1.154	
A0ABS6FXA2	unreviewed	Alkaliphilus flagellatus	Ureidoglycolate dehydrogenase (EC 1.1.1.154)	1.1.1.154	
A0ABS6GTP3	unreviewed	Mammaliicoccus lentus (Staphylococcus lentus)	Ureidoglycolate dehydrogenase (EC 1.1.1.154)	1.1.1.154	
A0ABS6GXY0	unreviewed	Mammaliicoccus lentus (Staphylococcus lentus)	Ureidoglycolate dehydrogenase (EC 1.1.1.154)	1.1.1.154	
A0ABS6GY15	unreviewed	Mammaliicoccus lentus (Staphylococcus lentus)	Ureidoglycolate dehydrogenase (EC 1.1.1.154)	1.1.1.154	
A0ABS6H4U7	unreviewed	Falsiroseomonas oleicola	Malate/lactate/ureidoglycolate dehydrogenase		
A0ABS6IFJ9	unreviewed	Reyranella humidisoli	Malate/lactate/ureidoglycolate dehydrogenase		
A0ABS6IRZ4	unreviewed	Reyranella humidisoli	Malate/lactate/ureidoglycolate dehydrogenase		
A0ABS6T9Z0	unreviewed	Enterococcus alishanensis	Ureidoglycolate dehydrogenase (EC 1.1.1.154)	1.1.1.154	
A0ABS6TA53	unreviewed	Enterococcus alishanensis	Ureidoglycolate dehydrogenase (EC 1.1.1.154)	1.1.1.154	
A0ABS7A6V4	unreviewed	Roseomonas alba	Malate/lactate/ureidoglycolate dehydrogenase		
A0ABS7A7Z7	unreviewed	Roseomonas alba	Malate/lactate/ureidoglycolate dehydrogenase		
A0ABS7F0G2	unreviewed	Caldovatus aquaticus	Malate/lactate/ureidoglycolate dehydrogenase		
A0ABS7L989	unreviewed	Sellimonas caecigallum	Ureidoglycolate dehydrogenase (EC 1.1.1.154)	1.1.1.154	
A0ABS8DL66	unreviewed	Bariatricus massiliensis	Ureidoglycolate dehydrogenase (EC 1.1.1.154)	1.1.1.154	
A0ABS8J4S6	unreviewed	Serratia montpellierensis	Ureidoglycolate dehydrogenase (EC 1.1.1.154)	1.1.1.154	
A0ABS8JZJ7	unreviewed	Paraburkholderia sejongensis	Malate/lactate/ureidoglycolate dehydrogenase		
A0ABS8KPW8	unreviewed	Reyranella aquatilis	Malate/lactate/ureidoglycolate dehydrogenase		
A0ABS8KSZ9	unreviewed	Reyranella aquatilis	Malate/lactate/ureidoglycolate dehydrogenase		
A0ABS8YI97	unreviewed	Paenibacillus profundus	Ureidoglycolate dehydrogenase (EC 1.1.1.154)	1.1.1.154	
A0ABS9LKH6	unreviewed	Bradyrhizobium zhengyangense	Malate/lactate/ureidoglycolate dehydrogenase		
A0ABS9T9Z9	unreviewed	Pseudonocardia alaniniphila	Malate/lactate/ureidoglycolate dehydrogenase		
A0ABS9W5Y4	unreviewed	Teichococcus vastitatis	Malate/lactate/ureidoglycolate dehydrogenase		
A0ABT0K8W6	unreviewed	Serratia silvae	Ureidoglycolate dehydrogenase (EC 1.1.1.154)	1.1.1.154	
A0ABT0MX64	unreviewed	Brenneria tiliae	Malate/lactate/ureidoglycolate dehydrogenase		
A0ABT0N275	unreviewed	Brenneria tiliae	Malate/lactate/ureidoglycolate dehydrogenase		
A0ABT1ABK6	unreviewed	Pseudonocardia humida	Malate/lactate/ureidoglycolate dehydrogenase		
A0ABT1B4X1	unreviewed	Citrobacter meridianamericanus	Ureidoglycolate dehydrogenase (EC 1.1.1.154)	1.1.1.154	
A0ABT1B5Q5	unreviewed	Citrobacter meridianamericanus	Malate/lactate/ureidoglycolate dehydrogenase		
A0ABT1D9D1	unreviewed	Siccirubricoccus soli	Malate/lactate/ureidoglycolate dehydrogenase		
A0ABT1I7W7	unreviewed	Actinokineospora diospyrosa	Malate/lactate/ureidoglycolate dehydrogenase, LDH2 family		
A0ABT1LEW3	unreviewed	Alsobacter ponti	Malate/lactate/ureidoglycolate dehydrogenase		
A0ABT1N881	unreviewed	Photobacterium pectinilyticum	Ureidoglycolate dehydrogenase (EC 1.1.1.154)	1.1.1.154	
A0ABT1VHC7	unreviewed	Pantoea trifolii	Malate/lactate/ureidoglycolate dehydrogenase		
A0ABT1WLB6	unreviewed	Granulicatella seriolae	Ureidoglycolate dehydrogenase (EC 1.1.1.154)	1.1.1.154	
A0ABT1X3W8	unreviewed	Roseomonas populi	Malate/lactate/ureidoglycolate dehydrogenase		
A0ABT2DQB3	unreviewed	Lysinibacillus pinottii	Ureidoglycolate dehydrogenase (EC 1.1.1.154)	1.1.1.154	
A0ABT2E710	unreviewed	Scandinavium hiltneri	Ureidoglycolate dehydrogenase (EC 1.1.1.154)	1.1.1.154	
A0ABT2F0F1	unreviewed	Staphylococcus americanisciuri	Ureidoglycolate dehydrogenase (EC 1.1.1.154)	1.1.1.154	
A0ABT2F0P7	unreviewed	Staphylococcus americanisciuri	Ureidoglycolate dehydrogenase (EC 1.1.1.154)	1.1.1.154	
A0ABT3DM36	unreviewed	Metabacillus halosaccharovorans	Ureidoglycolate dehydrogenase (EC 1.1.1.154)	1.1.1.154	
A0ABT3KRC7	unreviewed	Verminephrobacter aporrectodeae subsp. tuberculatae	Malate/lactate/ureidoglycolate dehydrogenase		
A0ABT3P1S1	unreviewed	Sabulicella glaciei	Malate/lactate/ureidoglycolate dehydrogenase		
A0ABT3ZU12	unreviewed	Robbsia betulipollinis	Malate/lactate/ureidoglycolate dehydrogenase		
A0ABT4E077	unreviewed	Paenibacillus apiarius	Ureidoglycolate dehydrogenase (EC 1.1.1.154)	1.1.1.154	
A0ABT4ET02	unreviewed	Lysinibacillus xylanilyticus	Ureidoglycolate dehydrogenase (EC 1.1.1.154)	1.1.1.154	
A0ABT4GY44	unreviewed	Paenibacillus alvei (Bacillus alvei)	Ureidoglycolate dehydrogenase (EC 1.1.1.154)	1.1.1.154	
A0ABT4HWY9	unreviewed	Brevibacillus halotolerans	Ureidoglycolate dehydrogenase (EC 1.1.1.154)	1.1.1.154	
A0ABT4HXJ7	unreviewed	Brevibacillus halotolerans	Ureidoglycolate dehydrogenase (EC 1.1.1.154)	1.1.1.154	
A0ABT5CJ04	unreviewed	Klebsiella pasteurii	Ureidoglycolate dehydrogenase (EC 1.1.1.154)	1.1.1.154	
A0ABT5CRA6	unreviewed	Klebsiella pasteurii	Malate/lactate/ureidoglycolate dehydrogenase		
A0ABT5I5C0	unreviewed	Vogesella indigofera (Pseudomonas indigofera)	Malate/lactate/ureidoglycolate dehydrogenase		
A0ABT5J127	unreviewed	Vogesella aquatica	Malate/lactate/ureidoglycolate dehydrogenase		
A0ABT5MA29	unreviewed	Curvibacter microcysteis	Malate/lactate/ureidoglycolate dehydrogenase		
A0ABT5MYA5	unreviewed	Curvibacter cyanobacteriorum	Malate/lactate/ureidoglycolate dehydrogenase		
A0ABT6AZS2	unreviewed	Cupriavidus basilensis	Malate/lactate/ureidoglycolate dehydrogenase		
A0ABT6L910	unreviewed	Streptomyces pseudovenezuelae	Ureidoglycolate dehydrogenase (NAD+) (EC 1.1.1.350)	1.1.1.350	
A0ABT6TH78	unreviewed	Cohnella hashimotonis	Ureidoglycolate dehydrogenase (EC 1.1.1.154)	1.1.1.154	
A0ABT6X7F3	unreviewed	Limnohabitans lacus	Malate/lactate/ureidoglycolate dehydrogenase		
A0ABT7NB51	unreviewed	Variovorax dokdonensis	Malate/lactate/ureidoglycolate dehydrogenase		
A0ABT7ZLE4	unreviewed	Planococcus notacanthi	Ureidoglycolate dehydrogenase (EC 1.1.1.154)	1.1.1.154	
A0ABT8AEH6	unreviewed	Paeniroseomonas aquatica	Malate/lactate/ureidoglycolate dehydrogenase		
A0ABT8AQN2	unreviewed	Methylobacterium longum	Malate/lactate/ureidoglycolate dehydrogenase		
A0ABT8E1Q4	unreviewed	Fictibacillus terranigra	Ureidoglycolate dehydrogenase (EC 1.1.1.154)	1.1.1.154	
A0ABT8JT37	unreviewed	Sporosarcina highlanderae	Ureidoglycolate dehydrogenase (EC 1.1.1.154)	1.1.1.154	
A0ABT8JT38	unreviewed	Sporosarcina highlanderae	Ureidoglycolate dehydrogenase (EC 1.1.1.154)	1.1.1.154	
A0ABT8LWH3	unreviewed	Serratia bockelmannii	Malate/lactate/ureidoglycolate dehydrogenase		
A0ABT8NPI2	unreviewed	Burkholderia orbicola	Malate/lactate/ureidoglycolate dehydrogenase		
A0ABT8PD46	unreviewed	Burkholderia metallica	Malate/lactate/ureidoglycolate dehydrogenase		
A0ABT8SD82	unreviewed	Variovorax ginsengisoli	Malate/lactate/ureidoglycolate dehydrogenase		
A0ABT9DIV6	unreviewed	Bacillus cabrialesii subsp. tritici	Ureidoglycolate dehydrogenase (EC 1.1.1.154)	1.1.1.154	
A0ABT9E2V3	unreviewed	Paracraurococcus lichenis	Malate/lactate/ureidoglycolate dehydrogenase		
A0ABT9LPT5	unreviewed	Streptomyces griseoviridis	LDH2 family malate/lactate/ureidoglycolate dehydrogenase		
A0ABT9PPW6	unreviewed	Neorhizobium huautlense	LDH2 family malate/lactate/ureidoglycolate dehydrogenase		
A0ABT9RXM8	unreviewed	Pseudarthrobacter enclensis	LDH2 family malate/lactate/ureidoglycolate dehydrogenase		
A0ABT9TXB0	unreviewed	Paenibacillus harenae	LDH2 family malate/lactate/ureidoglycolate dehydrogenase		
A0ABT9VPM6	unreviewed	Aeribacillus alveayuensis	Ureidoglycolate dehydrogenase (NAD+) (EC 1.1.1.350)	1.1.1.350	
A0ABT9WQF2	unreviewed	Bacillus chungangensis	Ureidoglycolate dehydrogenase (NAD+) (EC 1.1.1.350)	1.1.1.350	
A0ABT9WR54	unreviewed	Bacillus chungangensis	Ureidoglycolate dehydrogenase (NAD+) (EC 1.1.1.350)	1.1.1.350	
A0ABT9WRJ4	unreviewed	Bacillus chungangensis	Ureidoglycolate dehydrogenase (NAD+) (EC 1.1.1.350)	1.1.1.350	
A0ABU0B0D1	unreviewed	Desulfofundulus luciae	LDH2 family malate/lactate/ureidoglycolate dehydrogenase		
A0ABU0BGX5	unreviewed	Ancylobacter polymorphus	LDH2 family malate/lactate/ureidoglycolate dehydrogenase		
A0ABU0BWS7	unreviewed	Pararhizobium capsulatum DSM 1112	LDH2 family malate/lactate/ureidoglycolate dehydrogenase		
A0ABU0BYI3	unreviewed	Pararhizobium capsulatum DSM 1112	LDH2 family malate/lactate/ureidoglycolate dehydrogenase		
A0ABU0CNW5	unreviewed	Caldalkalibacillus uzonensis	LDH2 family malate/lactate/ureidoglycolate dehydrogenase		
A0ABU0CSE6	unreviewed	Caldalkalibacillus uzonensis	LDH2 family malate/lactate/ureidoglycolate dehydrogenase		
A0ABU0DNG5	unreviewed	Ancylobacter vacuolatus	LDH2 family malate/lactate/ureidoglycolate dehydrogenase		
A0ABU0F616	unreviewed	Amycolatopsis thermophila	LDH2 family malate/lactate/ureidoglycolate dehydrogenase		
A0ABU0FLR9	unreviewed	Labrys monachus	LDH2 family malate/lactate/ureidoglycolate dehydrogenase		
A0ABU0GWV3	unreviewed	Planomicrobium stackebrandtii	Ureidoglycolate dehydrogenase (NAD+) (EC 1.1.1.350)	1.1.1.350	
A0ABU0H0Q7	unreviewed	Kaistia dalseonensis	LDH2 family malate/lactate/ureidoglycolate dehydrogenase		
A0ABU0H2U5	unreviewed	Kaistia dalseonensis	LDH2 family malate/lactate/ureidoglycolate dehydrogenase		
A0ABU0HA96	unreviewed	Kaistia dalseonensis	LDH2 family malate/lactate/ureidoglycolate dehydrogenase		
A0ABU0J6W9	unreviewed	Labrys wisconsinensis	LDH2 family malate/lactate/ureidoglycolate dehydrogenase		
A0ABU0JBW9	unreviewed	Labrys wisconsinensis	LDH2 family malate/lactate/ureidoglycolate dehydrogenase		
A0ABU0JEB7	unreviewed	Labrys wisconsinensis	LDH2 family malate/lactate/ureidoglycolate dehydrogenase		
A0ABU0LXF7	unreviewed	Ancylobacter amanitiformis	LDH2 family malate/lactate/ureidoglycolate dehydrogenase		
A0ABU0M5K4	unreviewed	Kaistia geumhonensis	LDH2 family malate/lactate/ureidoglycolate dehydrogenase		
A0ABU0P004	unreviewed	Streptomyces rishiriensis	Ureidoglycolate dehydrogenase (NAD+) (EC 1.1.1.350)	1.1.1.350	
A0ABU0QG87	unreviewed	Streptomyces africanus	LDH2 family malate/lactate/ureidoglycolate dehydrogenase		
A0ABU0UG51	unreviewed	Agrobacterium larrymoorei	LDH2 family malate/lactate/ureidoglycolate dehydrogenase		
A0ABU0V8X4	unreviewed	Bacillus stercoris	Ureidoglycolate dehydrogenase (EC 1.1.1.154)	1.1.1.154	
A0ABU0VN64	unreviewed	Serratia ureilytica	Malate/lactate/ureidoglycolate dehydrogenase		
A0ABU0WL06	unreviewed	Azospirillum isscasi	Malate/lactate/ureidoglycolate dehydrogenase		
A0ABU1DWX9	unreviewed	Escherichia ruysiae	Ureidoglycolate dehydrogenase (EC 1.1.1.154)	1.1.1.154	
A0ABU1DXM6	unreviewed	Escherichia ruysiae	Malate/lactate/ureidoglycolate dehydrogenase		
A0ABU1I331	unreviewed	Microbacterium paludicola	LDH2 family malate/lactate/ureidoglycolate dehydrogenase		
A0ABU1I9A2	unreviewed	Paracidovorax wautersii	LDH2 family malate/lactate/ureidoglycolate dehydrogenase		
A0ABU1JPD6	unreviewed	Inquilinus ginsengisoli	LDH2 family malate/lactate/ureidoglycolate dehydrogenase		
A0ABU1JXQ9	unreviewed	Inquilinus ginsengisoli	LDH2 family malate/lactate/ureidoglycolate dehydrogenase		
A0ABU1M7X5	unreviewed	Brucella pseudogrignonensis	LDH2 family malate/lactate/ureidoglycolate dehydrogenase		
A0ABU1MGF5	unreviewed	Brucella pseudogrignonensis	LDH2 family malate/lactate/ureidoglycolate dehydrogenase		
A0ABU1MZ99	unreviewed	Caulobacter rhizosphaerae	LDH2 family malate/lactate/ureidoglycolate dehydrogenase		
A0ABU1NAG2	unreviewed	Variovorax soli	LDH2 family malate/lactate/ureidoglycolate dehydrogenase		
A0ABU1QSM8	unreviewed	Dyadobacter fermentans	LDH2 family malate/lactate/ureidoglycolate dehydrogenase		
A0ABU1SGV8	unreviewed	Microbacterium resistens	LDH2 family malate/lactate/ureidoglycolate dehydrogenase		
A0ABU1SU03	unreviewed	Martinezella miluonensis	LDH2 family malate/lactate/ureidoglycolate dehydrogenase		
A0ABU1TAX1	unreviewed	Mucilaginibacter pocheonensis	LDH2 family malate/lactate/ureidoglycolate dehydrogenase		
A0ABU1VHS3	unreviewed	Hydrogenophaga laconesensis	LDH2 family malate/lactate/ureidoglycolate dehydrogenase		
A0ABU1ZXY4	unreviewed	Corynebacterium guangdongense	LDH2 family malate/lactate/ureidoglycolate dehydrogenase		
A0ABU2CAP3	unreviewed	Rhodoferax ferrireducens	LDH2 family malate/lactate/ureidoglycolate dehydrogenase		
A0ABU3ETI0	unreviewed	Enterococcus hulanensis	Ureidoglycolate dehydrogenase (EC 1.1.1.154)	1.1.1.154	
A0ABU3F3N8	unreviewed	Enterococcus hulanensis	Ureidoglycolate dehydrogenase (EC 1.1.1.154)	1.1.1.154	
A0ABU3GTA7	unreviewed	Mucilaginibacter terrae	LDH2 family malate/lactate/ureidoglycolate dehydrogenase		
A0ABU3SG35	unreviewed	Allobosea rubneri	Malate/lactate/ureidoglycolate dehydrogenase		
A0ABU3VLT3	unreviewed	Sedimentitalea todarodis	Malate/lactate/ureidoglycolate dehydrogenase		
A0ABU3ZDM0	unreviewed	Photobacterium rosenbergii	Ureidoglycolate dehydrogenase (EC 1.1.1.154)	1.1.1.154	
A0ABU4DY93	unreviewed	Atlantibacter subterraneus	Ureidoglycolate dehydrogenase (EC 1.1.1.154)	1.1.1.154	
A0ABU4E6N1	unreviewed	Atlantibacter subterraneus	Malate/lactate/ureidoglycolate dehydrogenase		
A0ABU4ED95	unreviewed	Dickeya solani	Malate/lactate/ureidoglycolate dehydrogenase		
A0ABU4EGQ9	unreviewed	Dickeya solani	Malate/lactate/ureidoglycolate dehydrogenase		
A0ABU5C8A4	unreviewed	Tigheibacillus halophilus	Ureidoglycolate dehydrogenase (EC 1.1.1.154)	1.1.1.154	
A0ABU5M6X2	unreviewed	Klebsiella planticola (Raoultella planticola)	Malate/lactate/ureidoglycolate dehydrogenase		
A0ABU5WX20	unreviewed	Burkholderia anthinoferrum	Malate/lactate/ureidoglycolate dehydrogenase		
A0ABU6ECN7	unreviewed	Proteus cibi	Ureidoglycolate dehydrogenase (EC 1.1.1.154)	1.1.1.154	
A0ABU6J966	unreviewed	Noviherbaspirillum album	Malate/lactate/ureidoglycolate dehydrogenase		
A0ABU6JAB8	unreviewed	Noviherbaspirillum album	Malate/lactate/ureidoglycolate dehydrogenase		
A0ABU6JLV4	unreviewed	Brenneria populi	Malate/lactate/ureidoglycolate dehydrogenase		
A0ABU6JM31	unreviewed	Brenneria populi	Malate/lactate/ureidoglycolate dehydrogenase		
A0ABU6KI15	unreviewed	Virgibacillus tibetensis	Ureidoglycolate dehydrogenase (EC 1.1.1.154)	1.1.1.154	
A0ABU7LRD9	unreviewed	Hyphobacterium lacteum	Malate/lactate/ureidoglycolate dehydrogenase		
A0ABU7LX91	unreviewed	Hyphobacterium marinum	Malate/lactate/ureidoglycolate dehydrogenase		
A0ABU7TKV3	unreviewed	Methylobacterium oryzae	Malate/lactate/ureidoglycolate dehydrogenase		
A0ABU7ZDR1	unreviewed	Mannheimia indoligenes	Ureidoglycolate dehydrogenase (EC 1.1.1.154)	1.1.1.154	
A0ABU8B3U5	unreviewed	Bradyrhizobium algeriense	LDH2 family malate/lactate/ureidoglycolate dehydrogenase		
A0ABU8BHM3	unreviewed	Bradyrhizobium algeriense	LDH2 family malate/lactate/ureidoglycolate dehydrogenase		
A0ABU8BIL1	unreviewed	Bradyrhizobium algeriense	LDH2 family malate/lactate/ureidoglycolate dehydrogenase		
A0ABU8EZS1	unreviewed	Psychrobacillus mangrovi	Ureidoglycolate dehydrogenase (EC 1.1.1.154)	1.1.1.154	
A0ABU8EZS9	unreviewed	Psychrobacillus mangrovi	Ureidoglycolate dehydrogenase (EC 1.1.1.154)	1.1.1.154	
A0ABU8F104	unreviewed	Psychrobacillus mangrovi	Ureidoglycolate dehydrogenase (EC 1.1.1.154)	1.1.1.154	
A0ABU8IVE0	unreviewed	Paraburkholderia bengalensis	Malate/lactate/ureidoglycolate dehydrogenase		
A0ABU8JWM8	unreviewed	Pectobacterium versatile	Malate/lactate/ureidoglycolate dehydrogenase		
A0ABU8K2R2	unreviewed	Pectobacterium versatile	Malate/lactate/ureidoglycolate dehydrogenase		
A0ABU8PX84	unreviewed	Pantoea nemavictus	Malate/lactate/ureidoglycolate dehydrogenase		
A0ABU8VDL3	unreviewed	Variovorax ureilyticus	Malate/lactate/ureidoglycolate dehydrogenase		
A0ABU8W1Q4	unreviewed	Variovorax humicola	Malate/lactate/ureidoglycolate dehydrogenase		
A0ABU8WID8	unreviewed	Variovorax rhizosphaerae	Malate/lactate/ureidoglycolate dehydrogenase		
A0ABU8X4I5	unreviewed	Variovorax robiniae	Malate/lactate/ureidoglycolate dehydrogenase		
A0ABU8XSI5	unreviewed	Benzoatithermus flavus	Malate/lactate/ureidoglycolate dehydrogenase		
A0ABU8Z272	unreviewed	Klebsiella scottii	Malate/lactate/ureidoglycolate dehydrogenase		
A0ABU9B9B9	unreviewed	Pseudaquabacterium rugosum	Malate/lactate/ureidoglycolate dehydrogenase		
A0ABU9F4M7	unreviewed	Klebsiella lignicola	Malate/lactate/ureidoglycolate dehydrogenase		
A0ABU9QPG6	unreviewed	Paraburkholderia sabiae	Malate/lactate/ureidoglycolate dehydrogenase		
A0ABU9RZG0	unreviewed	Paraburkholderia ferrariae	Malate/lactate/ureidoglycolate dehydrogenase		
A0ABU9S4J7	unreviewed	Paraburkholderia guartelaensis	Malate/lactate/ureidoglycolate dehydrogenase		
A0ABU9UYY4	unreviewed	Phytobacter palmae	Malate/lactate/ureidoglycolate dehydrogenase		
A0ABU9V462	unreviewed	Phytobacter palmae	Malate/lactate/ureidoglycolate dehydrogenase		
A0ABU9WX59	unreviewed	Burkholderia theae	Malate/lactate/ureidoglycolate dehydrogenase		
A0ABU9YSZ4	unreviewed	Tistrella arctica	Malate/lactate/ureidoglycolate dehydrogenase		
A0ABU9ZSZ9	unreviewed	Methylobacterium ajmalii	Malate/lactate/ureidoglycolate dehydrogenase		
A0ABV0EUV7	unreviewed	Candidatus Enterococcus ferrettii	Ureidoglycolate dehydrogenase		
A0ABV1KYE7	unreviewed	Cohnella silvisoli	Ureidoglycolate dehydrogenase (EC 1.1.1.154)	1.1.1.154	
A0ABV1LD21	unreviewed	Proteus genomosp. 6	Ureidoglycolate dehydrogenase (EC 1.1.1.154)	1.1.1.154	
A0ABV1LT89	unreviewed	Paraburkholderia acidicola	Malate/lactate/ureidoglycolate dehydrogenase		
A0ABV1ML29	unreviewed	Lysinibacillus zambalensis	Ureidoglycolate dehydrogenase (EC 1.1.1.154)	1.1.1.154	
A0ABV1P646	unreviewed	Pectobacterium polonicum	Malate/lactate/ureidoglycolate dehydrogenase		
A0ABV1P8U1	unreviewed	Pectobacterium polonicum	Malate/lactate/ureidoglycolate dehydrogenase		
A0ABV2CEM2	unreviewed	Burkholderia sola	Malate/lactate/ureidoglycolate dehydrogenase		
A0ABV2DTM4	unreviewed	Pantoea leporis	Malate/lactate/ureidoglycolate dehydrogenase		
A0ABV2E8U9	unreviewed	Salinicoccus halitifaciens	Ureidoglycolate dehydrogenase (NAD+) (EC 1.1.1.350)	1.1.1.350	
A0ABV2GPW6	unreviewed	Mesorhizobium robiniae	LDH2 family malate/lactate/ureidoglycolate dehydrogenase		
A0ABV2GXQ7	unreviewed	Mesorhizobium robiniae	LDH2 family malate/lactate/ureidoglycolate dehydrogenase		
A0ABV2H0V1	unreviewed	Pseudorhizobium tarimense	LDH2 family malate/lactate/ureidoglycolate dehydrogenase		
A0ABV2H294	unreviewed	Pseudorhizobium tarimense	LDH2 family malate/lactate/ureidoglycolate dehydrogenase		
A0ABV2H2C7	unreviewed	Pseudorhizobium tarimense	LDH2 family malate/lactate/ureidoglycolate dehydrogenase		
A0ABV2H2L8	unreviewed	Pseudorhizobium tarimense	LDH2 family malate/lactate/ureidoglycolate dehydrogenase		
A0ABV2HD50	unreviewed	Pseudorhizobium tarimense	LDH2 family malate/lactate/ureidoglycolate dehydrogenase		
A0ABV2HD58	unreviewed	Pseudorhizobium tarimense	LDH2 family malate/lactate/ureidoglycolate dehydrogenase		
A0ABV2ICW1	unreviewed	Martelella mangrovi	LDH2 family malate/lactate/ureidoglycolate dehydrogenase		
A0ABV2KJC2	unreviewed	Aquamicrobium ahrensii	LDH2 family malate/lactate/ureidoglycolate dehydrogenase		
A0ABV2KQA0	unreviewed	Aquamicrobium ahrensii	LDH2 family malate/lactate/ureidoglycolate dehydrogenase		
A0ABV2M0S3	unreviewed	Blautia caecimuris	LDH2 family malate/lactate/ureidoglycolate dehydrogenase		
A0ABV2PGD8	unreviewed	Lysinibacillus parviboronicapiens	Ureidoglycolate dehydrogenase (NAD+) (EC 1.1.1.350)	1.1.1.350	
A0ABV2QE24	unreviewed	Ottowia thiooxydans	LDH2 family malate/lactate/ureidoglycolate dehydrogenase		
A0ABV2R1H9	unreviewed	Kaistia defluvii	Ureidoglycolate dehydrogenase (NAD+) (EC 1.1.1.350)	1.1.1.350	
A0ABV2RM68	unreviewed	Bradyrhizobium japonicum	LDH2 family malate/lactate/ureidoglycolate dehydrogenase		
A0ABV2S5L8	unreviewed	Bradyrhizobium japonicum	LDH2 family malate/lactate/ureidoglycolate dehydrogenase		
A0ABV3M8K2	unreviewed	Enterococcus entomosocium	Ureidoglycolate dehydrogenase (EC 1.1.1.154)	1.1.1.154	
A0ABV3M8L2	unreviewed	Enterococcus entomosocium	Ureidoglycolate dehydrogenase (EC 1.1.1.154)	1.1.1.154	
A0ABV3UDM9	unreviewed	Serratia quinivorans	Malate/lactate/ureidoglycolate dehydrogenase		
A0ABV3W6Z5	unreviewed	Paraburkholderia phenoliruptrix	Malate/lactate/ureidoglycolate dehydrogenase		
A0ABV3XX03	unreviewed	Rhodovulum iodosum	Ureidoglycolate dehydrogenase (NAD+)		
A0ABV4ESR2	unreviewed	Bradyrhizobium elkanii	LDH2 family malate/lactate/ureidoglycolate dehydrogenase		
A0ABV4FMH1	unreviewed	Bradyrhizobium ottawaense	LDH2 family malate/lactate/ureidoglycolate dehydrogenase		
A0ABV4G9T5	unreviewed	Bradyrhizobium yuanmingense	LDH2 family malate/lactate/ureidoglycolate dehydrogenase		
A0ABV5AI47	unreviewed	Alicyclobacillus fastidiosus	Ureidoglycolate dehydrogenase (EC 1.1.1.154)	1.1.1.154	
A0ABV6C7N5	unreviewed	Thorsellia kenyensis	Ureidoglycolate dehydrogenase (EC 1.1.1.154)	1.1.1.154	
A0ABV6C8D6	unreviewed	Thorsellia kenyensis	Ureidoglycolate dehydrogenase (EC 1.1.1.154)	1.1.1.154	
A0ABV6ECX4	unreviewed	Serratia aquatilis	Ureidoglycolate dehydrogenase (EC 1.1.1.154)	1.1.1.154	
A0ABV6EE43	unreviewed	Serratia aquatilis	Ureidoglycolate dehydrogenase (EC 1.1.1.154)	1.1.1.154	
A0ABV6ENZ6	unreviewed	Rhodopseudomonas telluris	Malate/lactate/ureidoglycolate dehydrogenase		
A0ABV6GFZ2	unreviewed	Metabacillus herbersteinensis	Ureidoglycolate dehydrogenase (EC 1.1.1.154)	1.1.1.154	
A0ABV6JF60	unreviewed	Paenibacillus mendelii	Ureidoglycolate dehydrogenase (EC 1.1.1.154)	1.1.1.154	
A0ABV6JTG0	unreviewed	Roseomonas elaeocarpi	Malate/lactate/ureidoglycolate dehydrogenase		
A0ABV6KC72	unreviewed	Halalkalibacter kiskunsagensis	Ureidoglycolate dehydrogenase (EC 1.1.1.154)	1.1.1.154	
A0ABV6NKV3	unreviewed	Halalkalibacter alkalisediminis	Ureidoglycolate dehydrogenase (EC 1.1.1.154)	1.1.1.154	
A0ABV6Y636	unreviewed	Microvirga arabica	Malate/lactate/ureidoglycolate dehydrogenase		
A0ABV6ZZE7	unreviewed	Hyphobacterium vulgare	Malate/lactate/ureidoglycolate dehydrogenase		
A0ABV7BXX4	unreviewed	Falsiroseomonas tokyonensis	Malate/lactate/ureidoglycolate dehydrogenase		
A0ABV7G2V8	unreviewed	Teichococcus globiformis	Malate/lactate/ureidoglycolate dehydrogenase		
A0ABV7L9H2	unreviewed	Marinibaculum pumilum	Malate/lactate/ureidoglycolate dehydrogenase		
A0ABV7UE59	unreviewed	Camelimonas fluminis	Malate/lactate/ureidoglycolate dehydrogenase		
A0ABV7VAK9	unreviewed	Ferrovibrio xuzhouensis	Malate/lactate/ureidoglycolate dehydrogenase		
A0ABV8H2T2	unreviewed	Oceanobacillus longus	Ureidoglycolate dehydrogenase (EC 1.1.1.154)	1.1.1.154	
A0ABV8UUY0	unreviewed	Chryseomicrobium palamuruense	Ureidoglycolate dehydrogenase (EC 1.1.1.154)	1.1.1.154	
A0ABV9KE58	unreviewed	Seohaeicola nanhaiensis	Malate/lactate/ureidoglycolate dehydrogenase		
A0ABW0F6B6	unreviewed	Allobosea minatitlanensis	Malate/lactate/ureidoglycolate dehydrogenase		
A0ABW0G1B9	unreviewed	Azospirillum himalayense	Malate/lactate/ureidoglycolate dehydrogenase		
A0ABW0H5P4	unreviewed	Allobosea vestrisii	Malate/lactate/ureidoglycolate dehydrogenase		
A0ABW0IM32	unreviewed	Allobosea eneae	Malate/lactate/ureidoglycolate dehydrogenase		
A0ABW0NMX3	unreviewed	Caenimonas terrae	Malate/lactate/ureidoglycolate dehydrogenase		
A0ABW0PB82	unreviewed	Allobosea massiliensis	Malate/lactate/ureidoglycolate dehydrogenase		
A0ABW0Q767	unreviewed	Polaromonas jejuensis	Malate/lactate/ureidoglycolate dehydrogenase		
A0ABW0TG46	unreviewed	Sporosarcina soli	Ureidoglycolate dehydrogenase (EC 1.1.1.154)	1.1.1.154	
A0ABW0THG7	unreviewed	Sporosarcina soli	Ureidoglycolate dehydrogenase (EC 1.1.1.154)	1.1.1.154	
A0ABW0TJK0	unreviewed	Sporosarcina soli	Ureidoglycolate dehydrogenase (EC 1.1.1.154)	1.1.1.154	
A0ABW0TZL3	unreviewed	Sporosarcina koreensis	Ureidoglycolate dehydrogenase (EC 1.1.1.154)	1.1.1.154	
A0ABW0U0X3	unreviewed	Sporosarcina koreensis	Ureidoglycolate dehydrogenase (EC 1.1.1.154)	1.1.1.154	
A0ABW1PY58	unreviewed	Citrobacter bitternis	Malate/lactate/ureidoglycolate dehydrogenase		
A0ABW1Q2F5	unreviewed	Citrobacter bitternis	Malate/lactate/ureidoglycolate dehydrogenase		
A0ABW2K004	unreviewed	Halobacillus campisalis	Ureidoglycolate dehydrogenase (EC 1.1.1.154)	1.1.1.154	
A0ABW2PU90	unreviewed	Scopulibacillus cellulosilyticus	Ureidoglycolate dehydrogenase (EC 1.1.1.154)	1.1.1.154	
A0ABW3NBH0	unreviewed	Oceanobacillus locisalsi	Ureidoglycolate dehydrogenase (EC 1.1.1.154)	1.1.1.154	
A0ABW3NDG3	unreviewed	Oceanobacillus locisalsi	Ureidoglycolate dehydrogenase (EC 1.1.1.154)	1.1.1.154	
A0ABW3NDL9	unreviewed	Oceanobacillus locisalsi	Ureidoglycolate dehydrogenase (EC 1.1.1.154)	1.1.1.154	
A0ABW3T7I5	unreviewed	Seohaeicola saemankumensis	Malate/lactate/ureidoglycolate dehydrogenase		
A0ABW3VJH1	unreviewed	Pseudonocardia benzenivorans	Malate/lactate/ureidoglycolate dehydrogenase		
A0ABW4CDY7	unreviewed	Kroppenstedtia sanguinis	Ureidoglycolate dehydrogenase (EC 1.1.1.154)	1.1.1.154	
A0ABW4D7A7	unreviewed	Paenibacillus farraposensis	Ureidoglycolate dehydrogenase (EC 1.1.1.154)	1.1.1.154	
A0ABW4ENI2	unreviewed	Pseudonocardia yunnanensis	Malate/lactate/ureidoglycolate dehydrogenase		
A0ABW4FXE4	unreviewed	Pseudonocardia aurantiaca	Malate/lactate/ureidoglycolate dehydrogenase		
A0ABW4HP05	unreviewed	Oceanobacillus luteolus	Ureidoglycolate dehydrogenase (EC 1.1.1.154)	1.1.1.154	
A0ABW4HPZ2	unreviewed	Oceanobacillus luteolus	Ureidoglycolate dehydrogenase (EC 1.1.1.154)	1.1.1.154	
A0ABW4NIX7	unreviewed	Carnobacterium antarcticum	Ureidoglycolate dehydrogenase (EC 1.1.1.154)	1.1.1.154	
A0ABW4NL56	unreviewed	Carnobacterium antarcticum	Ureidoglycolate dehydrogenase (EC 1.1.1.154)	1.1.1.154	
A0ABW4QLR1	unreviewed	Planococcus chinensis	Ureidoglycolate dehydrogenase (EC 1.1.1.154)	1.1.1.154	
A0ABW5X0J8	unreviewed	Corticicoccus populi	Ureidoglycolate dehydrogenase (EC 1.1.1.154)	1.1.1.154	
A0ABW7KYT1	unreviewed	Burkholderia semiarida	Malate/lactate/ureidoglycolate dehydrogenase		
A0ABW7PTV9	unreviewed	Pantoea osteomyelitidis	Malate/lactate/ureidoglycolate dehydrogenase		
A0ABW8G8D2	unreviewed	Pectobacterium actinidiae	Malate/lactate/ureidoglycolate dehydrogenase		
A0ABW8GEG0	unreviewed	Pectobacterium actinidiae	Malate/lactate/ureidoglycolate dehydrogenase		
A0ABW8GPL2	unreviewed	Pectobacterium jejuense	Malate/lactate/ureidoglycolate dehydrogenase		
A0ABW8GQQ7	unreviewed	Pectobacterium jejuense	Malate/lactate/ureidoglycolate dehydrogenase		
A0ABW8ID94	unreviewed	Bacillus lumedeiriae	Ureidoglycolate dehydrogenase (EC 1.1.1.154)	1.1.1.154	
A0ABW8QI95	unreviewed	Serratia sarumanii	Malate/lactate/ureidoglycolate dehydrogenase		
A0ABW8R8Z3	unreviewed	Bacillus salipaludis	Ureidoglycolate dehydrogenase (EC 1.1.1.154)	1.1.1.154	
A0ABW8R8Z9	unreviewed	Bacillus salipaludis	Ureidoglycolate dehydrogenase (EC 1.1.1.154)	1.1.1.154	
A0ABW9B0F6	unreviewed	Paraburkholderia dipogonis	Malate/lactate/ureidoglycolate dehydrogenase		
A0ABW9C9A1	unreviewed	Paraburkholderia strydomiana	Malate/lactate/ureidoglycolate dehydrogenase		
A0ABW9CUW4	unreviewed	Caballeronia jiangsuensis	Malate/lactate/ureidoglycolate dehydrogenase		
A0ABW9E443	unreviewed	Paraburkholderia metrosideri	Malate/lactate/ureidoglycolate dehydrogenase		
A0ABW9EFU3	unreviewed	Paraburkholderia strydomiana	Malate/lactate/ureidoglycolate dehydrogenase		
A0ABW9F4M6	unreviewed	Helcococcus bovis	Ureidoglycolate dehydrogenase (EC 1.1.1.154)	1.1.1.154	
A0ABX0QSI4	unreviewed	Candidatus Pantoea formicae	Malate/lactate/ureidoglycolate dehydrogenase		
A0ABX0QYQ8	unreviewed	Candidatus Pantoea formicae	Ureidoglycolate dehydrogenase (EC 1.1.1.154)	1.1.1.154	
A0ABX0RNR0	unreviewed	Candidatus Pantoea communis	Malate/lactate/ureidoglycolate dehydrogenase		
A0ABX0SFN4	unreviewed	Brooklawnia cerclae	LDH2 family malate/lactate/ureidoglycolate dehydrogenase		
A0ABX0SPJ0	unreviewed	Amycolatopsis viridis	LDH2 family malate/lactate/ureidoglycolate dehydrogenase		
A0ABX0UG48	unreviewed	Dyadobacter arcticus	LDH2 family malate/lactate/ureidoglycolate dehydrogenase		
A0ABX0UZA8	unreviewed	Pseudochelatococcus lubricantis	LDH2 family malate/lactate/ureidoglycolate dehydrogenase		
A0ABX0V6H9	unreviewed	Pseudochelatococcus lubricantis	LDH2 family malate/lactate/ureidoglycolate dehydrogenase		
A0ABX1E5R8	unreviewed	Falsiroseomonas selenitidurans	Malate/lactate/ureidoglycolate dehydrogenase		
A0ABX1EUA7	unreviewed	Falsiroseomonas frigidaquae	Malate/lactate/ureidoglycolate dehydrogenase		
A0ABX1HID5	unreviewed	Hymenobacter artigasi	LDH2 family malate/lactate/ureidoglycolate dehydrogenase		
A0ABX1RBY3	unreviewed	Pseudonocardia xinjiangensis	Malate/lactate/ureidoglycolate dehydrogenase		
A0ABX1T4K9	unreviewed	Pelagibacter ubique	LDH2 family malate/lactate/ureidoglycolate dehydrogenase		
A0ABX1VU31	unreviewed	Lacrimispora defluvii	Ureidoglycolate dehydrogenase (EC 1.1.1.154)	1.1.1.154	
A0ABX2CFH3	unreviewed	Bradyrhizobium aeschynomenes	Malate/lactate/ureidoglycolate dehydrogenase		
A0ABX2FLZ8	unreviewed	Hymenobacter caeli	LDH2 family malate/lactate/ureidoglycolate dehydrogenase		
A0ABX2KMK0	unreviewed	Azospirillum melinis	Malate/lactate/ureidoglycolate dehydrogenase		
A0ABX2KNV0	unreviewed	Azospirillum melinis	Malate/lactate/ureidoglycolate dehydrogenase		
A0ABX2KZB4	unreviewed	Azospirillum formosense	Malate/lactate/ureidoglycolate dehydrogenase		
A0ABX2TIX8	unreviewed	Azospirillum oleiclasticum	Malate/lactate/ureidoglycolate dehydrogenase		
A0ABX3CL36	unreviewed	Cytobacillus oceanisediminis	Ureidoglycolate dehydrogenase		
A0ABX3I4J3	unreviewed	Bacillus haynesii	Ureidoglycolate dehydrogenase		
A0ABX3UHU8	unreviewed	Kluyvera intermedia (Enterobacter intermedius)	Malate/lactate/ureidoglycolate dehydrogenase		
A0ABX4SP37	unreviewed	Pantoea endophytica	Malate/lactate/ureidoglycolate dehydrogenase		
A0ABX4V492	unreviewed	Paraburkholderia rhynchosiae	Malate/lactate/ureidoglycolate dehydrogenase		
A0ABX4XRA3	unreviewed	Paenilisteria newyorkensis	Ureidoglycolate dehydrogenase		
A0ABX4XT52	unreviewed	Paenilisteria newyorkensis	Ureidoglycolate dehydrogenase		
A0ABX5HND1	unreviewed	Escherichia albertii	Malate/lactate/ureidoglycolate dehydrogenase		
A0ABX5IK47	unreviewed	Staphylococcus succinus	Ureidoglycolate dehydrogenase		
A0ABX5K858	unreviewed	Paraburkholderia unamae	LDH2 family malate/lactate/ureidoglycolate dehydrogenase		
A0ABX5KEK5	unreviewed	Paraburkholderia unamae	LDH2 family malate/lactate/ureidoglycolate dehydrogenase		
A0ABX5KVZ7	unreviewed	Paraburkholderia unamae	LDH2 family malate/lactate/ureidoglycolate dehydrogenase		
A0ABX5MIZ2	unreviewed	Paraburkholderia tropica	LDH2 family malate/lactate/ureidoglycolate dehydrogenase		
A0ABX5MSD7	unreviewed	Paraburkholderia tropica	LDH2 family malate/lactate/ureidoglycolate dehydrogenase		
A0ABX5T1P5	unreviewed	Citrobacter tructae	Malate/lactate/ureidoglycolate dehydrogenase		
A0ABX5VEL2	unreviewed	Sutterella faecalis	Malate/lactate/ureidoglycolate dehydrogenase		
A0ABX5W3E5	unreviewed	Bradyrhizobium symbiodeficiens	Malate/lactate/ureidoglycolate dehydrogenase		
A0ABX6GH45	unreviewed	Serratia rhizosphaerae	Malate/lactate/ureidoglycolate dehydrogenase		
A0ABX6JMR3	unreviewed	Proteus terrae subsp. cibarius	Ureidoglycolate dehydrogenase (EC 1.1.1.154)	1.1.1.154	
A0ABX6L1R7	unreviewed	Pectobacterium punjabense	Malate/lactate/ureidoglycolate dehydrogenase		
A0ABX7B946	unreviewed	Skermanella cutis	Malate/lactate/ureidoglycolate dehydrogenase		
A0ABX7UR41	unreviewed	Brenneria izadpanahii	Malate/lactate/ureidoglycolate dehydrogenase		
A0ABX8AAU4	unreviewed	Tardiphaga alba	Malate/lactate/ureidoglycolate dehydrogenase		
A0ABX8UGP7	unreviewed	Paraburkholderia edwinii	Malate/lactate/ureidoglycolate dehydrogenase		
A0ABX8VRX8	unreviewed	Dickeya zeae	Malate/lactate/ureidoglycolate dehydrogenase		
A0ABX9AY26	unreviewed	Symbiopectobacterium purcellii	Malate/lactate/ureidoglycolate dehydrogenase		
A0ABX9FZG2	unreviewed	Pseudocitrobacter faecalis	LDH2 family malate/lactate/ureidoglycolate dehydrogenase		
A0ABX9G7K1	unreviewed	Achromobacter marplatensis	LDH2 family malate/lactate/ureidoglycolate dehydrogenase		
A0ABX9GBH1	unreviewed	Achromobacter marplatensis	Ureidoglycolate dehydrogenase (NAD+)		
A0ABX9WYV1	unreviewed	Dickeya undicola	Malate/lactate/ureidoglycolate dehydrogenase		
A0ABX9YF44	unreviewed	Burkholderia stagnalis	Malate/lactate/ureidoglycolate dehydrogenase		
A0ABY0A4E1	unreviewed	Variovorax beijingensis	Malate/lactate/ureidoglycolate dehydrogenase		
A0ABY0DM69	unreviewed	Bradyrhizobium zhanjiangense	Malate/lactate/ureidoglycolate dehydrogenase		
A0ABY0JUG5	unreviewed	Citrobacter europaeus	Ureidoglycolate dehydrogenase (EC 1.1.1.154)	1.1.1.154	
A0ABY0Q9K5	unreviewed	Bradyrhizobium ottawaense	Malate/lactate/ureidoglycolate dehydrogenase, LDH2 family		
A0ABY1BP55	unreviewed	Pseudomonas cuatrocienegasensis	Malate/lactate/ureidoglycolate dehydrogenase, LDH2 family		
A0ABY1C305	unreviewed	Lacrimispora sphenoides JCM 1415	Ureidoglycolate dehydrogenase (NAD+)		
A0ABY1CBK3	unreviewed	Lacrimispora sphenoides JCM 1415	Malate/lactate/ureidoglycolate dehydrogenase, LDH2 family		
A0ABY1I3N5	unreviewed	Thalassobacter stenotrophicus DSM 16310	Malate/lactate/ureidoglycolate dehydrogenase, LDH2 family		
A0ABY1IIB6	unreviewed	Aureimonas altamirensis DSM 21988	Malate/lactate/ureidoglycolate dehydrogenase, LDH2 family		
A0ABY1IJP7	unreviewed	Aureimonas altamirensis DSM 21988	Malate/lactate/ureidoglycolate dehydrogenase, LDH2 family		
A0ABY1IKZ2	unreviewed	Thalassobacter stenotrophicus DSM 16310	Malate/lactate/ureidoglycolate dehydrogenase, LDH2 family		
A0ABY1IRC8	unreviewed	Aureimonas altamirensis DSM 21988	Malate/lactate/ureidoglycolate dehydrogenase, LDH2 family		
A0ABY1P8V9	unreviewed	Shimia sagamensis	Malate/lactate/ureidoglycolate dehydrogenase, LDH2 family		
A0ABY2B7E6	unreviewed	Kribbella orskensis	LDH2 family malate/lactate/ureidoglycolate dehydrogenase		
A0ABY2BTM2	unreviewed	Kribbella orskensis	LDH2 family malate/lactate/ureidoglycolate dehydrogenase		
A0ABY2FL13	unreviewed	Kribbella pratensis	LDH2 family malate/lactate/ureidoglycolate dehydrogenase		
A0ABY2PTK3	unreviewed	Citrobacter murliniae	Malate/lactate/ureidoglycolate dehydrogenase		
A0ABY2SHL4	unreviewed	Martelella alba	Malate/lactate/ureidoglycolate dehydrogenase		
A0ABY2SIT7	unreviewed	Martelella alba	Malate/lactate/ureidoglycolate dehydrogenase		
A0ABY2ZVZ6	unreviewed	Pantoea dispersa	Malate/lactate/ureidoglycolate dehydrogenase		
A0ABY3FUJ8	unreviewed	Bacillus paralicheniformis	Ureidoglycolate dehydrogenase		
A0ABY3FUW7	unreviewed	Bacillus paralicheniformis	Ureidoglycolate dehydrogenase (NAD(+))		
A0ABY3QUR8	unreviewed	Bradyrhizobium barranii	Malate/lactate/ureidoglycolate dehydrogenase		
A0ABY3QW55	unreviewed	Bradyrhizobium barranii	Malate/lactate/ureidoglycolate dehydrogenase		
A0ABY3RHQ2	unreviewed	Bradyrhizobium ontarionense	Malate/lactate/ureidoglycolate dehydrogenase		
A0ABY4AHE9	unreviewed	Orrella daihaiensis	Malate/lactate/ureidoglycolate dehydrogenase		
A0ABY4H3K4	unreviewed	Halobacillus shinanisalinarum	Ureidoglycolate dehydrogenase (EC 1.1.1.154)	1.1.1.154	
A0ABY4VMK0	unreviewed	Cupriavidus gilardii	Malate/lactate/ureidoglycolate dehydrogenase		
A0ABY4W2Y0	unreviewed	Sneathiella marina	Malate/lactate/ureidoglycolate dehydrogenase		
A0ABY5JRC6	unreviewed	Oceanobacillus jeddahense	Ureidoglycolate dehydrogenase (EC 1.1.1.154)	1.1.1.154	
A0ABY5P9P5	unreviewed	Fundicoccus culcitae	Ureidoglycolate dehydrogenase (EC 1.1.1.154)	1.1.1.154	
A0ABY5SK40	unreviewed	Paenibacillus spongiae	Ureidoglycolate dehydrogenase (EC 1.1.1.154)	1.1.1.154	
A0ABY6VHW0	unreviewed	Klebsiella spallanzanii	Ureidoglycolate dehydrogenase (NAD(+))		
A0ABY7I5S0	unreviewed	Bacillus halotolerans	Ureidoglycolate dehydrogenase (EC 1.1.1.154)	1.1.1.154	
A0ABY7MSH3	unreviewed	Bradyrhizobium xenonodulans	Malate/lactate/ureidoglycolate dehydrogenase		
A0ABY8G987	unreviewed	Dickeya lacustris	Malate/lactate/ureidoglycolate dehydrogenase		
A0ABY8IWK8	unreviewed	Halobacillus naozhouensis	Ureidoglycolate dehydrogenase (EC 1.1.1.154)	1.1.1.154	
A0ABY8JBH2	unreviewed	Bradyrhizobium brasilense	Malate/lactate/ureidoglycolate dehydrogenase		
A0ABY8KEP8	unreviewed	Lysinibacillus capsici	Ureidoglycolate dehydrogenase (EC 1.1.1.154)	1.1.1.154	
A0ABY8YBV6	unreviewed	Proteus appendicitidis	Ureidoglycolate dehydrogenase (EC 1.1.1.154)	1.1.1.154	
A0ABY9KT40	unreviewed	Aciduricibacillus chroicocephali	Ureidoglycolate dehydrogenase (EC 1.1.1.154)	1.1.1.154	
A0ABY9PRE7	unreviewed	Serratia fonticola	Ureidoglycolate dehydrogenase (EC 1.1.1.154)	1.1.1.154	
A0ABY9T134	unreviewed	Brevibacillus brevis (Bacillus brevis)	Ureidoglycolate dehydrogenase (EC 1.1.1.154)	1.1.1.154	
A0ABZ0GY07	unreviewed	Citrobacter portucalensis	Malate/lactate/ureidoglycolate dehydrogenase		
A0ABZ0KY04	unreviewed	Sporosarcina jeotgali	Ureidoglycolate dehydrogenase (EC 1.1.1.154)	1.1.1.154	
A0ABZ0PDL0	unreviewed	Sediminicoccus rosea	Malate/lactate/ureidoglycolate dehydrogenase		
A0ABZ0PJ40	unreviewed	Sediminicoccus rosea	Malate/lactate/ureidoglycolate dehydrogenase		
A0ABZ0WQI5	unreviewed	Paraburkholderia kururiensis	Malate/lactate/ureidoglycolate dehydrogenase		
A0ABZ2CXY7	unreviewed	Shouchella rhizosphaerae	Ureidoglycolate dehydrogenase (EC 1.1.1.154)	1.1.1.154	
A0ABZ2G7B2	unreviewed	Pectobacterium cacticida	Malate/lactate/ureidoglycolate dehydrogenase		
A0ABZ2MXK1	unreviewed	Metabacillus rhizosphaerae	Ureidoglycolate dehydrogenase (EC 1.1.1.154)	1.1.1.154	
A0ABZ2SLK0	unreviewed	Candidatus Enterococcus lowellii	Ureidoglycolate dehydrogenase		
A0ABZ2SLW5	unreviewed	Candidatus Enterococcus lowellii	Ureidoglycolate dehydrogenase		
A0ABZ2T458	unreviewed	Candidatus Enterococcus lemimoniae	Ureidoglycolate dehydrogenase		
A0ABZ2T493	unreviewed	Candidatus Enterococcus lemimoniae	Ureidoglycolate dehydrogenase		
A0ABZ2WEP9	unreviewed	Staphylococcus casei	Ureidoglycolate dehydrogenase (EC 1.1.1.154)	1.1.1.154	
A0ABZ2WEX3	unreviewed	Staphylococcus casei	Ureidoglycolate dehydrogenase (EC 1.1.1.154)	1.1.1.154	
A0ABZ2ZH76	unreviewed	Cytobacillus pseudoceanisediminis	Ureidoglycolate dehydrogenase (EC 1.1.1.154)	1.1.1.154	
A0ABZ3B8B9	unreviewed	Kosakonia calanthes	Malate/lactate/ureidoglycolate dehydrogenase		
A0ABZ3BQF5	unreviewed	Burkholderia pyrrocinia (Pseudomonas pyrrocinia)	Malate/lactate/ureidoglycolate dehydrogenase		
A0ABZ3BXE6	unreviewed	Ignatzschineria larvae DSM 13226	Ureidoglycolate dehydrogenase (EC 1.1.1.154)	1.1.1.154	
A0ABZ3EJ19	unreviewed	Proteus faecis	Ureidoglycolate dehydrogenase (EC 1.1.1.154)	1.1.1.154	
A0ABZ3INC1	unreviewed	Sporomusa silvacetica DSM 10669	Ureidoglycolate dehydrogenase (NAD(+)) (EC 1.1.1.350)	1.1.1.350	
A0ACA8Z802	unreviewed	Kyrpidia spormannii	Malate/lactate/ureidoglycolate dehydrogenase, LDH2 family		
A0ACB5QXH4	unreviewed	Caballeronia novacaledonica	Malate/lactate/ureidoglycolate dehydrogenase		
A0ACC5RJH3	unreviewed	Enterobacter agglomerans (Erwinia herbicola) (Pantoea agglomerans)	Malate/lactate/ureidoglycolate dehydrogenase		
A0ACC5SSM8	unreviewed	Ensifer adhaerens (Sinorhizobium morelense)	LDH2 family malate/lactate/ureidoglycolate dehydrogenase		
A0ACC6KYV7	unreviewed	Pedobacter africanus	LDH2 family malate/lactate/ureidoglycolate dehydrogenase		
A0ACC6P8W0	unreviewed	Saccharibacillus sacchari	Ureidoglycolate dehydrogenase (EC 1.1.1.154)	1.1.1.154	
A0ACC6RE20	unreviewed	Paraburkholderia unamae	Malate/lactate/ureidoglycolate dehydrogenase		
A0ACC6TVZ2	unreviewed	Paraburkholderia phymatum	Malate/lactate/ureidoglycolate dehydrogenase		
A0ACC7NFH4	unreviewed	Paraburkholderia rhynchosiae	Malate/lactate/ureidoglycolate dehydrogenase		
A0ACD3V6D7	unreviewed	Bradyrhizobium quebecense	Malate/lactate/ureidoglycolate dehydrogenase		
A0ACD4A2N2	unreviewed	Bacillus rugosus	Ureidoglycolate dehydrogenase (EC 1.1.1.154)	1.1.1.154	
A0ACD4AUH0	unreviewed	Klebsiella africana	Malate/lactate/ureidoglycolate dehydrogenase		
A0ACD6T9D0	unreviewed	Enterococcus faecalis (strain ATCC 47077 / OG1RF)	Ureidoglycolate dehydrogenase (EC 1.1.1.154)	1.1.1.154	
A0ACD7F6R2	unreviewed	Klebsiella variicola	Malate/lactate/ureidoglycolate dehydrogenase		
A0ACD8BIE8	unreviewed	Klebsiella michiganensis	Malate/lactate/ureidoglycolate dehydrogenase		
A0ACD8BL91	unreviewed	Klebsiella michiganensis	Malate/lactate/ureidoglycolate dehydrogenase		
A0ACE0BGI2	unreviewed	Streptomyces misionensis JCM 4497	Malate/lactate/ureidoglycolate dehydrogenase, LDH2 family		
A0ACE2NIN1	unreviewed	Bordetella sputigena	Ureidoglycolate dehydrogenase		
A0ACE2Q7Q2	unreviewed	Bordetella tumulicola	Ureidoglycolate dehydrogenase		
A0ACE2QF79	unreviewed	Mesobacillus thioparans	Ureidoglycolate dehydrogenase		
A0ACE2RXL5	unreviewed	Bordetella tumulicola	Malate/lactate/ureidoglycolate dehydrogenase, LDH2 family		
A0ACE7TBY1	unreviewed	Cupriavidus pauculus	Malate/lactate/ureidoglycolate dehydrogenase		
A0ACE8QLW0	unreviewed	Bradyrhizobium liaoningense	Malate/lactate/ureidoglycolate dehydrogenase		
A0ACE8QTH6	unreviewed	Bradyrhizobium liaoningense	Malate/lactate/ureidoglycolate dehydrogenase		
A0ACG1WHH6	unreviewed	Bradyrhizobium liaoningense	Malate/lactate/ureidoglycolate dehydrogenase		
A0ACG2GPF6	unreviewed	Providencia alcalifaciens	Ureidoglycolate dehydrogenase (NAD+) (EC 1.1.1.350)	1.1.1.350	
A0ACG2M199	unreviewed	Variovorax saccharolyticus	Malate/lactate/ureidoglycolate dehydrogenase		
A0ACG2MIV7	unreviewed	Variovorax arabinosiphilus	Malate/lactate/ureidoglycolate dehydrogenase		
A0ACG2NB41	unreviewed	Zwartia panacis	Malate/lactate/ureidoglycolate dehydrogenase		
A0ACG2NKM9	unreviewed	Variovorax boronicumulans	LDH2 family malate/lactate/ureidoglycolate dehydrogenase		
A0ACG2P8H3	unreviewed	Variovorax boronicumulans	LDH2 family malate/lactate/ureidoglycolate dehydrogenase		
A0ACG2PBD5	unreviewed	Variovorax boronicumulans	LDH2 family malate/lactate/ureidoglycolate dehydrogenase		
A0ACG2PT77	unreviewed	Variovorax boronicumulans	LDH2 family malate/lactate/ureidoglycolate dehydrogenase		
A0ACG2Q4X1	unreviewed	Pseudomonas lini	LDH2 family malate/lactate/ureidoglycolate dehydrogenase		
A0ACG2Q7Z4	unreviewed	Pseudomonas lini	LDH2 family malate/lactate/ureidoglycolate dehydrogenase		
A0ACG2QYA8	unreviewed	Streptomyces canus	LDH2 family malate/lactate/ureidoglycolate dehydrogenase		
A0ACG2RQM7	unreviewed	Streptomyces canus	LDH2 family malate/lactate/ureidoglycolate dehydrogenase		
A0ACG2TB16	unreviewed	Neobacillus niacini	LDH2 family malate/lactate/ureidoglycolate dehydrogenase		
A0ACG2TBE4	unreviewed	Neobacillus niacini	LDH2 family malate/lactate/ureidoglycolate dehydrogenase		
A0ACG2U8H7	unreviewed	Pseudarthrobacter sulfonivorans	LDH2 family malate/lactate/ureidoglycolate dehydrogenase		
A0ACG2UZC4	unreviewed	Achromobacter deleyi	LDH2 family malate/lactate/ureidoglycolate dehydrogenase		
A0ACG2V0G7	unreviewed	Achromobacter deleyi	LDH2 family malate/lactate/ureidoglycolate dehydrogenase		
A0ACG2V3A2	unreviewed	Achromobacter deleyi	Ureidoglycolate dehydrogenase (NAD+) (EC 1.1.1.350)	1.1.1.350	
A0ACG2WL50	unreviewed	Variovorax guangxiensis	LDH2 family malate/lactate/ureidoglycolate dehydrogenase		
A0ACG2X0W3	unreviewed	Variovorax guangxiensis	LDH2 family malate/lactate/ureidoglycolate dehydrogenase		
A0ACG2X2C4	unreviewed	Variovorax guangxiensis	LDH2 family malate/lactate/ureidoglycolate dehydrogenase		
A0ACG3KM35	unreviewed	Methylobacterium mesophilicum	Malate/lactate/ureidoglycolate dehydrogenase		
A0ACG3X6J7	unreviewed	Peribacillus frigoritolerans	Ureidoglycolate dehydrogenase (EC 1.1.1.154)	1.1.1.154	
A0ACG4YVB3	unreviewed	Cupriavidus necator (Alcaligenes eutrophus) (Ralstonia eutropha)	Malate/lactate/ureidoglycolate dehydrogenase		
A0ACG4ZKD1	unreviewed	Paraburkholderia mimosarum	Malate/lactate/ureidoglycolate dehydrogenase		
A0ACG7VDI1	unreviewed	Lysinibacillus fusiformis	Ureidoglycolate dehydrogenase (EC 1.1.1.154)	1.1.1.154	
A0ACG8BIW9	unreviewed	Methylobacterium aquaticum	Malate/lactate/ureidoglycolate dehydrogenase		
A0ACG9A8R2	unreviewed	Tritonibacter mobilis	Malate/lactate/ureidoglycolate dehydrogenase, LDH2 family		
A0ACG9AKA7	unreviewed	Lysinibacillus fusiformis	Ureidoglycolate dehydrogenase (NAD+)		
A0ACG9DGA4	unreviewed	Bradyrhizobium lablabi	Malate/lactate/ureidoglycolate dehydrogenase, LDH2 family		
A0ACH0D7S3	unreviewed	Bradyrhizobium arachidis	Malate/lactate/ureidoglycolate dehydrogenase		
A0ACH0DVR3	unreviewed	Bradyrhizobium arachidis	Malate/lactate/ureidoglycolate dehydrogenase		
A0ACH1YZG9	unreviewed	Pectobacterium colocasium	Malate/lactate/ureidoglycolate dehydrogenase		
A0ACH1Z1I7	unreviewed	Pectobacterium colocasium	Malate/lactate/ureidoglycolate dehydrogenase		
A0ACH2GXN6	unreviewed	Bradyrhizobium lupini (Rhizobium lupini)	Malate/lactate/ureidoglycolate dehydrogenase		
A0ACH2PPS4	unreviewed	Sporomusa paucivorans	Ureidoglycolate dehydrogenase (NAD(+)) (EC 1.1.1.350)	1.1.1.350	
A0ACH2Q1C3	unreviewed	Sporomusa rhizae	Ureidoglycolate dehydrogenase (NAD(+)) (EC 1.1.1.350)	1.1.1.350	
A0ACH2QMI7	unreviewed	Sporomusa aerivorans	Ureidoglycolate dehydrogenase (NAD(+)) (EC 1.1.1.350)	1.1.1.350	
A0ACH3CBY5	unreviewed	Cupriavidus pauculus	Malate/lactate/ureidoglycolate dehydrogenase		
A0ACH3D3X6	unreviewed	Chryseomicrobium aureum	Ureidoglycolate dehydrogenase (EC 1.1.1.154)	1.1.1.154	
A0ACH3N8A7	unreviewed	Pantoea phytostimulans	Malate/lactate/ureidoglycolate dehydrogenase		
A0ACH3V4N0	unreviewed	Mannheimia glucosida	Ureidoglycolate dehydrogenase (EC 1.1.1.154)	1.1.1.154	
A0ACH3VZP6	unreviewed	Helcococcus ovis	Ureidoglycolate dehydrogenase (EC 1.1.1.154)	1.1.1.154	
A0ACH4CHT4	unreviewed	Brevibacillus laterosporus (Bacillus laterosporus)	Ureidoglycolate dehydrogenase (EC 1.1.1.154)	1.1.1.154	
A0ACH4CI00	unreviewed	Brevibacillus laterosporus (Bacillus laterosporus)	Ureidoglycolate dehydrogenase (EC 1.1.1.154)	1.1.1.154	
A0ACH4E382	unreviewed	Shigella boydii	Malate/lactate/ureidoglycolate dehydrogenase		
A0ACH4EQJ6	unreviewed	Variovorax paradoxus NBRC 15149	Malate/lactate/ureidoglycolate dehydrogenase		
A0ACN3KLW9	unreviewed	Variovorax fucosicus	Malate/lactate/ureidoglycolate dehydrogenase		
A0ACN3LAR0	unreviewed	Methylobacterium amylolyticum	Malate/lactate/ureidoglycolate dehydrogenase		
A0ACN3MAN8	unreviewed	Peribacillus frigoritolerans	Ureidoglycolate dehydrogenase (EC 1.1.1.154)	1.1.1.154	
A0ACN4K8X1	unreviewed	Vreelandella neptunia	LDH2 family malate/lactate/ureidoglycolate dehydrogenase		
A7ZIS5	unreviewed	Escherichia coli O139:H28 (strain E24377A / ETEC)	Ureidoglycolate dehydrogenase (EC 1.1.1.154)	1.1.1.154	
A8AI92	unreviewed	Citrobacter koseri (strain ATCC BAA-895 / CDC 4225-83 / SGSC4696)	Malate/lactate/ureidoglycolate dehydrogenase		
B4EV95	unreviewed	Proteus mirabilis (strain HI4320)	Ureidoglycolate dehydrogenase (EC 1.1.1.154)	1.1.1.154	
B7L7E4	unreviewed	Escherichia coli (strain 55989 / EAEC)	Ureidoglycolate dehydrogenase (EC 1.1.1.154)	1.1.1.154	
B7LPY7	unreviewed	Escherichia fergusonii (strain ATCC 35469 / DSM 13698 / CCUG 18766 / IAM 14443 / JCM 21226 / LMG 7866 / NBRC 102419 / NCTC 12128 / CDC 0568-73)	Ureidoglycolate dehydrogenase (EC 1.1.1.154)	1.1.1.154	
B7MA82	unreviewed	Escherichia coli O45:K1 (strain S88 / ExPEC)	Ureidoglycolate dehydrogenase (EC 1.1.1.154)	1.1.1.154	
B7ME39	unreviewed	Escherichia coli O45:K1 (strain S88 / ExPEC)	Ureidoglycolate dehydrogenase (EC 1.1.1.154)	1.1.1.154	
B7UKJ4	unreviewed	Escherichia coli O127:H6 (strain E2348/69 / EPEC)	Ureidoglycolate dehydrogenase		
B9DKI7	unreviewed	Staphylococcus carnosus (strain TM300)	Ureidoglycolate dehydrogenase (EC 1.1.1.154)	1.1.1.154	
B9DKI8	unreviewed	Staphylococcus carnosus (strain TM300)	Ureidoglycolate dehydrogenase (EC 1.1.1.154)	1.1.1.154	
C0C3K2	unreviewed	[Clostridium] hylemonae DSM 15053	Ureidoglycolate dehydrogenase (EC 1.1.1.154)	1.1.1.154	
C0CRX3	unreviewed	Blautia hydrogenotrophica (strain DSM 10507 / JCM 14656 / S5a33) (Ruminococcus hydrogenotrophicus)	Ureidoglycolate dehydrogenase		
C6PUH6	unreviewed	Clostridium carboxidivorans P7	Ureidoglycolate dehydrogenase		
C9A635	unreviewed	Enterococcus casseliflavus EC20	Ureidoglycolate dehydrogenase		
C9A653	unreviewed	Enterococcus casseliflavus EC20	Ureidoglycolate dehydrogenase		
D0GM00	unreviewed	Pseudoleptotrichia goodfellowii F0264	Ureidoglycolate dehydrogenase (EC 1.1.1.154)	1.1.1.154	
D2TR44	unreviewed	Citrobacter rodentium (strain ICC168) (Citrobacter freundii biotype 4280)	Ureidoglycolate dehydrogenase (EC 1.1.1.154)	1.1.1.154	
D3TMM0	unreviewed	Glossina morsitans morsitans (Savannah tsetse fly)	Ureidoglycolate dehydrogenase		
D8IDG4	unreviewed	Brachyspira pilosicoli (strain ATCC BAA-1826 / 95/1000)	Ureidoglycolate dehydrogenase		
E1QWI3	unreviewed	Olsenella uli (strain ATCC 49627 / DSM 7084 / CCUG 31166 / CIP 109912 / JCM 12494 / LMG 11480 / NCIMB 702895 / VPI D76D-27C) (Lactobacillus uli)	Ureidoglycolate dehydrogenase (EC 1.1.1.154)	1.1.1.154	
F2N955	unreviewed	Coriobacterium glomerans (strain ATCC 49209 / DSM 20642 / JCM 10262 / PW2)	Ureidoglycolate dehydrogenase (EC 1.1.1.154)	1.1.1.154	
G4NRW7	unreviewed	Bacillus spizizenii (strain DSM 15029 / JCM 12233 / NBRC 101239 / NRRL B-23049 / TU-B-10) (Bacillus subtilis subsp. spizizenii)	Ureidoglycolate dehydrogenase (EC 1.1.1.154)	1.1.1.154	
G5JLX7	unreviewed	Staphylococcus simiae CCM 7213 = CCUG 51256	Ureidoglycolate dehydrogenase		
G5JLX8	unreviewed	Staphylococcus simiae CCM 7213 = CCUG 51256	Ureidoglycolate dehydrogenase		
H2IR65	unreviewed	Rahnella aquatilis (strain ATCC 33071 / DSM 4594 / JCM 1683 / NBRC 105701 / NCIMB 13365 / CIP 78.65)	Ureidoglycolate dehydrogenase		
H3SDH4	unreviewed	Paenibacillus dendritiformis C454	Ureidoglycolate dehydrogenase		
H6C1G0	unreviewed	Exophiala dermatitidis (strain ATCC 34100 / CBS 525.76 / NIH/UT8656) (Black yeast) (Wangiella dermatitidis)	Ureidoglycolate dehydrogenase		
K1KWQ9	unreviewed	Cecembia lonarensis (strain CCUG 58316 / KCTC 22772 / LW9)	Ureidoglycolate dehydrogenase (EC 1.1.1.154)	1.1.1.154	
K8E416	unreviewed	Carnobacterium maltaromaticum LMA28	Ureidoglycolate dehydrogenase (EC 1.1.1.154)	1.1.1.154	
K8EEZ0	unreviewed	Bathycoccus prasinos	Ureidoglycolate dehydrogenase		
K8ERI2	unreviewed	Carnobacterium maltaromaticum LMA28	Ureidoglycolate dehydrogenase (EC 1.1.1.154)	1.1.1.154	
K8PU83	unreviewed	Afipia broomeae ATCC 49717	Malate/lactate/ureidoglycolate dehydrogenase		
K8PWF5	unreviewed	Afipia clevelandensis ATCC 49720	Malate/lactate/ureidoglycolate dehydrogenase		
M0ACT2	unreviewed	Natrialba taiwanensis DSM 12281	Ureidoglycolate dehydrogenase		
M0B569	unreviewed	Natrialba asiatica (strain ATCC 700177 / DSM 12278 / JCM 9576 / FERM P-10747 / NBRC 102637 / 172P1)	Ureidoglycolate dehydrogenase		
M7NHB0	unreviewed	Bhargavaea cecembensis DSE10	Ureidoglycolate dehydrogenase (EC 1.1.1.154)	1.1.1.154	
Q5E5E9	unreviewed	Aliivibrio fischeri (strain ATCC 700601 / ES114) (Vibrio fischeri)	Ureidoglycolate dehydrogenase (EC 1.1.1.37, EC 1.1.1.82)	1.1.1.37; 1.1.1.82	
Q5WAN1	unreviewed	Shouchella clausii (strain KSM-K16) (Alkalihalobacillus clausii)	Ureidoglycolate dehydrogenase (EC 1.1.1.154)	1.1.1.154	
Q65LM6	unreviewed	Bacillus licheniformis (strain ATCC 14580 / DSM 13 / JCM 2505 / CCUG 7422 / NBRC 12200 / NCIMB 9375 / NCTC 10341 / NRRL NRS-1264 / Gibson 46)	Ureidoglycolate dehydrogenase		
Q65LM7	unreviewed	Bacillus licheniformis (strain ATCC 14580 / DSM 13 / JCM 2505 / CCUG 7422 / NBRC 12200 / NCIMB 9375 / NCTC 10341 / NRRL NRS-1264 / Gibson 46)	Ureidoglycolate dehydrogenase		
Q6N3D8	unreviewed	Rhodopseudomonas palustris (strain ATCC BAA-98 / CGA009)	Malate/lactate/ureidoglycolate dehydrogenase		
Q765Q9	unreviewed	Klebsiella pneumoniae	Ureidoglycolate dehydrogenase		
Q838P9	unreviewed	Enterococcus faecalis (strain ATCC 700802 / V583)	Ureidoglycolate dehydrogenase		
Q8Z8Q4	unreviewed	Salmonella typhi	Ureidoglycolate dehydrogenase		
Q8ZR76	unreviewed	Salmonella typhimurium (strain LT2 / SGSC1412 / ATCC 700720)	Ureidoglycolate dehydrogenase		
R0C2I1	unreviewed	Enterocloster bolteae 90A9	Ureidoglycolate dehydrogenase		
R1GPF9	unreviewed	Grimontia indica	Ureidoglycolate dehydrogenase		
R2QTQ9	unreviewed	Enterococcus haemoperoxidus ATCC BAA-382	Ureidoglycolate dehydrogenase		
R2SL60	unreviewed	Enterococcus pallens ATCC BAA-351	Ureidoglycolate dehydrogenase		
R2ST39	unreviewed	Enterococcus moraviensis ATCC BAA-383	Ureidoglycolate dehydrogenase		
R2T037	unreviewed	Enterococcus moraviensis ATCC BAA-383	Ureidoglycolate dehydrogenase		
R2T4K2	unreviewed	Enterococcus haemoperoxidus ATCC BAA-382	Ureidoglycolate dehydrogenase		
R2XWY8	unreviewed	Enterococcus gilvus ATCC BAA-350	Ureidoglycolate dehydrogenase		
R2Y9M4	unreviewed	Enterococcus gilvus ATCC BAA-350	Ureidoglycolate dehydrogenase		
R3TJZ8	unreviewed	Enterococcus phoeniculicola ATCC BAA-412	Ureidoglycolate dehydrogenase		
R3TPF0	unreviewed	Enterococcus caccae ATCC BAA-1240	Ureidoglycolate dehydrogenase		
R3W5R9	unreviewed	Enterococcus caccae ATCC BAA-1240	Ureidoglycolate dehydrogenase		
S0NIS1	unreviewed	Enterococcus saccharolyticus subsp. saccharolyticus ATCC 43076	Ureidoglycolate dehydrogenase		
S9QNN8	unreviewed	Litoreibacter arenae DSM 19593	Ureidoglycolate dehydrogenase (EC 1.1.1.154)	1.1.1.154	
S9R053	unreviewed	Salipiger mucosus DSM 16094	Ureidoglycolate dehydrogenase (EC 1.1.1.154)	1.1.1.154	
U2VCA9	unreviewed	Olsenella profusa F0195	Ureidoglycolate dehydrogenase (EC 1.1.1.154)	1.1.1.154	
U6SHT8	unreviewed	Alkalihalophilus marmarensis DSM 21297	Malate/lactate/ureidoglycolate dehydrogenase, LDH2 family		
U6SLV6	unreviewed	Alkalihalophilus marmarensis DSM 21297	Ureidoglycolate dehydrogenase (NAD+)		
V4QVD8	unreviewed	Lutibaculum baratangense AMV1	Ureidoglycolate dehydrogenase (EC 1.1.1.154)	1.1.1.154	
V5WG62	unreviewed	Salinispira pacifica	Ureidoglycolate dehydrogenase (EC 1.1.1.154)	1.1.1.154	
W0LBP9	unreviewed	Chania multitudinisentens RB-25	Ureidoglycolate dehydrogenase		
W0QD88	unreviewed	Mannheimia varigena USDA-ARS-USMARC-1296	Ureidoglycolate dehydrogenase		
W4GLL1	unreviewed	Aphanomyces astaci (Crayfish plague agent)	Ureidoglycolate dehydrogenase		
W7BA73	unreviewed	Listeria grandensis FSL F6-0971	Ureidoglycolate dehydrogenase		
W7BV56	unreviewed	Listeria grandensis FSL F6-0971	Ureidoglycolate dehydrogenase		
W7C6I8	unreviewed	Listeria cornellensis FSL F6-0969	Ureidoglycolate dehydrogenase		
W7CA92	unreviewed	Listeria cornellensis FSL F6-0969	Ureidoglycolate dehydrogenase		
W7D923	unreviewed	Paenilisteria riparia FSL S10-1204	Ureidoglycolate dehydrogenase		
W7DDF7	unreviewed	Paenilisteria riparia FSL S10-1204	Ureidoglycolate dehydrogenase		
W7U3V9	unreviewed	Nannochloropsis gaditana	Ureidoglycolate dehydrogenase		
X0PI84	unreviewed	Lentilactobacillus farraginis DSM 18382 = JCM 14108	Ureidoglycolate dehydrogenase		
